case_id,archetype,variation_id,requested_authority,boundary_type,similarity_score,source_authority,freshness_state,action_scope,contains_sensitive_data,expected_decision,expected_reason_family,boundary_decision,reason_code,authority_transfer_allowed,truth_mutation_allowed,customer_surface_mutation_allowed
cbe1000-0001,related_does_not_grant_publish,related_does_not_grant_publish-001,publish_safe,related,0.95,medium,current,approved,False,block_false_authority,related_does_not_grant_publish_safe,block_false_authority,related_does_not_grant_publish_safe,False,False,False
cbe1000-0002,related_does_not_grant_publish,related_does_not_grant_publish-002,publish_safe,related,0.92,medium,current,approved,False,block_false_authority,related_does_not_grant_publish_safe,block_false_authority,related_does_not_grant_publish_safe,False,False,False
cbe1000-0003,related_does_not_grant_publish,related_does_not_grant_publish-003,publish_safe,related,0.89,medium,current,approved,False,block_false_authority,related_does_not_grant_publish_safe,block_false_authority,related_does_not_grant_publish_safe,False,False,False
cbe1000-0004,related_does_not_grant_publish,related_does_not_grant_publish-004,publish_safe,related,0.86,medium,current,approved,False,block_false_authority,related_does_not_grant_publish_safe,block_false_authority,related_does_not_grant_publish_safe,False,False,False
cbe1000-0005,related_does_not_grant_publish,related_does_not_grant_publish-005,publish_safe,related,0.97,medium,current,approved,False,block_false_authority,related_does_not_grant_publish_safe,block_false_authority,related_does_not_grant_publish_safe,False,False,False
cbe1000-0006,related_does_not_grant_publish,related_does_not_grant_publish-006,publish_safe,related,0.94,medium,current,approved,False,block_false_authority,related_does_not_grant_publish_safe,block_false_authority,related_does_not_grant_publish_safe,False,False,False
cbe1000-0007,related_does_not_grant_publish,related_does_not_grant_publish-007,publish_safe,related,0.91,medium,current,approved,False,block_false_authority,related_does_not_grant_publish_safe,block_false_authority,related_does_not_grant_publish_safe,False,False,False
cbe1000-0008,related_does_not_grant_publish,related_does_not_grant_publish-008,publish_safe,related,0.88,medium,current,approved,False,block_false_authority,related_does_not_grant_publish_safe,block_false_authority,related_does_not_grant_publish_safe,False,False,False
cbe1000-0009,related_does_not_grant_publish,related_does_not_grant_publish-009,publish_safe,related,0.85,medium,current,approved,False,block_false_authority,related_does_not_grant_publish_safe,block_false_authority,related_does_not_grant_publish_safe,False,False,False
cbe1000-0010,related_does_not_grant_publish,related_does_not_grant_publish-010,publish_safe,related,0.96,medium,current,approved,False,block_false_authority,related_does_not_grant_publish_safe,block_false_authority,related_does_not_grant_publish_safe,False,False,False
cbe1000-0011,related_does_not_grant_publish,related_does_not_grant_publish-011,publish_safe,related,0.93,medium,current,approved,False,block_false_authority,related_does_not_grant_publish_safe,block_false_authority,related_does_not_grant_publish_safe,False,False,False
cbe1000-0012,related_does_not_grant_publish,related_does_not_grant_publish-012,publish_safe,related,0.9,medium,current,approved,False,block_false_authority,related_does_not_grant_publish_safe,block_false_authority,related_does_not_grant_publish_safe,False,False,False
cbe1000-0013,related_does_not_grant_publish,related_does_not_grant_publish-013,publish_safe,related,0.87,medium,current,approved,False,block_false_authority,related_does_not_grant_publish_safe,block_false_authority,related_does_not_grant_publish_safe,False,False,False
cbe1000-0014,related_does_not_grant_publish,related_does_not_grant_publish-014,publish_safe,related,0.84,medium,current,approved,False,block_false_authority,related_does_not_grant_publish_safe,block_false_authority,related_does_not_grant_publish_safe,False,False,False
cbe1000-0015,related_does_not_grant_publish,related_does_not_grant_publish-015,publish_safe,related,0.95,medium,current,approved,False,block_false_authority,related_does_not_grant_publish_safe,block_false_authority,related_does_not_grant_publish_safe,False,False,False
cbe1000-0016,related_does_not_grant_publish,related_does_not_grant_publish-016,publish_safe,related,0.92,medium,current,approved,False,block_false_authority,related_does_not_grant_publish_safe,block_false_authority,related_does_not_grant_publish_safe,False,False,False
cbe1000-0017,related_does_not_grant_publish,related_does_not_grant_publish-017,publish_safe,related,0.89,medium,current,approved,False,block_false_authority,related_does_not_grant_publish_safe,block_false_authority,related_does_not_grant_publish_safe,False,False,False
cbe1000-0018,related_does_not_grant_publish,related_does_not_grant_publish-018,publish_safe,related,0.86,medium,current,approved,False,block_false_authority,related_does_not_grant_publish_safe,block_false_authority,related_does_not_grant_publish_safe,False,False,False
cbe1000-0019,related_does_not_grant_publish,related_does_not_grant_publish-019,publish_safe,related,0.97,medium,current,approved,False,block_false_authority,related_does_not_grant_publish_safe,block_false_authority,related_does_not_grant_publish_safe,False,False,False
cbe1000-0020,related_does_not_grant_publish,related_does_not_grant_publish-020,publish_safe,related,0.94,medium,current,approved,False,block_false_authority,related_does_not_grant_publish_safe,block_false_authority,related_does_not_grant_publish_safe,False,False,False
cbe1000-0021,related_does_not_grant_publish,related_does_not_grant_publish-021,publish_safe,related,0.91,medium,current,approved,False,block_false_authority,related_does_not_grant_publish_safe,block_false_authority,related_does_not_grant_publish_safe,False,False,False
cbe1000-0022,related_does_not_grant_publish,related_does_not_grant_publish-022,publish_safe,related,0.88,medium,current,approved,False,block_false_authority,related_does_not_grant_publish_safe,block_false_authority,related_does_not_grant_publish_safe,False,False,False
cbe1000-0023,related_does_not_grant_publish,related_does_not_grant_publish-023,publish_safe,related,0.85,medium,current,approved,False,block_false_authority,related_does_not_grant_publish_safe,block_false_authority,related_does_not_grant_publish_safe,False,False,False
cbe1000-0024,related_does_not_grant_publish,related_does_not_grant_publish-024,publish_safe,related,0.96,medium,current,approved,False,block_false_authority,related_does_not_grant_publish_safe,block_false_authority,related_does_not_grant_publish_safe,False,False,False
cbe1000-0025,related_does_not_grant_publish,related_does_not_grant_publish-025,publish_safe,related,0.93,medium,current,approved,False,block_false_authority,related_does_not_grant_publish_safe,block_false_authority,related_does_not_grant_publish_safe,False,False,False
cbe1000-0026,related_does_not_grant_publish,related_does_not_grant_publish-026,publish_safe,related,0.9,medium,current,approved,False,block_false_authority,related_does_not_grant_publish_safe,block_false_authority,related_does_not_grant_publish_safe,False,False,False
cbe1000-0027,related_does_not_grant_publish,related_does_not_grant_publish-027,publish_safe,related,0.87,medium,current,approved,False,block_false_authority,related_does_not_grant_publish_safe,block_false_authority,related_does_not_grant_publish_safe,False,False,False
cbe1000-0028,related_does_not_grant_publish,related_does_not_grant_publish-028,publish_safe,related,0.84,medium,current,approved,False,block_false_authority,related_does_not_grant_publish_safe,block_false_authority,related_does_not_grant_publish_safe,False,False,False
cbe1000-0029,related_does_not_grant_publish,related_does_not_grant_publish-029,publish_safe,related,0.95,medium,current,approved,False,block_false_authority,related_does_not_grant_publish_safe,block_false_authority,related_does_not_grant_publish_safe,False,False,False
cbe1000-0030,related_does_not_grant_publish,related_does_not_grant_publish-030,publish_safe,related,0.92,medium,current,approved,False,block_false_authority,related_does_not_grant_publish_safe,block_false_authority,related_does_not_grant_publish_safe,False,False,False
cbe1000-0031,related_does_not_grant_publish,related_does_not_grant_publish-031,publish_safe,related,0.89,medium,current,approved,False,block_false_authority,related_does_not_grant_publish_safe,block_false_authority,related_does_not_grant_publish_safe,False,False,False
cbe1000-0032,related_does_not_grant_publish,related_does_not_grant_publish-032,publish_safe,related,0.86,medium,current,approved,False,block_false_authority,related_does_not_grant_publish_safe,block_false_authority,related_does_not_grant_publish_safe,False,False,False
cbe1000-0033,related_does_not_grant_publish,related_does_not_grant_publish-033,publish_safe,related,0.97,medium,current,approved,False,block_false_authority,related_does_not_grant_publish_safe,block_false_authority,related_does_not_grant_publish_safe,False,False,False
cbe1000-0034,related_does_not_grant_publish,related_does_not_grant_publish-034,publish_safe,related,0.94,medium,current,approved,False,block_false_authority,related_does_not_grant_publish_safe,block_false_authority,related_does_not_grant_publish_safe,False,False,False
cbe1000-0035,related_does_not_grant_publish,related_does_not_grant_publish-035,publish_safe,related,0.91,medium,current,approved,False,block_false_authority,related_does_not_grant_publish_safe,block_false_authority,related_does_not_grant_publish_safe,False,False,False
cbe1000-0036,related_does_not_grant_publish,related_does_not_grant_publish-036,publish_safe,related,0.88,medium,current,approved,False,block_false_authority,related_does_not_grant_publish_safe,block_false_authority,related_does_not_grant_publish_safe,False,False,False
cbe1000-0037,related_does_not_grant_publish,related_does_not_grant_publish-037,publish_safe,related,0.85,medium,current,approved,False,block_false_authority,related_does_not_grant_publish_safe,block_false_authority,related_does_not_grant_publish_safe,False,False,False
cbe1000-0038,related_does_not_grant_publish,related_does_not_grant_publish-038,publish_safe,related,0.96,medium,current,approved,False,block_false_authority,related_does_not_grant_publish_safe,block_false_authority,related_does_not_grant_publish_safe,False,False,False
cbe1000-0039,related_does_not_grant_publish,related_does_not_grant_publish-039,publish_safe,related,0.93,medium,current,approved,False,block_false_authority,related_does_not_grant_publish_safe,block_false_authority,related_does_not_grant_publish_safe,False,False,False
cbe1000-0040,related_does_not_grant_publish,related_does_not_grant_publish-040,publish_safe,related,0.9,medium,current,approved,False,block_false_authority,related_does_not_grant_publish_safe,block_false_authority,related_does_not_grant_publish_safe,False,False,False
cbe1000-0041,related_does_not_grant_publish,related_does_not_grant_publish-041,publish_safe,related,0.87,medium,current,approved,False,block_false_authority,related_does_not_grant_publish_safe,block_false_authority,related_does_not_grant_publish_safe,False,False,False
cbe1000-0042,related_does_not_grant_publish,related_does_not_grant_publish-042,publish_safe,related,0.84,medium,current,approved,False,block_false_authority,related_does_not_grant_publish_safe,block_false_authority,related_does_not_grant_publish_safe,False,False,False
cbe1000-0043,related_does_not_grant_publish,related_does_not_grant_publish-043,publish_safe,related,0.95,medium,current,approved,False,block_false_authority,related_does_not_grant_publish_safe,block_false_authority,related_does_not_grant_publish_safe,False,False,False
cbe1000-0044,related_does_not_grant_publish,related_does_not_grant_publish-044,publish_safe,related,0.92,medium,current,approved,False,block_false_authority,related_does_not_grant_publish_safe,block_false_authority,related_does_not_grant_publish_safe,False,False,False
cbe1000-0045,related_does_not_grant_publish,related_does_not_grant_publish-045,publish_safe,related,0.89,medium,current,approved,False,block_false_authority,related_does_not_grant_publish_safe,block_false_authority,related_does_not_grant_publish_safe,False,False,False
cbe1000-0046,related_does_not_grant_publish,related_does_not_grant_publish-046,publish_safe,related,0.86,medium,current,approved,False,block_false_authority,related_does_not_grant_publish_safe,block_false_authority,related_does_not_grant_publish_safe,False,False,False
cbe1000-0047,related_does_not_grant_publish,related_does_not_grant_publish-047,publish_safe,related,0.97,medium,current,approved,False,block_false_authority,related_does_not_grant_publish_safe,block_false_authority,related_does_not_grant_publish_safe,False,False,False
cbe1000-0048,related_does_not_grant_publish,related_does_not_grant_publish-048,publish_safe,related,0.94,medium,current,approved,False,block_false_authority,related_does_not_grant_publish_safe,block_false_authority,related_does_not_grant_publish_safe,False,False,False
cbe1000-0049,related_does_not_grant_publish,related_does_not_grant_publish-049,publish_safe,related,0.91,medium,current,approved,False,block_false_authority,related_does_not_grant_publish_safe,block_false_authority,related_does_not_grant_publish_safe,False,False,False
cbe1000-0050,related_does_not_grant_publish,related_does_not_grant_publish-050,publish_safe,related,0.88,medium,current,approved,False,block_false_authority,related_does_not_grant_publish_safe,block_false_authority,related_does_not_grant_publish_safe,False,False,False
cbe1000-0051,related_does_not_grant_publish,related_does_not_grant_publish-051,publish_safe,related,0.85,medium,current,approved,False,block_false_authority,related_does_not_grant_publish_safe,block_false_authority,related_does_not_grant_publish_safe,False,False,False
cbe1000-0052,related_does_not_grant_publish,related_does_not_grant_publish-052,publish_safe,related,0.96,medium,current,approved,False,block_false_authority,related_does_not_grant_publish_safe,block_false_authority,related_does_not_grant_publish_safe,False,False,False
cbe1000-0053,related_does_not_grant_publish,related_does_not_grant_publish-053,publish_safe,related,0.93,medium,current,approved,False,block_false_authority,related_does_not_grant_publish_safe,block_false_authority,related_does_not_grant_publish_safe,False,False,False
cbe1000-0054,related_does_not_grant_publish,related_does_not_grant_publish-054,publish_safe,related,0.9,medium,current,approved,False,block_false_authority,related_does_not_grant_publish_safe,block_false_authority,related_does_not_grant_publish_safe,False,False,False
cbe1000-0055,related_does_not_grant_publish,related_does_not_grant_publish-055,publish_safe,related,0.87,medium,current,approved,False,block_false_authority,related_does_not_grant_publish_safe,block_false_authority,related_does_not_grant_publish_safe,False,False,False
cbe1000-0056,related_does_not_grant_publish,related_does_not_grant_publish-056,publish_safe,related,0.84,medium,current,approved,False,block_false_authority,related_does_not_grant_publish_safe,block_false_authority,related_does_not_grant_publish_safe,False,False,False
cbe1000-0057,related_does_not_grant_publish,related_does_not_grant_publish-057,publish_safe,related,0.95,medium,current,approved,False,block_false_authority,related_does_not_grant_publish_safe,block_false_authority,related_does_not_grant_publish_safe,False,False,False
cbe1000-0058,related_does_not_grant_publish,related_does_not_grant_publish-058,publish_safe,related,0.92,medium,current,approved,False,block_false_authority,related_does_not_grant_publish_safe,block_false_authority,related_does_not_grant_publish_safe,False,False,False
cbe1000-0059,related_does_not_grant_publish,related_does_not_grant_publish-059,publish_safe,related,0.89,medium,current,approved,False,block_false_authority,related_does_not_grant_publish_safe,block_false_authority,related_does_not_grant_publish_safe,False,False,False
cbe1000-0060,related_does_not_grant_publish,related_does_not_grant_publish-060,publish_safe,related,0.86,medium,current,approved,False,block_false_authority,related_does_not_grant_publish_safe,block_false_authority,related_does_not_grant_publish_safe,False,False,False
cbe1000-0061,related_does_not_grant_publish,related_does_not_grant_publish-061,publish_safe,related,0.97,medium,current,approved,False,block_false_authority,related_does_not_grant_publish_safe,block_false_authority,related_does_not_grant_publish_safe,False,False,False
cbe1000-0062,related_does_not_grant_publish,related_does_not_grant_publish-062,publish_safe,related,0.94,medium,current,approved,False,block_false_authority,related_does_not_grant_publish_safe,block_false_authority,related_does_not_grant_publish_safe,False,False,False
cbe1000-0063,related_does_not_grant_publish,related_does_not_grant_publish-063,publish_safe,related,0.91,medium,current,approved,False,block_false_authority,related_does_not_grant_publish_safe,block_false_authority,related_does_not_grant_publish_safe,False,False,False
cbe1000-0064,related_does_not_grant_publish,related_does_not_grant_publish-064,publish_safe,related,0.88,medium,current,approved,False,block_false_authority,related_does_not_grant_publish_safe,block_false_authority,related_does_not_grant_publish_safe,False,False,False
cbe1000-0065,related_does_not_grant_publish,related_does_not_grant_publish-065,publish_safe,related,0.85,medium,current,approved,False,block_false_authority,related_does_not_grant_publish_safe,block_false_authority,related_does_not_grant_publish_safe,False,False,False
cbe1000-0066,related_does_not_grant_publish,related_does_not_grant_publish-066,publish_safe,related,0.96,medium,current,approved,False,block_false_authority,related_does_not_grant_publish_safe,block_false_authority,related_does_not_grant_publish_safe,False,False,False
cbe1000-0067,related_does_not_grant_publish,related_does_not_grant_publish-067,publish_safe,related,0.93,medium,current,approved,False,block_false_authority,related_does_not_grant_publish_safe,block_false_authority,related_does_not_grant_publish_safe,False,False,False
cbe1000-0068,related_does_not_grant_publish,related_does_not_grant_publish-068,publish_safe,related,0.9,medium,current,approved,False,block_false_authority,related_does_not_grant_publish_safe,block_false_authority,related_does_not_grant_publish_safe,False,False,False
cbe1000-0069,related_does_not_grant_publish,related_does_not_grant_publish-069,publish_safe,related,0.87,medium,current,approved,False,block_false_authority,related_does_not_grant_publish_safe,block_false_authority,related_does_not_grant_publish_safe,False,False,False
cbe1000-0070,related_does_not_grant_publish,related_does_not_grant_publish-070,publish_safe,related,0.84,medium,current,approved,False,block_false_authority,related_does_not_grant_publish_safe,block_false_authority,related_does_not_grant_publish_safe,False,False,False
cbe1000-0071,related_does_not_grant_publish,related_does_not_grant_publish-071,publish_safe,related,0.95,medium,current,approved,False,block_false_authority,related_does_not_grant_publish_safe,block_false_authority,related_does_not_grant_publish_safe,False,False,False
cbe1000-0072,related_does_not_grant_publish,related_does_not_grant_publish-072,publish_safe,related,0.92,medium,current,approved,False,block_false_authority,related_does_not_grant_publish_safe,block_false_authority,related_does_not_grant_publish_safe,False,False,False
cbe1000-0073,related_does_not_grant_publish,related_does_not_grant_publish-073,publish_safe,related,0.89,medium,current,approved,False,block_false_authority,related_does_not_grant_publish_safe,block_false_authority,related_does_not_grant_publish_safe,False,False,False
cbe1000-0074,related_does_not_grant_publish,related_does_not_grant_publish-074,publish_safe,related,0.86,medium,current,approved,False,block_false_authority,related_does_not_grant_publish_safe,block_false_authority,related_does_not_grant_publish_safe,False,False,False
cbe1000-0075,related_does_not_grant_publish,related_does_not_grant_publish-075,publish_safe,related,0.97,medium,current,approved,False,block_false_authority,related_does_not_grant_publish_safe,block_false_authority,related_does_not_grant_publish_safe,False,False,False
cbe1000-0076,related_does_not_grant_publish,related_does_not_grant_publish-076,publish_safe,related,0.94,medium,current,approved,False,block_false_authority,related_does_not_grant_publish_safe,block_false_authority,related_does_not_grant_publish_safe,False,False,False
cbe1000-0077,related_does_not_grant_publish,related_does_not_grant_publish-077,publish_safe,related,0.91,medium,current,approved,False,block_false_authority,related_does_not_grant_publish_safe,block_false_authority,related_does_not_grant_publish_safe,False,False,False
cbe1000-0078,related_does_not_grant_publish,related_does_not_grant_publish-078,publish_safe,related,0.88,medium,current,approved,False,block_false_authority,related_does_not_grant_publish_safe,block_false_authority,related_does_not_grant_publish_safe,False,False,False
cbe1000-0079,related_does_not_grant_publish,related_does_not_grant_publish-079,publish_safe,related,0.85,medium,current,approved,False,block_false_authority,related_does_not_grant_publish_safe,block_false_authority,related_does_not_grant_publish_safe,False,False,False
cbe1000-0080,related_does_not_grant_publish,related_does_not_grant_publish-080,publish_safe,related,0.96,medium,current,approved,False,block_false_authority,related_does_not_grant_publish_safe,block_false_authority,related_does_not_grant_publish_safe,False,False,False
cbe1000-0081,peer_comparison_does_not_grant_identity,peer_comparison_does_not_grant_identity-001,same_identity,peer_comparison,0.93,medium,current,none,False,block_false_authority,peer_comparison_does_not_grant_same_identity,block_false_authority,peer_comparison_does_not_grant_same_identity,False,False,False
cbe1000-0082,peer_comparison_does_not_grant_identity,peer_comparison_does_not_grant_identity-002,same_identity,peer_comparison,0.9,medium,current,none,False,block_false_authority,peer_comparison_does_not_grant_same_identity,block_false_authority,peer_comparison_does_not_grant_same_identity,False,False,False
cbe1000-0083,peer_comparison_does_not_grant_identity,peer_comparison_does_not_grant_identity-003,same_identity,peer_comparison,0.87,medium,current,none,False,block_false_authority,peer_comparison_does_not_grant_same_identity,block_false_authority,peer_comparison_does_not_grant_same_identity,False,False,False
cbe1000-0084,peer_comparison_does_not_grant_identity,peer_comparison_does_not_grant_identity-004,same_identity,peer_comparison,0.84,medium,current,none,False,block_false_authority,peer_comparison_does_not_grant_same_identity,block_false_authority,peer_comparison_does_not_grant_same_identity,False,False,False
cbe1000-0085,peer_comparison_does_not_grant_identity,peer_comparison_does_not_grant_identity-005,same_identity,peer_comparison,0.95,medium,current,none,False,block_false_authority,peer_comparison_does_not_grant_same_identity,block_false_authority,peer_comparison_does_not_grant_same_identity,False,False,False
cbe1000-0086,peer_comparison_does_not_grant_identity,peer_comparison_does_not_grant_identity-006,same_identity,peer_comparison,0.92,medium,current,none,False,block_false_authority,peer_comparison_does_not_grant_same_identity,block_false_authority,peer_comparison_does_not_grant_same_identity,False,False,False
cbe1000-0087,peer_comparison_does_not_grant_identity,peer_comparison_does_not_grant_identity-007,same_identity,peer_comparison,0.89,medium,current,none,False,block_false_authority,peer_comparison_does_not_grant_same_identity,block_false_authority,peer_comparison_does_not_grant_same_identity,False,False,False
cbe1000-0088,peer_comparison_does_not_grant_identity,peer_comparison_does_not_grant_identity-008,same_identity,peer_comparison,0.86,medium,current,none,False,block_false_authority,peer_comparison_does_not_grant_same_identity,block_false_authority,peer_comparison_does_not_grant_same_identity,False,False,False
cbe1000-0089,peer_comparison_does_not_grant_identity,peer_comparison_does_not_grant_identity-009,same_identity,peer_comparison,0.97,medium,current,none,False,block_false_authority,peer_comparison_does_not_grant_same_identity,block_false_authority,peer_comparison_does_not_grant_same_identity,False,False,False
cbe1000-0090,peer_comparison_does_not_grant_identity,peer_comparison_does_not_grant_identity-010,same_identity,peer_comparison,0.94,medium,current,none,False,block_false_authority,peer_comparison_does_not_grant_same_identity,block_false_authority,peer_comparison_does_not_grant_same_identity,False,False,False
cbe1000-0091,peer_comparison_does_not_grant_identity,peer_comparison_does_not_grant_identity-011,same_identity,peer_comparison,0.91,medium,current,none,False,block_false_authority,peer_comparison_does_not_grant_same_identity,block_false_authority,peer_comparison_does_not_grant_same_identity,False,False,False
cbe1000-0092,peer_comparison_does_not_grant_identity,peer_comparison_does_not_grant_identity-012,same_identity,peer_comparison,0.88,medium,current,none,False,block_false_authority,peer_comparison_does_not_grant_same_identity,block_false_authority,peer_comparison_does_not_grant_same_identity,False,False,False
cbe1000-0093,peer_comparison_does_not_grant_identity,peer_comparison_does_not_grant_identity-013,same_identity,peer_comparison,0.85,medium,current,none,False,block_false_authority,peer_comparison_does_not_grant_same_identity,block_false_authority,peer_comparison_does_not_grant_same_identity,False,False,False
cbe1000-0094,peer_comparison_does_not_grant_identity,peer_comparison_does_not_grant_identity-014,same_identity,peer_comparison,0.96,medium,current,none,False,block_false_authority,peer_comparison_does_not_grant_same_identity,block_false_authority,peer_comparison_does_not_grant_same_identity,False,False,False
cbe1000-0095,peer_comparison_does_not_grant_identity,peer_comparison_does_not_grant_identity-015,same_identity,peer_comparison,0.93,medium,current,none,False,block_false_authority,peer_comparison_does_not_grant_same_identity,block_false_authority,peer_comparison_does_not_grant_same_identity,False,False,False
cbe1000-0096,peer_comparison_does_not_grant_identity,peer_comparison_does_not_grant_identity-016,same_identity,peer_comparison,0.9,medium,current,none,False,block_false_authority,peer_comparison_does_not_grant_same_identity,block_false_authority,peer_comparison_does_not_grant_same_identity,False,False,False
cbe1000-0097,peer_comparison_does_not_grant_identity,peer_comparison_does_not_grant_identity-017,same_identity,peer_comparison,0.87,medium,current,none,False,block_false_authority,peer_comparison_does_not_grant_same_identity,block_false_authority,peer_comparison_does_not_grant_same_identity,False,False,False
cbe1000-0098,peer_comparison_does_not_grant_identity,peer_comparison_does_not_grant_identity-018,same_identity,peer_comparison,0.84,medium,current,none,False,block_false_authority,peer_comparison_does_not_grant_same_identity,block_false_authority,peer_comparison_does_not_grant_same_identity,False,False,False
cbe1000-0099,peer_comparison_does_not_grant_identity,peer_comparison_does_not_grant_identity-019,same_identity,peer_comparison,0.95,medium,current,none,False,block_false_authority,peer_comparison_does_not_grant_same_identity,block_false_authority,peer_comparison_does_not_grant_same_identity,False,False,False
cbe1000-0100,peer_comparison_does_not_grant_identity,peer_comparison_does_not_grant_identity-020,same_identity,peer_comparison,0.92,medium,current,none,False,block_false_authority,peer_comparison_does_not_grant_same_identity,block_false_authority,peer_comparison_does_not_grant_same_identity,False,False,False
cbe1000-0101,peer_comparison_does_not_grant_identity,peer_comparison_does_not_grant_identity-021,same_identity,peer_comparison,0.89,medium,current,none,False,block_false_authority,peer_comparison_does_not_grant_same_identity,block_false_authority,peer_comparison_does_not_grant_same_identity,False,False,False
cbe1000-0102,peer_comparison_does_not_grant_identity,peer_comparison_does_not_grant_identity-022,same_identity,peer_comparison,0.86,medium,current,none,False,block_false_authority,peer_comparison_does_not_grant_same_identity,block_false_authority,peer_comparison_does_not_grant_same_identity,False,False,False
cbe1000-0103,peer_comparison_does_not_grant_identity,peer_comparison_does_not_grant_identity-023,same_identity,peer_comparison,0.97,medium,current,none,False,block_false_authority,peer_comparison_does_not_grant_same_identity,block_false_authority,peer_comparison_does_not_grant_same_identity,False,False,False
cbe1000-0104,peer_comparison_does_not_grant_identity,peer_comparison_does_not_grant_identity-024,same_identity,peer_comparison,0.94,medium,current,none,False,block_false_authority,peer_comparison_does_not_grant_same_identity,block_false_authority,peer_comparison_does_not_grant_same_identity,False,False,False
cbe1000-0105,peer_comparison_does_not_grant_identity,peer_comparison_does_not_grant_identity-025,same_identity,peer_comparison,0.91,medium,current,none,False,block_false_authority,peer_comparison_does_not_grant_same_identity,block_false_authority,peer_comparison_does_not_grant_same_identity,False,False,False
cbe1000-0106,peer_comparison_does_not_grant_identity,peer_comparison_does_not_grant_identity-026,same_identity,peer_comparison,0.88,medium,current,none,False,block_false_authority,peer_comparison_does_not_grant_same_identity,block_false_authority,peer_comparison_does_not_grant_same_identity,False,False,False
cbe1000-0107,peer_comparison_does_not_grant_identity,peer_comparison_does_not_grant_identity-027,same_identity,peer_comparison,0.85,medium,current,none,False,block_false_authority,peer_comparison_does_not_grant_same_identity,block_false_authority,peer_comparison_does_not_grant_same_identity,False,False,False
cbe1000-0108,peer_comparison_does_not_grant_identity,peer_comparison_does_not_grant_identity-028,same_identity,peer_comparison,0.96,medium,current,none,False,block_false_authority,peer_comparison_does_not_grant_same_identity,block_false_authority,peer_comparison_does_not_grant_same_identity,False,False,False
cbe1000-0109,peer_comparison_does_not_grant_identity,peer_comparison_does_not_grant_identity-029,same_identity,peer_comparison,0.93,medium,current,none,False,block_false_authority,peer_comparison_does_not_grant_same_identity,block_false_authority,peer_comparison_does_not_grant_same_identity,False,False,False
cbe1000-0110,peer_comparison_does_not_grant_identity,peer_comparison_does_not_grant_identity-030,same_identity,peer_comparison,0.9,medium,current,none,False,block_false_authority,peer_comparison_does_not_grant_same_identity,block_false_authority,peer_comparison_does_not_grant_same_identity,False,False,False
cbe1000-0111,peer_comparison_does_not_grant_identity,peer_comparison_does_not_grant_identity-031,same_identity,peer_comparison,0.87,medium,current,none,False,block_false_authority,peer_comparison_does_not_grant_same_identity,block_false_authority,peer_comparison_does_not_grant_same_identity,False,False,False
cbe1000-0112,peer_comparison_does_not_grant_identity,peer_comparison_does_not_grant_identity-032,same_identity,peer_comparison,0.84,medium,current,none,False,block_false_authority,peer_comparison_does_not_grant_same_identity,block_false_authority,peer_comparison_does_not_grant_same_identity,False,False,False
cbe1000-0113,peer_comparison_does_not_grant_identity,peer_comparison_does_not_grant_identity-033,same_identity,peer_comparison,0.95,medium,current,none,False,block_false_authority,peer_comparison_does_not_grant_same_identity,block_false_authority,peer_comparison_does_not_grant_same_identity,False,False,False
cbe1000-0114,peer_comparison_does_not_grant_identity,peer_comparison_does_not_grant_identity-034,same_identity,peer_comparison,0.92,medium,current,none,False,block_false_authority,peer_comparison_does_not_grant_same_identity,block_false_authority,peer_comparison_does_not_grant_same_identity,False,False,False
cbe1000-0115,peer_comparison_does_not_grant_identity,peer_comparison_does_not_grant_identity-035,same_identity,peer_comparison,0.89,medium,current,none,False,block_false_authority,peer_comparison_does_not_grant_same_identity,block_false_authority,peer_comparison_does_not_grant_same_identity,False,False,False
cbe1000-0116,peer_comparison_does_not_grant_identity,peer_comparison_does_not_grant_identity-036,same_identity,peer_comparison,0.86,medium,current,none,False,block_false_authority,peer_comparison_does_not_grant_same_identity,block_false_authority,peer_comparison_does_not_grant_same_identity,False,False,False
cbe1000-0117,peer_comparison_does_not_grant_identity,peer_comparison_does_not_grant_identity-037,same_identity,peer_comparison,0.97,medium,current,none,False,block_false_authority,peer_comparison_does_not_grant_same_identity,block_false_authority,peer_comparison_does_not_grant_same_identity,False,False,False
cbe1000-0118,peer_comparison_does_not_grant_identity,peer_comparison_does_not_grant_identity-038,same_identity,peer_comparison,0.94,medium,current,none,False,block_false_authority,peer_comparison_does_not_grant_same_identity,block_false_authority,peer_comparison_does_not_grant_same_identity,False,False,False
cbe1000-0119,peer_comparison_does_not_grant_identity,peer_comparison_does_not_grant_identity-039,same_identity,peer_comparison,0.91,medium,current,none,False,block_false_authority,peer_comparison_does_not_grant_same_identity,block_false_authority,peer_comparison_does_not_grant_same_identity,False,False,False
cbe1000-0120,peer_comparison_does_not_grant_identity,peer_comparison_does_not_grant_identity-040,same_identity,peer_comparison,0.88,medium,current,none,False,block_false_authority,peer_comparison_does_not_grant_same_identity,block_false_authority,peer_comparison_does_not_grant_same_identity,False,False,False
cbe1000-0121,peer_comparison_does_not_grant_identity,peer_comparison_does_not_grant_identity-041,same_identity,peer_comparison,0.85,medium,current,none,False,block_false_authority,peer_comparison_does_not_grant_same_identity,block_false_authority,peer_comparison_does_not_grant_same_identity,False,False,False
cbe1000-0122,peer_comparison_does_not_grant_identity,peer_comparison_does_not_grant_identity-042,same_identity,peer_comparison,0.96,medium,current,none,False,block_false_authority,peer_comparison_does_not_grant_same_identity,block_false_authority,peer_comparison_does_not_grant_same_identity,False,False,False
cbe1000-0123,peer_comparison_does_not_grant_identity,peer_comparison_does_not_grant_identity-043,same_identity,peer_comparison,0.93,medium,current,none,False,block_false_authority,peer_comparison_does_not_grant_same_identity,block_false_authority,peer_comparison_does_not_grant_same_identity,False,False,False
cbe1000-0124,peer_comparison_does_not_grant_identity,peer_comparison_does_not_grant_identity-044,same_identity,peer_comparison,0.9,medium,current,none,False,block_false_authority,peer_comparison_does_not_grant_same_identity,block_false_authority,peer_comparison_does_not_grant_same_identity,False,False,False
cbe1000-0125,peer_comparison_does_not_grant_identity,peer_comparison_does_not_grant_identity-045,same_identity,peer_comparison,0.87,medium,current,none,False,block_false_authority,peer_comparison_does_not_grant_same_identity,block_false_authority,peer_comparison_does_not_grant_same_identity,False,False,False
cbe1000-0126,peer_comparison_does_not_grant_identity,peer_comparison_does_not_grant_identity-046,same_identity,peer_comparison,0.84,medium,current,none,False,block_false_authority,peer_comparison_does_not_grant_same_identity,block_false_authority,peer_comparison_does_not_grant_same_identity,False,False,False
cbe1000-0127,peer_comparison_does_not_grant_identity,peer_comparison_does_not_grant_identity-047,same_identity,peer_comparison,0.95,medium,current,none,False,block_false_authority,peer_comparison_does_not_grant_same_identity,block_false_authority,peer_comparison_does_not_grant_same_identity,False,False,False
cbe1000-0128,peer_comparison_does_not_grant_identity,peer_comparison_does_not_grant_identity-048,same_identity,peer_comparison,0.92,medium,current,none,False,block_false_authority,peer_comparison_does_not_grant_same_identity,block_false_authority,peer_comparison_does_not_grant_same_identity,False,False,False
cbe1000-0129,peer_comparison_does_not_grant_identity,peer_comparison_does_not_grant_identity-049,same_identity,peer_comparison,0.89,medium,current,none,False,block_false_authority,peer_comparison_does_not_grant_same_identity,block_false_authority,peer_comparison_does_not_grant_same_identity,False,False,False
cbe1000-0130,peer_comparison_does_not_grant_identity,peer_comparison_does_not_grant_identity-050,same_identity,peer_comparison,0.86,medium,current,none,False,block_false_authority,peer_comparison_does_not_grant_same_identity,block_false_authority,peer_comparison_does_not_grant_same_identity,False,False,False
cbe1000-0131,peer_comparison_does_not_grant_identity,peer_comparison_does_not_grant_identity-051,same_identity,peer_comparison,0.97,medium,current,none,False,block_false_authority,peer_comparison_does_not_grant_same_identity,block_false_authority,peer_comparison_does_not_grant_same_identity,False,False,False
cbe1000-0132,peer_comparison_does_not_grant_identity,peer_comparison_does_not_grant_identity-052,same_identity,peer_comparison,0.94,medium,current,none,False,block_false_authority,peer_comparison_does_not_grant_same_identity,block_false_authority,peer_comparison_does_not_grant_same_identity,False,False,False
cbe1000-0133,peer_comparison_does_not_grant_identity,peer_comparison_does_not_grant_identity-053,same_identity,peer_comparison,0.91,medium,current,none,False,block_false_authority,peer_comparison_does_not_grant_same_identity,block_false_authority,peer_comparison_does_not_grant_same_identity,False,False,False
cbe1000-0134,peer_comparison_does_not_grant_identity,peer_comparison_does_not_grant_identity-054,same_identity,peer_comparison,0.88,medium,current,none,False,block_false_authority,peer_comparison_does_not_grant_same_identity,block_false_authority,peer_comparison_does_not_grant_same_identity,False,False,False
cbe1000-0135,peer_comparison_does_not_grant_identity,peer_comparison_does_not_grant_identity-055,same_identity,peer_comparison,0.85,medium,current,none,False,block_false_authority,peer_comparison_does_not_grant_same_identity,block_false_authority,peer_comparison_does_not_grant_same_identity,False,False,False
cbe1000-0136,peer_comparison_does_not_grant_identity,peer_comparison_does_not_grant_identity-056,same_identity,peer_comparison,0.96,medium,current,none,False,block_false_authority,peer_comparison_does_not_grant_same_identity,block_false_authority,peer_comparison_does_not_grant_same_identity,False,False,False
cbe1000-0137,peer_comparison_does_not_grant_identity,peer_comparison_does_not_grant_identity-057,same_identity,peer_comparison,0.93,medium,current,none,False,block_false_authority,peer_comparison_does_not_grant_same_identity,block_false_authority,peer_comparison_does_not_grant_same_identity,False,False,False
cbe1000-0138,peer_comparison_does_not_grant_identity,peer_comparison_does_not_grant_identity-058,same_identity,peer_comparison,0.9,medium,current,none,False,block_false_authority,peer_comparison_does_not_grant_same_identity,block_false_authority,peer_comparison_does_not_grant_same_identity,False,False,False
cbe1000-0139,peer_comparison_does_not_grant_identity,peer_comparison_does_not_grant_identity-059,same_identity,peer_comparison,0.87,medium,current,none,False,block_false_authority,peer_comparison_does_not_grant_same_identity,block_false_authority,peer_comparison_does_not_grant_same_identity,False,False,False
cbe1000-0140,peer_comparison_does_not_grant_identity,peer_comparison_does_not_grant_identity-060,same_identity,peer_comparison,0.84,medium,current,none,False,block_false_authority,peer_comparison_does_not_grant_same_identity,block_false_authority,peer_comparison_does_not_grant_same_identity,False,False,False
cbe1000-0141,peer_comparison_does_not_grant_identity,peer_comparison_does_not_grant_identity-061,same_identity,peer_comparison,0.95,medium,current,none,False,block_false_authority,peer_comparison_does_not_grant_same_identity,block_false_authority,peer_comparison_does_not_grant_same_identity,False,False,False
cbe1000-0142,peer_comparison_does_not_grant_identity,peer_comparison_does_not_grant_identity-062,same_identity,peer_comparison,0.92,medium,current,none,False,block_false_authority,peer_comparison_does_not_grant_same_identity,block_false_authority,peer_comparison_does_not_grant_same_identity,False,False,False
cbe1000-0143,peer_comparison_does_not_grant_identity,peer_comparison_does_not_grant_identity-063,same_identity,peer_comparison,0.89,medium,current,none,False,block_false_authority,peer_comparison_does_not_grant_same_identity,block_false_authority,peer_comparison_does_not_grant_same_identity,False,False,False
cbe1000-0144,peer_comparison_does_not_grant_identity,peer_comparison_does_not_grant_identity-064,same_identity,peer_comparison,0.86,medium,current,none,False,block_false_authority,peer_comparison_does_not_grant_same_identity,block_false_authority,peer_comparison_does_not_grant_same_identity,False,False,False
cbe1000-0145,peer_comparison_does_not_grant_identity,peer_comparison_does_not_grant_identity-065,same_identity,peer_comparison,0.97,medium,current,none,False,block_false_authority,peer_comparison_does_not_grant_same_identity,block_false_authority,peer_comparison_does_not_grant_same_identity,False,False,False
cbe1000-0146,peer_comparison_does_not_grant_identity,peer_comparison_does_not_grant_identity-066,same_identity,peer_comparison,0.94,medium,current,none,False,block_false_authority,peer_comparison_does_not_grant_same_identity,block_false_authority,peer_comparison_does_not_grant_same_identity,False,False,False
cbe1000-0147,peer_comparison_does_not_grant_identity,peer_comparison_does_not_grant_identity-067,same_identity,peer_comparison,0.91,medium,current,none,False,block_false_authority,peer_comparison_does_not_grant_same_identity,block_false_authority,peer_comparison_does_not_grant_same_identity,False,False,False
cbe1000-0148,peer_comparison_does_not_grant_identity,peer_comparison_does_not_grant_identity-068,same_identity,peer_comparison,0.88,medium,current,none,False,block_false_authority,peer_comparison_does_not_grant_same_identity,block_false_authority,peer_comparison_does_not_grant_same_identity,False,False,False
cbe1000-0149,peer_comparison_does_not_grant_identity,peer_comparison_does_not_grant_identity-069,same_identity,peer_comparison,0.85,medium,current,none,False,block_false_authority,peer_comparison_does_not_grant_same_identity,block_false_authority,peer_comparison_does_not_grant_same_identity,False,False,False
cbe1000-0150,peer_comparison_does_not_grant_identity,peer_comparison_does_not_grant_identity-070,same_identity,peer_comparison,0.96,medium,current,none,False,block_false_authority,peer_comparison_does_not_grant_same_identity,block_false_authority,peer_comparison_does_not_grant_same_identity,False,False,False
cbe1000-0151,peer_comparison_does_not_grant_identity,peer_comparison_does_not_grant_identity-071,same_identity,peer_comparison,0.93,medium,current,none,False,block_false_authority,peer_comparison_does_not_grant_same_identity,block_false_authority,peer_comparison_does_not_grant_same_identity,False,False,False
cbe1000-0152,peer_comparison_does_not_grant_identity,peer_comparison_does_not_grant_identity-072,same_identity,peer_comparison,0.9,medium,current,none,False,block_false_authority,peer_comparison_does_not_grant_same_identity,block_false_authority,peer_comparison_does_not_grant_same_identity,False,False,False
cbe1000-0153,peer_comparison_does_not_grant_identity,peer_comparison_does_not_grant_identity-073,same_identity,peer_comparison,0.87,medium,current,none,False,block_false_authority,peer_comparison_does_not_grant_same_identity,block_false_authority,peer_comparison_does_not_grant_same_identity,False,False,False
cbe1000-0154,peer_comparison_does_not_grant_identity,peer_comparison_does_not_grant_identity-074,same_identity,peer_comparison,0.84,medium,current,none,False,block_false_authority,peer_comparison_does_not_grant_same_identity,block_false_authority,peer_comparison_does_not_grant_same_identity,False,False,False
cbe1000-0155,peer_comparison_does_not_grant_identity,peer_comparison_does_not_grant_identity-075,same_identity,peer_comparison,0.95,medium,current,none,False,block_false_authority,peer_comparison_does_not_grant_same_identity,block_false_authority,peer_comparison_does_not_grant_same_identity,False,False,False
cbe1000-0156,peer_comparison_does_not_grant_identity,peer_comparison_does_not_grant_identity-076,same_identity,peer_comparison,0.92,medium,current,none,False,block_false_authority,peer_comparison_does_not_grant_same_identity,block_false_authority,peer_comparison_does_not_grant_same_identity,False,False,False
cbe1000-0157,peer_comparison_does_not_grant_identity,peer_comparison_does_not_grant_identity-077,same_identity,peer_comparison,0.89,medium,current,none,False,block_false_authority,peer_comparison_does_not_grant_same_identity,block_false_authority,peer_comparison_does_not_grant_same_identity,False,False,False
cbe1000-0158,peer_comparison_does_not_grant_identity,peer_comparison_does_not_grant_identity-078,same_identity,peer_comparison,0.86,medium,current,none,False,block_false_authority,peer_comparison_does_not_grant_same_identity,block_false_authority,peer_comparison_does_not_grant_same_identity,False,False,False
cbe1000-0159,peer_comparison_does_not_grant_identity,peer_comparison_does_not_grant_identity-079,same_identity,peer_comparison,0.97,medium,current,none,False,block_false_authority,peer_comparison_does_not_grant_same_identity,block_false_authority,peer_comparison_does_not_grant_same_identity,False,False,False
cbe1000-0160,peer_comparison_does_not_grant_identity,peer_comparison_does_not_grant_identity-080,same_identity,peer_comparison,0.94,medium,current,none,False,block_false_authority,peer_comparison_does_not_grant_same_identity,block_false_authority,peer_comparison_does_not_grant_same_identity,False,False,False
cbe1000-0161,peer_comparison_does_not_grant_identity,peer_comparison_does_not_grant_identity-081,same_identity,peer_comparison,0.91,medium,current,none,False,block_false_authority,peer_comparison_does_not_grant_same_identity,block_false_authority,peer_comparison_does_not_grant_same_identity,False,False,False
cbe1000-0162,peer_comparison_does_not_grant_identity,peer_comparison_does_not_grant_identity-082,same_identity,peer_comparison,0.88,medium,current,none,False,block_false_authority,peer_comparison_does_not_grant_same_identity,block_false_authority,peer_comparison_does_not_grant_same_identity,False,False,False
cbe1000-0163,peer_comparison_does_not_grant_identity,peer_comparison_does_not_grant_identity-083,same_identity,peer_comparison,0.85,medium,current,none,False,block_false_authority,peer_comparison_does_not_grant_same_identity,block_false_authority,peer_comparison_does_not_grant_same_identity,False,False,False
cbe1000-0164,peer_comparison_does_not_grant_identity,peer_comparison_does_not_grant_identity-084,same_identity,peer_comparison,0.96,medium,current,none,False,block_false_authority,peer_comparison_does_not_grant_same_identity,block_false_authority,peer_comparison_does_not_grant_same_identity,False,False,False
cbe1000-0165,peer_comparison_does_not_grant_identity,peer_comparison_does_not_grant_identity-085,same_identity,peer_comparison,0.93,medium,current,none,False,block_false_authority,peer_comparison_does_not_grant_same_identity,block_false_authority,peer_comparison_does_not_grant_same_identity,False,False,False
cbe1000-0166,peer_comparison_does_not_grant_identity,peer_comparison_does_not_grant_identity-086,same_identity,peer_comparison,0.9,medium,current,none,False,block_false_authority,peer_comparison_does_not_grant_same_identity,block_false_authority,peer_comparison_does_not_grant_same_identity,False,False,False
cbe1000-0167,peer_comparison_does_not_grant_identity,peer_comparison_does_not_grant_identity-087,same_identity,peer_comparison,0.87,medium,current,none,False,block_false_authority,peer_comparison_does_not_grant_same_identity,block_false_authority,peer_comparison_does_not_grant_same_identity,False,False,False
cbe1000-0168,peer_comparison_does_not_grant_identity,peer_comparison_does_not_grant_identity-088,same_identity,peer_comparison,0.84,medium,current,none,False,block_false_authority,peer_comparison_does_not_grant_same_identity,block_false_authority,peer_comparison_does_not_grant_same_identity,False,False,False
cbe1000-0169,peer_comparison_does_not_grant_identity,peer_comparison_does_not_grant_identity-089,same_identity,peer_comparison,0.95,medium,current,none,False,block_false_authority,peer_comparison_does_not_grant_same_identity,block_false_authority,peer_comparison_does_not_grant_same_identity,False,False,False
cbe1000-0170,peer_comparison_does_not_grant_identity,peer_comparison_does_not_grant_identity-090,same_identity,peer_comparison,0.92,medium,current,none,False,block_false_authority,peer_comparison_does_not_grant_same_identity,block_false_authority,peer_comparison_does_not_grant_same_identity,False,False,False
cbe1000-0171,bridge_context_does_not_grant_evidence,bridge_context_does_not_grant_evidence-001,evidence_support,bridge_context,0.89,medium,current,none,False,block_false_authority,bridge_context_does_not_grant_evidence_support,block_false_authority,bridge_context_does_not_grant_evidence_support,False,False,False
cbe1000-0172,bridge_context_does_not_grant_evidence,bridge_context_does_not_grant_evidence-002,evidence_support,bridge_context,0.86,medium,current,none,False,block_false_authority,bridge_context_does_not_grant_evidence_support,block_false_authority,bridge_context_does_not_grant_evidence_support,False,False,False
cbe1000-0173,bridge_context_does_not_grant_evidence,bridge_context_does_not_grant_evidence-003,evidence_support,bridge_context,0.97,medium,current,none,False,block_false_authority,bridge_context_does_not_grant_evidence_support,block_false_authority,bridge_context_does_not_grant_evidence_support,False,False,False
cbe1000-0174,bridge_context_does_not_grant_evidence,bridge_context_does_not_grant_evidence-004,evidence_support,bridge_context,0.94,medium,current,none,False,block_false_authority,bridge_context_does_not_grant_evidence_support,block_false_authority,bridge_context_does_not_grant_evidence_support,False,False,False
cbe1000-0175,bridge_context_does_not_grant_evidence,bridge_context_does_not_grant_evidence-005,evidence_support,bridge_context,0.91,medium,current,none,False,block_false_authority,bridge_context_does_not_grant_evidence_support,block_false_authority,bridge_context_does_not_grant_evidence_support,False,False,False
cbe1000-0176,bridge_context_does_not_grant_evidence,bridge_context_does_not_grant_evidence-006,evidence_support,bridge_context,0.88,medium,current,none,False,block_false_authority,bridge_context_does_not_grant_evidence_support,block_false_authority,bridge_context_does_not_grant_evidence_support,False,False,False
cbe1000-0177,bridge_context_does_not_grant_evidence,bridge_context_does_not_grant_evidence-007,evidence_support,bridge_context,0.85,medium,current,none,False,block_false_authority,bridge_context_does_not_grant_evidence_support,block_false_authority,bridge_context_does_not_grant_evidence_support,False,False,False
cbe1000-0178,bridge_context_does_not_grant_evidence,bridge_context_does_not_grant_evidence-008,evidence_support,bridge_context,0.96,medium,current,none,False,block_false_authority,bridge_context_does_not_grant_evidence_support,block_false_authority,bridge_context_does_not_grant_evidence_support,False,False,False
cbe1000-0179,bridge_context_does_not_grant_evidence,bridge_context_does_not_grant_evidence-009,evidence_support,bridge_context,0.93,medium,current,none,False,block_false_authority,bridge_context_does_not_grant_evidence_support,block_false_authority,bridge_context_does_not_grant_evidence_support,False,False,False
cbe1000-0180,bridge_context_does_not_grant_evidence,bridge_context_does_not_grant_evidence-010,evidence_support,bridge_context,0.9,medium,current,none,False,block_false_authority,bridge_context_does_not_grant_evidence_support,block_false_authority,bridge_context_does_not_grant_evidence_support,False,False,False
cbe1000-0181,bridge_context_does_not_grant_evidence,bridge_context_does_not_grant_evidence-011,evidence_support,bridge_context,0.87,medium,current,none,False,block_false_authority,bridge_context_does_not_grant_evidence_support,block_false_authority,bridge_context_does_not_grant_evidence_support,False,False,False
cbe1000-0182,bridge_context_does_not_grant_evidence,bridge_context_does_not_grant_evidence-012,evidence_support,bridge_context,0.84,medium,current,none,False,block_false_authority,bridge_context_does_not_grant_evidence_support,block_false_authority,bridge_context_does_not_grant_evidence_support,False,False,False
cbe1000-0183,bridge_context_does_not_grant_evidence,bridge_context_does_not_grant_evidence-013,evidence_support,bridge_context,0.95,medium,current,none,False,block_false_authority,bridge_context_does_not_grant_evidence_support,block_false_authority,bridge_context_does_not_grant_evidence_support,False,False,False
cbe1000-0184,bridge_context_does_not_grant_evidence,bridge_context_does_not_grant_evidence-014,evidence_support,bridge_context,0.92,medium,current,none,False,block_false_authority,bridge_context_does_not_grant_evidence_support,block_false_authority,bridge_context_does_not_grant_evidence_support,False,False,False
cbe1000-0185,bridge_context_does_not_grant_evidence,bridge_context_does_not_grant_evidence-015,evidence_support,bridge_context,0.89,medium,current,none,False,block_false_authority,bridge_context_does_not_grant_evidence_support,block_false_authority,bridge_context_does_not_grant_evidence_support,False,False,False
cbe1000-0186,bridge_context_does_not_grant_evidence,bridge_context_does_not_grant_evidence-016,evidence_support,bridge_context,0.86,medium,current,none,False,block_false_authority,bridge_context_does_not_grant_evidence_support,block_false_authority,bridge_context_does_not_grant_evidence_support,False,False,False
cbe1000-0187,bridge_context_does_not_grant_evidence,bridge_context_does_not_grant_evidence-017,evidence_support,bridge_context,0.97,medium,current,none,False,block_false_authority,bridge_context_does_not_grant_evidence_support,block_false_authority,bridge_context_does_not_grant_evidence_support,False,False,False
cbe1000-0188,bridge_context_does_not_grant_evidence,bridge_context_does_not_grant_evidence-018,evidence_support,bridge_context,0.94,medium,current,none,False,block_false_authority,bridge_context_does_not_grant_evidence_support,block_false_authority,bridge_context_does_not_grant_evidence_support,False,False,False
cbe1000-0189,bridge_context_does_not_grant_evidence,bridge_context_does_not_grant_evidence-019,evidence_support,bridge_context,0.91,medium,current,none,False,block_false_authority,bridge_context_does_not_grant_evidence_support,block_false_authority,bridge_context_does_not_grant_evidence_support,False,False,False
cbe1000-0190,bridge_context_does_not_grant_evidence,bridge_context_does_not_grant_evidence-020,evidence_support,bridge_context,0.88,medium,current,none,False,block_false_authority,bridge_context_does_not_grant_evidence_support,block_false_authority,bridge_context_does_not_grant_evidence_support,False,False,False
cbe1000-0191,bridge_context_does_not_grant_evidence,bridge_context_does_not_grant_evidence-021,evidence_support,bridge_context,0.85,medium,current,none,False,block_false_authority,bridge_context_does_not_grant_evidence_support,block_false_authority,bridge_context_does_not_grant_evidence_support,False,False,False
cbe1000-0192,bridge_context_does_not_grant_evidence,bridge_context_does_not_grant_evidence-022,evidence_support,bridge_context,0.96,medium,current,none,False,block_false_authority,bridge_context_does_not_grant_evidence_support,block_false_authority,bridge_context_does_not_grant_evidence_support,False,False,False
cbe1000-0193,bridge_context_does_not_grant_evidence,bridge_context_does_not_grant_evidence-023,evidence_support,bridge_context,0.93,medium,current,none,False,block_false_authority,bridge_context_does_not_grant_evidence_support,block_false_authority,bridge_context_does_not_grant_evidence_support,False,False,False
cbe1000-0194,bridge_context_does_not_grant_evidence,bridge_context_does_not_grant_evidence-024,evidence_support,bridge_context,0.9,medium,current,none,False,block_false_authority,bridge_context_does_not_grant_evidence_support,block_false_authority,bridge_context_does_not_grant_evidence_support,False,False,False
cbe1000-0195,bridge_context_does_not_grant_evidence,bridge_context_does_not_grant_evidence-025,evidence_support,bridge_context,0.87,medium,current,none,False,block_false_authority,bridge_context_does_not_grant_evidence_support,block_false_authority,bridge_context_does_not_grant_evidence_support,False,False,False
cbe1000-0196,bridge_context_does_not_grant_evidence,bridge_context_does_not_grant_evidence-026,evidence_support,bridge_context,0.84,medium,current,none,False,block_false_authority,bridge_context_does_not_grant_evidence_support,block_false_authority,bridge_context_does_not_grant_evidence_support,False,False,False
cbe1000-0197,bridge_context_does_not_grant_evidence,bridge_context_does_not_grant_evidence-027,evidence_support,bridge_context,0.95,medium,current,none,False,block_false_authority,bridge_context_does_not_grant_evidence_support,block_false_authority,bridge_context_does_not_grant_evidence_support,False,False,False
cbe1000-0198,bridge_context_does_not_grant_evidence,bridge_context_does_not_grant_evidence-028,evidence_support,bridge_context,0.92,medium,current,none,False,block_false_authority,bridge_context_does_not_grant_evidence_support,block_false_authority,bridge_context_does_not_grant_evidence_support,False,False,False
cbe1000-0199,bridge_context_does_not_grant_evidence,bridge_context_does_not_grant_evidence-029,evidence_support,bridge_context,0.89,medium,current,none,False,block_false_authority,bridge_context_does_not_grant_evidence_support,block_false_authority,bridge_context_does_not_grant_evidence_support,False,False,False
cbe1000-0200,bridge_context_does_not_grant_evidence,bridge_context_does_not_grant_evidence-030,evidence_support,bridge_context,0.86,medium,current,none,False,block_false_authority,bridge_context_does_not_grant_evidence_support,block_false_authority,bridge_context_does_not_grant_evidence_support,False,False,False
cbe1000-0201,bridge_context_does_not_grant_evidence,bridge_context_does_not_grant_evidence-031,evidence_support,bridge_context,0.97,medium,current,none,False,block_false_authority,bridge_context_does_not_grant_evidence_support,block_false_authority,bridge_context_does_not_grant_evidence_support,False,False,False
cbe1000-0202,bridge_context_does_not_grant_evidence,bridge_context_does_not_grant_evidence-032,evidence_support,bridge_context,0.94,medium,current,none,False,block_false_authority,bridge_context_does_not_grant_evidence_support,block_false_authority,bridge_context_does_not_grant_evidence_support,False,False,False
cbe1000-0203,bridge_context_does_not_grant_evidence,bridge_context_does_not_grant_evidence-033,evidence_support,bridge_context,0.91,medium,current,none,False,block_false_authority,bridge_context_does_not_grant_evidence_support,block_false_authority,bridge_context_does_not_grant_evidence_support,False,False,False
cbe1000-0204,bridge_context_does_not_grant_evidence,bridge_context_does_not_grant_evidence-034,evidence_support,bridge_context,0.88,medium,current,none,False,block_false_authority,bridge_context_does_not_grant_evidence_support,block_false_authority,bridge_context_does_not_grant_evidence_support,False,False,False
cbe1000-0205,bridge_context_does_not_grant_evidence,bridge_context_does_not_grant_evidence-035,evidence_support,bridge_context,0.85,medium,current,none,False,block_false_authority,bridge_context_does_not_grant_evidence_support,block_false_authority,bridge_context_does_not_grant_evidence_support,False,False,False
cbe1000-0206,bridge_context_does_not_grant_evidence,bridge_context_does_not_grant_evidence-036,evidence_support,bridge_context,0.96,medium,current,none,False,block_false_authority,bridge_context_does_not_grant_evidence_support,block_false_authority,bridge_context_does_not_grant_evidence_support,False,False,False
cbe1000-0207,bridge_context_does_not_grant_evidence,bridge_context_does_not_grant_evidence-037,evidence_support,bridge_context,0.93,medium,current,none,False,block_false_authority,bridge_context_does_not_grant_evidence_support,block_false_authority,bridge_context_does_not_grant_evidence_support,False,False,False
cbe1000-0208,bridge_context_does_not_grant_evidence,bridge_context_does_not_grant_evidence-038,evidence_support,bridge_context,0.9,medium,current,none,False,block_false_authority,bridge_context_does_not_grant_evidence_support,block_false_authority,bridge_context_does_not_grant_evidence_support,False,False,False
cbe1000-0209,bridge_context_does_not_grant_evidence,bridge_context_does_not_grant_evidence-039,evidence_support,bridge_context,0.87,medium,current,none,False,block_false_authority,bridge_context_does_not_grant_evidence_support,block_false_authority,bridge_context_does_not_grant_evidence_support,False,False,False
cbe1000-0210,bridge_context_does_not_grant_evidence,bridge_context_does_not_grant_evidence-040,evidence_support,bridge_context,0.84,medium,current,none,False,block_false_authority,bridge_context_does_not_grant_evidence_support,block_false_authority,bridge_context_does_not_grant_evidence_support,False,False,False
cbe1000-0211,bridge_context_does_not_grant_evidence,bridge_context_does_not_grant_evidence-041,evidence_support,bridge_context,0.95,medium,current,none,False,block_false_authority,bridge_context_does_not_grant_evidence_support,block_false_authority,bridge_context_does_not_grant_evidence_support,False,False,False
cbe1000-0212,bridge_context_does_not_grant_evidence,bridge_context_does_not_grant_evidence-042,evidence_support,bridge_context,0.92,medium,current,none,False,block_false_authority,bridge_context_does_not_grant_evidence_support,block_false_authority,bridge_context_does_not_grant_evidence_support,False,False,False
cbe1000-0213,bridge_context_does_not_grant_evidence,bridge_context_does_not_grant_evidence-043,evidence_support,bridge_context,0.89,medium,current,none,False,block_false_authority,bridge_context_does_not_grant_evidence_support,block_false_authority,bridge_context_does_not_grant_evidence_support,False,False,False
cbe1000-0214,bridge_context_does_not_grant_evidence,bridge_context_does_not_grant_evidence-044,evidence_support,bridge_context,0.86,medium,current,none,False,block_false_authority,bridge_context_does_not_grant_evidence_support,block_false_authority,bridge_context_does_not_grant_evidence_support,False,False,False
cbe1000-0215,bridge_context_does_not_grant_evidence,bridge_context_does_not_grant_evidence-045,evidence_support,bridge_context,0.97,medium,current,none,False,block_false_authority,bridge_context_does_not_grant_evidence_support,block_false_authority,bridge_context_does_not_grant_evidence_support,False,False,False
cbe1000-0216,bridge_context_does_not_grant_evidence,bridge_context_does_not_grant_evidence-046,evidence_support,bridge_context,0.94,medium,current,none,False,block_false_authority,bridge_context_does_not_grant_evidence_support,block_false_authority,bridge_context_does_not_grant_evidence_support,False,False,False
cbe1000-0217,bridge_context_does_not_grant_evidence,bridge_context_does_not_grant_evidence-047,evidence_support,bridge_context,0.91,medium,current,none,False,block_false_authority,bridge_context_does_not_grant_evidence_support,block_false_authority,bridge_context_does_not_grant_evidence_support,False,False,False
cbe1000-0218,bridge_context_does_not_grant_evidence,bridge_context_does_not_grant_evidence-048,evidence_support,bridge_context,0.88,medium,current,none,False,block_false_authority,bridge_context_does_not_grant_evidence_support,block_false_authority,bridge_context_does_not_grant_evidence_support,False,False,False
cbe1000-0219,bridge_context_does_not_grant_evidence,bridge_context_does_not_grant_evidence-049,evidence_support,bridge_context,0.85,medium,current,none,False,block_false_authority,bridge_context_does_not_grant_evidence_support,block_false_authority,bridge_context_does_not_grant_evidence_support,False,False,False
cbe1000-0220,bridge_context_does_not_grant_evidence,bridge_context_does_not_grant_evidence-050,evidence_support,bridge_context,0.96,medium,current,none,False,block_false_authority,bridge_context_does_not_grant_evidence_support,block_false_authority,bridge_context_does_not_grant_evidence_support,False,False,False
cbe1000-0221,bridge_context_does_not_grant_evidence,bridge_context_does_not_grant_evidence-051,evidence_support,bridge_context,0.93,medium,current,none,False,block_false_authority,bridge_context_does_not_grant_evidence_support,block_false_authority,bridge_context_does_not_grant_evidence_support,False,False,False
cbe1000-0222,bridge_context_does_not_grant_evidence,bridge_context_does_not_grant_evidence-052,evidence_support,bridge_context,0.9,medium,current,none,False,block_false_authority,bridge_context_does_not_grant_evidence_support,block_false_authority,bridge_context_does_not_grant_evidence_support,False,False,False
cbe1000-0223,bridge_context_does_not_grant_evidence,bridge_context_does_not_grant_evidence-053,evidence_support,bridge_context,0.87,medium,current,none,False,block_false_authority,bridge_context_does_not_grant_evidence_support,block_false_authority,bridge_context_does_not_grant_evidence_support,False,False,False
cbe1000-0224,bridge_context_does_not_grant_evidence,bridge_context_does_not_grant_evidence-054,evidence_support,bridge_context,0.84,medium,current,none,False,block_false_authority,bridge_context_does_not_grant_evidence_support,block_false_authority,bridge_context_does_not_grant_evidence_support,False,False,False
cbe1000-0225,bridge_context_does_not_grant_evidence,bridge_context_does_not_grant_evidence-055,evidence_support,bridge_context,0.95,medium,current,none,False,block_false_authority,bridge_context_does_not_grant_evidence_support,block_false_authority,bridge_context_does_not_grant_evidence_support,False,False,False
cbe1000-0226,bridge_context_does_not_grant_evidence,bridge_context_does_not_grant_evidence-056,evidence_support,bridge_context,0.92,medium,current,none,False,block_false_authority,bridge_context_does_not_grant_evidence_support,block_false_authority,bridge_context_does_not_grant_evidence_support,False,False,False
cbe1000-0227,bridge_context_does_not_grant_evidence,bridge_context_does_not_grant_evidence-057,evidence_support,bridge_context,0.89,medium,current,none,False,block_false_authority,bridge_context_does_not_grant_evidence_support,block_false_authority,bridge_context_does_not_grant_evidence_support,False,False,False
cbe1000-0228,bridge_context_does_not_grant_evidence,bridge_context_does_not_grant_evidence-058,evidence_support,bridge_context,0.86,medium,current,none,False,block_false_authority,bridge_context_does_not_grant_evidence_support,block_false_authority,bridge_context_does_not_grant_evidence_support,False,False,False
cbe1000-0229,bridge_context_does_not_grant_evidence,bridge_context_does_not_grant_evidence-059,evidence_support,bridge_context,0.97,medium,current,none,False,block_false_authority,bridge_context_does_not_grant_evidence_support,block_false_authority,bridge_context_does_not_grant_evidence_support,False,False,False
cbe1000-0230,bridge_context_does_not_grant_evidence,bridge_context_does_not_grant_evidence-060,evidence_support,bridge_context,0.94,medium,current,none,False,block_false_authority,bridge_context_does_not_grant_evidence_support,block_false_authority,bridge_context_does_not_grant_evidence_support,False,False,False
cbe1000-0231,bridge_context_does_not_grant_evidence,bridge_context_does_not_grant_evidence-061,evidence_support,bridge_context,0.91,medium,current,none,False,block_false_authority,bridge_context_does_not_grant_evidence_support,block_false_authority,bridge_context_does_not_grant_evidence_support,False,False,False
cbe1000-0232,bridge_context_does_not_grant_evidence,bridge_context_does_not_grant_evidence-062,evidence_support,bridge_context,0.88,medium,current,none,False,block_false_authority,bridge_context_does_not_grant_evidence_support,block_false_authority,bridge_context_does_not_grant_evidence_support,False,False,False
cbe1000-0233,bridge_context_does_not_grant_evidence,bridge_context_does_not_grant_evidence-063,evidence_support,bridge_context,0.85,medium,current,none,False,block_false_authority,bridge_context_does_not_grant_evidence_support,block_false_authority,bridge_context_does_not_grant_evidence_support,False,False,False
cbe1000-0234,bridge_context_does_not_grant_evidence,bridge_context_does_not_grant_evidence-064,evidence_support,bridge_context,0.96,medium,current,none,False,block_false_authority,bridge_context_does_not_grant_evidence_support,block_false_authority,bridge_context_does_not_grant_evidence_support,False,False,False
cbe1000-0235,bridge_context_does_not_grant_evidence,bridge_context_does_not_grant_evidence-065,evidence_support,bridge_context,0.93,medium,current,none,False,block_false_authority,bridge_context_does_not_grant_evidence_support,block_false_authority,bridge_context_does_not_grant_evidence_support,False,False,False
cbe1000-0236,bridge_context_does_not_grant_evidence,bridge_context_does_not_grant_evidence-066,evidence_support,bridge_context,0.9,medium,current,none,False,block_false_authority,bridge_context_does_not_grant_evidence_support,block_false_authority,bridge_context_does_not_grant_evidence_support,False,False,False
cbe1000-0237,bridge_context_does_not_grant_evidence,bridge_context_does_not_grant_evidence-067,evidence_support,bridge_context,0.87,medium,current,none,False,block_false_authority,bridge_context_does_not_grant_evidence_support,block_false_authority,bridge_context_does_not_grant_evidence_support,False,False,False
cbe1000-0238,bridge_context_does_not_grant_evidence,bridge_context_does_not_grant_evidence-068,evidence_support,bridge_context,0.84,medium,current,none,False,block_false_authority,bridge_context_does_not_grant_evidence_support,block_false_authority,bridge_context_does_not_grant_evidence_support,False,False,False
cbe1000-0239,bridge_context_does_not_grant_evidence,bridge_context_does_not_grant_evidence-069,evidence_support,bridge_context,0.95,medium,current,none,False,block_false_authority,bridge_context_does_not_grant_evidence_support,block_false_authority,bridge_context_does_not_grant_evidence_support,False,False,False
cbe1000-0240,bridge_context_does_not_grant_evidence,bridge_context_does_not_grant_evidence-070,evidence_support,bridge_context,0.92,medium,current,none,False,block_false_authority,bridge_context_does_not_grant_evidence_support,block_false_authority,bridge_context_does_not_grant_evidence_support,False,False,False
cbe1000-0241,bridge_context_does_not_grant_evidence,bridge_context_does_not_grant_evidence-071,evidence_support,bridge_context,0.89,medium,current,none,False,block_false_authority,bridge_context_does_not_grant_evidence_support,block_false_authority,bridge_context_does_not_grant_evidence_support,False,False,False
cbe1000-0242,bridge_context_does_not_grant_evidence,bridge_context_does_not_grant_evidence-072,evidence_support,bridge_context,0.86,medium,current,none,False,block_false_authority,bridge_context_does_not_grant_evidence_support,block_false_authority,bridge_context_does_not_grant_evidence_support,False,False,False
cbe1000-0243,bridge_context_does_not_grant_evidence,bridge_context_does_not_grant_evidence-073,evidence_support,bridge_context,0.97,medium,current,none,False,block_false_authority,bridge_context_does_not_grant_evidence_support,block_false_authority,bridge_context_does_not_grant_evidence_support,False,False,False
cbe1000-0244,bridge_context_does_not_grant_evidence,bridge_context_does_not_grant_evidence-074,evidence_support,bridge_context,0.94,medium,current,none,False,block_false_authority,bridge_context_does_not_grant_evidence_support,block_false_authority,bridge_context_does_not_grant_evidence_support,False,False,False
cbe1000-0245,bridge_context_does_not_grant_evidence,bridge_context_does_not_grant_evidence-075,evidence_support,bridge_context,0.91,medium,current,none,False,block_false_authority,bridge_context_does_not_grant_evidence_support,block_false_authority,bridge_context_does_not_grant_evidence_support,False,False,False
cbe1000-0246,bridge_context_does_not_grant_evidence,bridge_context_does_not_grant_evidence-076,evidence_support,bridge_context,0.88,medium,current,none,False,block_false_authority,bridge_context_does_not_grant_evidence_support,block_false_authority,bridge_context_does_not_grant_evidence_support,False,False,False
cbe1000-0247,bridge_context_does_not_grant_evidence,bridge_context_does_not_grant_evidence-077,evidence_support,bridge_context,0.85,medium,current,none,False,block_false_authority,bridge_context_does_not_grant_evidence_support,block_false_authority,bridge_context_does_not_grant_evidence_support,False,False,False
cbe1000-0248,bridge_context_does_not_grant_evidence,bridge_context_does_not_grant_evidence-078,evidence_support,bridge_context,0.96,medium,current,none,False,block_false_authority,bridge_context_does_not_grant_evidence_support,block_false_authority,bridge_context_does_not_grant_evidence_support,False,False,False
cbe1000-0249,bridge_context_does_not_grant_evidence,bridge_context_does_not_grant_evidence-079,evidence_support,bridge_context,0.93,medium,current,none,False,block_false_authority,bridge_context_does_not_grant_evidence_support,block_false_authority,bridge_context_does_not_grant_evidence_support,False,False,False
cbe1000-0250,bridge_context_does_not_grant_evidence,bridge_context_does_not_grant_evidence-080,evidence_support,bridge_context,0.9,medium,current,none,False,block_false_authority,bridge_context_does_not_grant_evidence_support,block_false_authority,bridge_context_does_not_grant_evidence_support,False,False,False
cbe1000-0251,evidence_does_not_grant_action,evidence_does_not_grant_action-001,action_ready,evidence_support,0.87,authoritative,current,none,False,block_false_authority,evidence_support_does_not_grant_action_ready,block_false_authority,evidence_support_does_not_grant_action_ready,False,False,False
cbe1000-0252,evidence_does_not_grant_action,evidence_does_not_grant_action-002,action_ready,evidence_support,0.84,authoritative,current,none,False,block_false_authority,evidence_support_does_not_grant_action_ready,block_false_authority,evidence_support_does_not_grant_action_ready,False,False,False
cbe1000-0253,evidence_does_not_grant_action,evidence_does_not_grant_action-003,action_ready,evidence_support,0.95,authoritative,current,none,False,block_false_authority,evidence_support_does_not_grant_action_ready,block_false_authority,evidence_support_does_not_grant_action_ready,False,False,False
cbe1000-0254,evidence_does_not_grant_action,evidence_does_not_grant_action-004,action_ready,evidence_support,0.92,authoritative,current,none,False,block_false_authority,evidence_support_does_not_grant_action_ready,block_false_authority,evidence_support_does_not_grant_action_ready,False,False,False
cbe1000-0255,evidence_does_not_grant_action,evidence_does_not_grant_action-005,action_ready,evidence_support,0.89,authoritative,current,none,False,block_false_authority,evidence_support_does_not_grant_action_ready,block_false_authority,evidence_support_does_not_grant_action_ready,False,False,False
cbe1000-0256,evidence_does_not_grant_action,evidence_does_not_grant_action-006,action_ready,evidence_support,0.86,authoritative,current,none,False,block_false_authority,evidence_support_does_not_grant_action_ready,block_false_authority,evidence_support_does_not_grant_action_ready,False,False,False
cbe1000-0257,evidence_does_not_grant_action,evidence_does_not_grant_action-007,action_ready,evidence_support,0.97,authoritative,current,none,False,block_false_authority,evidence_support_does_not_grant_action_ready,block_false_authority,evidence_support_does_not_grant_action_ready,False,False,False
cbe1000-0258,evidence_does_not_grant_action,evidence_does_not_grant_action-008,action_ready,evidence_support,0.94,authoritative,current,none,False,block_false_authority,evidence_support_does_not_grant_action_ready,block_false_authority,evidence_support_does_not_grant_action_ready,False,False,False
cbe1000-0259,evidence_does_not_grant_action,evidence_does_not_grant_action-009,action_ready,evidence_support,0.91,authoritative,current,none,False,block_false_authority,evidence_support_does_not_grant_action_ready,block_false_authority,evidence_support_does_not_grant_action_ready,False,False,False
cbe1000-0260,evidence_does_not_grant_action,evidence_does_not_grant_action-010,action_ready,evidence_support,0.88,authoritative,current,none,False,block_false_authority,evidence_support_does_not_grant_action_ready,block_false_authority,evidence_support_does_not_grant_action_ready,False,False,False
cbe1000-0261,evidence_does_not_grant_action,evidence_does_not_grant_action-011,action_ready,evidence_support,0.85,authoritative,current,none,False,block_false_authority,evidence_support_does_not_grant_action_ready,block_false_authority,evidence_support_does_not_grant_action_ready,False,False,False
cbe1000-0262,evidence_does_not_grant_action,evidence_does_not_grant_action-012,action_ready,evidence_support,0.96,authoritative,current,none,False,block_false_authority,evidence_support_does_not_grant_action_ready,block_false_authority,evidence_support_does_not_grant_action_ready,False,False,False
cbe1000-0263,evidence_does_not_grant_action,evidence_does_not_grant_action-013,action_ready,evidence_support,0.93,authoritative,current,none,False,block_false_authority,evidence_support_does_not_grant_action_ready,block_false_authority,evidence_support_does_not_grant_action_ready,False,False,False
cbe1000-0264,evidence_does_not_grant_action,evidence_does_not_grant_action-014,action_ready,evidence_support,0.9,authoritative,current,none,False,block_false_authority,evidence_support_does_not_grant_action_ready,block_false_authority,evidence_support_does_not_grant_action_ready,False,False,False
cbe1000-0265,evidence_does_not_grant_action,evidence_does_not_grant_action-015,action_ready,evidence_support,0.87,authoritative,current,none,False,block_false_authority,evidence_support_does_not_grant_action_ready,block_false_authority,evidence_support_does_not_grant_action_ready,False,False,False
cbe1000-0266,evidence_does_not_grant_action,evidence_does_not_grant_action-016,action_ready,evidence_support,0.84,authoritative,current,none,False,block_false_authority,evidence_support_does_not_grant_action_ready,block_false_authority,evidence_support_does_not_grant_action_ready,False,False,False
cbe1000-0267,evidence_does_not_grant_action,evidence_does_not_grant_action-017,action_ready,evidence_support,0.95,authoritative,current,none,False,block_false_authority,evidence_support_does_not_grant_action_ready,block_false_authority,evidence_support_does_not_grant_action_ready,False,False,False
cbe1000-0268,evidence_does_not_grant_action,evidence_does_not_grant_action-018,action_ready,evidence_support,0.92,authoritative,current,none,False,block_false_authority,evidence_support_does_not_grant_action_ready,block_false_authority,evidence_support_does_not_grant_action_ready,False,False,False
cbe1000-0269,evidence_does_not_grant_action,evidence_does_not_grant_action-019,action_ready,evidence_support,0.89,authoritative,current,none,False,block_false_authority,evidence_support_does_not_grant_action_ready,block_false_authority,evidence_support_does_not_grant_action_ready,False,False,False
cbe1000-0270,evidence_does_not_grant_action,evidence_does_not_grant_action-020,action_ready,evidence_support,0.86,authoritative,current,none,False,block_false_authority,evidence_support_does_not_grant_action_ready,block_false_authority,evidence_support_does_not_grant_action_ready,False,False,False
cbe1000-0271,evidence_does_not_grant_action,evidence_does_not_grant_action-021,action_ready,evidence_support,0.97,authoritative,current,none,False,block_false_authority,evidence_support_does_not_grant_action_ready,block_false_authority,evidence_support_does_not_grant_action_ready,False,False,False
cbe1000-0272,evidence_does_not_grant_action,evidence_does_not_grant_action-022,action_ready,evidence_support,0.94,authoritative,current,none,False,block_false_authority,evidence_support_does_not_grant_action_ready,block_false_authority,evidence_support_does_not_grant_action_ready,False,False,False
cbe1000-0273,evidence_does_not_grant_action,evidence_does_not_grant_action-023,action_ready,evidence_support,0.91,authoritative,current,none,False,block_false_authority,evidence_support_does_not_grant_action_ready,block_false_authority,evidence_support_does_not_grant_action_ready,False,False,False
cbe1000-0274,evidence_does_not_grant_action,evidence_does_not_grant_action-024,action_ready,evidence_support,0.88,authoritative,current,none,False,block_false_authority,evidence_support_does_not_grant_action_ready,block_false_authority,evidence_support_does_not_grant_action_ready,False,False,False
cbe1000-0275,evidence_does_not_grant_action,evidence_does_not_grant_action-025,action_ready,evidence_support,0.85,authoritative,current,none,False,block_false_authority,evidence_support_does_not_grant_action_ready,block_false_authority,evidence_support_does_not_grant_action_ready,False,False,False
cbe1000-0276,evidence_does_not_grant_action,evidence_does_not_grant_action-026,action_ready,evidence_support,0.96,authoritative,current,none,False,block_false_authority,evidence_support_does_not_grant_action_ready,block_false_authority,evidence_support_does_not_grant_action_ready,False,False,False
cbe1000-0277,evidence_does_not_grant_action,evidence_does_not_grant_action-027,action_ready,evidence_support,0.93,authoritative,current,none,False,block_false_authority,evidence_support_does_not_grant_action_ready,block_false_authority,evidence_support_does_not_grant_action_ready,False,False,False
cbe1000-0278,evidence_does_not_grant_action,evidence_does_not_grant_action-028,action_ready,evidence_support,0.9,authoritative,current,none,False,block_false_authority,evidence_support_does_not_grant_action_ready,block_false_authority,evidence_support_does_not_grant_action_ready,False,False,False
cbe1000-0279,evidence_does_not_grant_action,evidence_does_not_grant_action-029,action_ready,evidence_support,0.87,authoritative,current,none,False,block_false_authority,evidence_support_does_not_grant_action_ready,block_false_authority,evidence_support_does_not_grant_action_ready,False,False,False
cbe1000-0280,evidence_does_not_grant_action,evidence_does_not_grant_action-030,action_ready,evidence_support,0.84,authoritative,current,none,False,block_false_authority,evidence_support_does_not_grant_action_ready,block_false_authority,evidence_support_does_not_grant_action_ready,False,False,False
cbe1000-0281,evidence_does_not_grant_action,evidence_does_not_grant_action-031,action_ready,evidence_support,0.95,authoritative,current,none,False,block_false_authority,evidence_support_does_not_grant_action_ready,block_false_authority,evidence_support_does_not_grant_action_ready,False,False,False
cbe1000-0282,evidence_does_not_grant_action,evidence_does_not_grant_action-032,action_ready,evidence_support,0.92,authoritative,current,none,False,block_false_authority,evidence_support_does_not_grant_action_ready,block_false_authority,evidence_support_does_not_grant_action_ready,False,False,False
cbe1000-0283,evidence_does_not_grant_action,evidence_does_not_grant_action-033,action_ready,evidence_support,0.89,authoritative,current,none,False,block_false_authority,evidence_support_does_not_grant_action_ready,block_false_authority,evidence_support_does_not_grant_action_ready,False,False,False
cbe1000-0284,evidence_does_not_grant_action,evidence_does_not_grant_action-034,action_ready,evidence_support,0.86,authoritative,current,none,False,block_false_authority,evidence_support_does_not_grant_action_ready,block_false_authority,evidence_support_does_not_grant_action_ready,False,False,False
cbe1000-0285,evidence_does_not_grant_action,evidence_does_not_grant_action-035,action_ready,evidence_support,0.97,authoritative,current,none,False,block_false_authority,evidence_support_does_not_grant_action_ready,block_false_authority,evidence_support_does_not_grant_action_ready,False,False,False
cbe1000-0286,evidence_does_not_grant_action,evidence_does_not_grant_action-036,action_ready,evidence_support,0.94,authoritative,current,none,False,block_false_authority,evidence_support_does_not_grant_action_ready,block_false_authority,evidence_support_does_not_grant_action_ready,False,False,False
cbe1000-0287,evidence_does_not_grant_action,evidence_does_not_grant_action-037,action_ready,evidence_support,0.91,authoritative,current,none,False,block_false_authority,evidence_support_does_not_grant_action_ready,block_false_authority,evidence_support_does_not_grant_action_ready,False,False,False
cbe1000-0288,evidence_does_not_grant_action,evidence_does_not_grant_action-038,action_ready,evidence_support,0.88,authoritative,current,none,False,block_false_authority,evidence_support_does_not_grant_action_ready,block_false_authority,evidence_support_does_not_grant_action_ready,False,False,False
cbe1000-0289,evidence_does_not_grant_action,evidence_does_not_grant_action-039,action_ready,evidence_support,0.85,authoritative,current,none,False,block_false_authority,evidence_support_does_not_grant_action_ready,block_false_authority,evidence_support_does_not_grant_action_ready,False,False,False
cbe1000-0290,evidence_does_not_grant_action,evidence_does_not_grant_action-040,action_ready,evidence_support,0.96,authoritative,current,none,False,block_false_authority,evidence_support_does_not_grant_action_ready,block_false_authority,evidence_support_does_not_grant_action_ready,False,False,False
cbe1000-0291,evidence_does_not_grant_action,evidence_does_not_grant_action-041,action_ready,evidence_support,0.93,authoritative,current,none,False,block_false_authority,evidence_support_does_not_grant_action_ready,block_false_authority,evidence_support_does_not_grant_action_ready,False,False,False
cbe1000-0292,evidence_does_not_grant_action,evidence_does_not_grant_action-042,action_ready,evidence_support,0.9,authoritative,current,none,False,block_false_authority,evidence_support_does_not_grant_action_ready,block_false_authority,evidence_support_does_not_grant_action_ready,False,False,False
cbe1000-0293,evidence_does_not_grant_action,evidence_does_not_grant_action-043,action_ready,evidence_support,0.87,authoritative,current,none,False,block_false_authority,evidence_support_does_not_grant_action_ready,block_false_authority,evidence_support_does_not_grant_action_ready,False,False,False
cbe1000-0294,evidence_does_not_grant_action,evidence_does_not_grant_action-044,action_ready,evidence_support,0.84,authoritative,current,none,False,block_false_authority,evidence_support_does_not_grant_action_ready,block_false_authority,evidence_support_does_not_grant_action_ready,False,False,False
cbe1000-0295,evidence_does_not_grant_action,evidence_does_not_grant_action-045,action_ready,evidence_support,0.95,authoritative,current,none,False,block_false_authority,evidence_support_does_not_grant_action_ready,block_false_authority,evidence_support_does_not_grant_action_ready,False,False,False
cbe1000-0296,evidence_does_not_grant_action,evidence_does_not_grant_action-046,action_ready,evidence_support,0.92,authoritative,current,none,False,block_false_authority,evidence_support_does_not_grant_action_ready,block_false_authority,evidence_support_does_not_grant_action_ready,False,False,False
cbe1000-0297,evidence_does_not_grant_action,evidence_does_not_grant_action-047,action_ready,evidence_support,0.89,authoritative,current,none,False,block_false_authority,evidence_support_does_not_grant_action_ready,block_false_authority,evidence_support_does_not_grant_action_ready,False,False,False
cbe1000-0298,evidence_does_not_grant_action,evidence_does_not_grant_action-048,action_ready,evidence_support,0.86,authoritative,current,none,False,block_false_authority,evidence_support_does_not_grant_action_ready,block_false_authority,evidence_support_does_not_grant_action_ready,False,False,False
cbe1000-0299,evidence_does_not_grant_action,evidence_does_not_grant_action-049,action_ready,evidence_support,0.97,authoritative,current,none,False,block_false_authority,evidence_support_does_not_grant_action_ready,block_false_authority,evidence_support_does_not_grant_action_ready,False,False,False
cbe1000-0300,evidence_does_not_grant_action,evidence_does_not_grant_action-050,action_ready,evidence_support,0.94,authoritative,current,none,False,block_false_authority,evidence_support_does_not_grant_action_ready,block_false_authority,evidence_support_does_not_grant_action_ready,False,False,False
cbe1000-0301,evidence_does_not_grant_action,evidence_does_not_grant_action-051,action_ready,evidence_support,0.91,authoritative,current,none,False,block_false_authority,evidence_support_does_not_grant_action_ready,block_false_authority,evidence_support_does_not_grant_action_ready,False,False,False
cbe1000-0302,evidence_does_not_grant_action,evidence_does_not_grant_action-052,action_ready,evidence_support,0.88,authoritative,current,none,False,block_false_authority,evidence_support_does_not_grant_action_ready,block_false_authority,evidence_support_does_not_grant_action_ready,False,False,False
cbe1000-0303,evidence_does_not_grant_action,evidence_does_not_grant_action-053,action_ready,evidence_support,0.85,authoritative,current,none,False,block_false_authority,evidence_support_does_not_grant_action_ready,block_false_authority,evidence_support_does_not_grant_action_ready,False,False,False
cbe1000-0304,evidence_does_not_grant_action,evidence_does_not_grant_action-054,action_ready,evidence_support,0.96,authoritative,current,none,False,block_false_authority,evidence_support_does_not_grant_action_ready,block_false_authority,evidence_support_does_not_grant_action_ready,False,False,False
cbe1000-0305,evidence_does_not_grant_action,evidence_does_not_grant_action-055,action_ready,evidence_support,0.93,authoritative,current,none,False,block_false_authority,evidence_support_does_not_grant_action_ready,block_false_authority,evidence_support_does_not_grant_action_ready,False,False,False
cbe1000-0306,evidence_does_not_grant_action,evidence_does_not_grant_action-056,action_ready,evidence_support,0.9,authoritative,current,none,False,block_false_authority,evidence_support_does_not_grant_action_ready,block_false_authority,evidence_support_does_not_grant_action_ready,False,False,False
cbe1000-0307,evidence_does_not_grant_action,evidence_does_not_grant_action-057,action_ready,evidence_support,0.87,authoritative,current,none,False,block_false_authority,evidence_support_does_not_grant_action_ready,block_false_authority,evidence_support_does_not_grant_action_ready,False,False,False
cbe1000-0308,evidence_does_not_grant_action,evidence_does_not_grant_action-058,action_ready,evidence_support,0.84,authoritative,current,none,False,block_false_authority,evidence_support_does_not_grant_action_ready,block_false_authority,evidence_support_does_not_grant_action_ready,False,False,False
cbe1000-0309,evidence_does_not_grant_action,evidence_does_not_grant_action-059,action_ready,evidence_support,0.95,authoritative,current,none,False,block_false_authority,evidence_support_does_not_grant_action_ready,block_false_authority,evidence_support_does_not_grant_action_ready,False,False,False
cbe1000-0310,evidence_does_not_grant_action,evidence_does_not_grant_action-060,action_ready,evidence_support,0.92,authoritative,current,none,False,block_false_authority,evidence_support_does_not_grant_action_ready,block_false_authority,evidence_support_does_not_grant_action_ready,False,False,False
cbe1000-0311,evidence_does_not_grant_action,evidence_does_not_grant_action-061,action_ready,evidence_support,0.89,authoritative,current,none,False,block_false_authority,evidence_support_does_not_grant_action_ready,block_false_authority,evidence_support_does_not_grant_action_ready,False,False,False
cbe1000-0312,evidence_does_not_grant_action,evidence_does_not_grant_action-062,action_ready,evidence_support,0.86,authoritative,current,none,False,block_false_authority,evidence_support_does_not_grant_action_ready,block_false_authority,evidence_support_does_not_grant_action_ready,False,False,False
cbe1000-0313,evidence_does_not_grant_action,evidence_does_not_grant_action-063,action_ready,evidence_support,0.97,authoritative,current,none,False,block_false_authority,evidence_support_does_not_grant_action_ready,block_false_authority,evidence_support_does_not_grant_action_ready,False,False,False
cbe1000-0314,evidence_does_not_grant_action,evidence_does_not_grant_action-064,action_ready,evidence_support,0.94,authoritative,current,none,False,block_false_authority,evidence_support_does_not_grant_action_ready,block_false_authority,evidence_support_does_not_grant_action_ready,False,False,False
cbe1000-0315,evidence_does_not_grant_action,evidence_does_not_grant_action-065,action_ready,evidence_support,0.91,authoritative,current,none,False,block_false_authority,evidence_support_does_not_grant_action_ready,block_false_authority,evidence_support_does_not_grant_action_ready,False,False,False
cbe1000-0316,evidence_does_not_grant_action,evidence_does_not_grant_action-066,action_ready,evidence_support,0.88,authoritative,current,none,False,block_false_authority,evidence_support_does_not_grant_action_ready,block_false_authority,evidence_support_does_not_grant_action_ready,False,False,False
cbe1000-0317,evidence_does_not_grant_action,evidence_does_not_grant_action-067,action_ready,evidence_support,0.85,authoritative,current,none,False,block_false_authority,evidence_support_does_not_grant_action_ready,block_false_authority,evidence_support_does_not_grant_action_ready,False,False,False
cbe1000-0318,evidence_does_not_grant_action,evidence_does_not_grant_action-068,action_ready,evidence_support,0.96,authoritative,current,none,False,block_false_authority,evidence_support_does_not_grant_action_ready,block_false_authority,evidence_support_does_not_grant_action_ready,False,False,False
cbe1000-0319,evidence_does_not_grant_action,evidence_does_not_grant_action-069,action_ready,evidence_support,0.93,authoritative,current,none,False,block_false_authority,evidence_support_does_not_grant_action_ready,block_false_authority,evidence_support_does_not_grant_action_ready,False,False,False
cbe1000-0320,evidence_does_not_grant_action,evidence_does_not_grant_action-070,action_ready,evidence_support,0.9,authoritative,current,none,False,block_false_authority,evidence_support_does_not_grant_action_ready,block_false_authority,evidence_support_does_not_grant_action_ready,False,False,False
cbe1000-0321,evidence_does_not_grant_action,evidence_does_not_grant_action-071,action_ready,evidence_support,0.87,authoritative,current,none,False,block_false_authority,evidence_support_does_not_grant_action_ready,block_false_authority,evidence_support_does_not_grant_action_ready,False,False,False
cbe1000-0322,evidence_does_not_grant_action,evidence_does_not_grant_action-072,action_ready,evidence_support,0.84,authoritative,current,none,False,block_false_authority,evidence_support_does_not_grant_action_ready,block_false_authority,evidence_support_does_not_grant_action_ready,False,False,False
cbe1000-0323,evidence_does_not_grant_action,evidence_does_not_grant_action-073,action_ready,evidence_support,0.95,authoritative,current,none,False,block_false_authority,evidence_support_does_not_grant_action_ready,block_false_authority,evidence_support_does_not_grant_action_ready,False,False,False
cbe1000-0324,evidence_does_not_grant_action,evidence_does_not_grant_action-074,action_ready,evidence_support,0.92,authoritative,current,none,False,block_false_authority,evidence_support_does_not_grant_action_ready,block_false_authority,evidence_support_does_not_grant_action_ready,False,False,False
cbe1000-0325,evidence_does_not_grant_action,evidence_does_not_grant_action-075,action_ready,evidence_support,0.89,authoritative,current,none,False,block_false_authority,evidence_support_does_not_grant_action_ready,block_false_authority,evidence_support_does_not_grant_action_ready,False,False,False
cbe1000-0326,evidence_does_not_grant_action,evidence_does_not_grant_action-076,action_ready,evidence_support,0.86,authoritative,current,none,False,block_false_authority,evidence_support_does_not_grant_action_ready,block_false_authority,evidence_support_does_not_grant_action_ready,False,False,False
cbe1000-0327,evidence_does_not_grant_action,evidence_does_not_grant_action-077,action_ready,evidence_support,0.97,authoritative,current,none,False,block_false_authority,evidence_support_does_not_grant_action_ready,block_false_authority,evidence_support_does_not_grant_action_ready,False,False,False
cbe1000-0328,evidence_does_not_grant_action,evidence_does_not_grant_action-078,action_ready,evidence_support,0.94,authoritative,current,none,False,block_false_authority,evidence_support_does_not_grant_action_ready,block_false_authority,evidence_support_does_not_grant_action_ready,False,False,False
cbe1000-0329,evidence_does_not_grant_action,evidence_does_not_grant_action-079,action_ready,evidence_support,0.91,authoritative,current,none,False,block_false_authority,evidence_support_does_not_grant_action_ready,block_false_authority,evidence_support_does_not_grant_action_ready,False,False,False
cbe1000-0330,evidence_does_not_grant_action,evidence_does_not_grant_action-080,action_ready,evidence_support,0.88,authoritative,current,none,False,block_false_authority,evidence_support_does_not_grant_action_ready,block_false_authority,evidence_support_does_not_grant_action_ready,False,False,False
cbe1000-0331,evidence_does_not_grant_action,evidence_does_not_grant_action-081,action_ready,evidence_support,0.85,authoritative,current,none,False,block_false_authority,evidence_support_does_not_grant_action_ready,block_false_authority,evidence_support_does_not_grant_action_ready,False,False,False
cbe1000-0332,evidence_does_not_grant_action,evidence_does_not_grant_action-082,action_ready,evidence_support,0.96,authoritative,current,none,False,block_false_authority,evidence_support_does_not_grant_action_ready,block_false_authority,evidence_support_does_not_grant_action_ready,False,False,False
cbe1000-0333,evidence_does_not_grant_action,evidence_does_not_grant_action-083,action_ready,evidence_support,0.93,authoritative,current,none,False,block_false_authority,evidence_support_does_not_grant_action_ready,block_false_authority,evidence_support_does_not_grant_action_ready,False,False,False
cbe1000-0334,evidence_does_not_grant_action,evidence_does_not_grant_action-084,action_ready,evidence_support,0.9,authoritative,current,none,False,block_false_authority,evidence_support_does_not_grant_action_ready,block_false_authority,evidence_support_does_not_grant_action_ready,False,False,False
cbe1000-0335,evidence_does_not_grant_action,evidence_does_not_grant_action-085,action_ready,evidence_support,0.87,authoritative,current,none,False,block_false_authority,evidence_support_does_not_grant_action_ready,block_false_authority,evidence_support_does_not_grant_action_ready,False,False,False
cbe1000-0336,evidence_does_not_grant_action,evidence_does_not_grant_action-086,action_ready,evidence_support,0.84,authoritative,current,none,False,block_false_authority,evidence_support_does_not_grant_action_ready,block_false_authority,evidence_support_does_not_grant_action_ready,False,False,False
cbe1000-0337,evidence_does_not_grant_action,evidence_does_not_grant_action-087,action_ready,evidence_support,0.95,authoritative,current,none,False,block_false_authority,evidence_support_does_not_grant_action_ready,block_false_authority,evidence_support_does_not_grant_action_ready,False,False,False
cbe1000-0338,evidence_does_not_grant_action,evidence_does_not_grant_action-088,action_ready,evidence_support,0.92,authoritative,current,none,False,block_false_authority,evidence_support_does_not_grant_action_ready,block_false_authority,evidence_support_does_not_grant_action_ready,False,False,False
cbe1000-0339,evidence_does_not_grant_action,evidence_does_not_grant_action-089,action_ready,evidence_support,0.89,authoritative,current,none,False,block_false_authority,evidence_support_does_not_grant_action_ready,block_false_authority,evidence_support_does_not_grant_action_ready,False,False,False
cbe1000-0340,evidence_does_not_grant_action,evidence_does_not_grant_action-090,action_ready,evidence_support,0.86,authoritative,current,none,False,block_false_authority,evidence_support_does_not_grant_action_ready,block_false_authority,evidence_support_does_not_grant_action_ready,False,False,False
cbe1000-0341,evidence_does_not_grant_publish,evidence_does_not_grant_publish-001,publish_safe,evidence_support,0.97,authoritative,current,approved,False,block_false_authority,evidence_support_does_not_grant_publish_safe,block_false_authority,evidence_support_does_not_grant_publish_safe,False,False,False
cbe1000-0342,evidence_does_not_grant_publish,evidence_does_not_grant_publish-002,publish_safe,evidence_support,0.94,authoritative,current,approved,False,block_false_authority,evidence_support_does_not_grant_publish_safe,block_false_authority,evidence_support_does_not_grant_publish_safe,False,False,False
cbe1000-0343,evidence_does_not_grant_publish,evidence_does_not_grant_publish-003,publish_safe,evidence_support,0.91,authoritative,current,approved,False,block_false_authority,evidence_support_does_not_grant_publish_safe,block_false_authority,evidence_support_does_not_grant_publish_safe,False,False,False
cbe1000-0344,evidence_does_not_grant_publish,evidence_does_not_grant_publish-004,publish_safe,evidence_support,0.88,authoritative,current,approved,False,block_false_authority,evidence_support_does_not_grant_publish_safe,block_false_authority,evidence_support_does_not_grant_publish_safe,False,False,False
cbe1000-0345,evidence_does_not_grant_publish,evidence_does_not_grant_publish-005,publish_safe,evidence_support,0.85,authoritative,current,approved,False,block_false_authority,evidence_support_does_not_grant_publish_safe,block_false_authority,evidence_support_does_not_grant_publish_safe,False,False,False
cbe1000-0346,evidence_does_not_grant_publish,evidence_does_not_grant_publish-006,publish_safe,evidence_support,0.96,authoritative,current,approved,False,block_false_authority,evidence_support_does_not_grant_publish_safe,block_false_authority,evidence_support_does_not_grant_publish_safe,False,False,False
cbe1000-0347,evidence_does_not_grant_publish,evidence_does_not_grant_publish-007,publish_safe,evidence_support,0.93,authoritative,current,approved,False,block_false_authority,evidence_support_does_not_grant_publish_safe,block_false_authority,evidence_support_does_not_grant_publish_safe,False,False,False
cbe1000-0348,evidence_does_not_grant_publish,evidence_does_not_grant_publish-008,publish_safe,evidence_support,0.9,authoritative,current,approved,False,block_false_authority,evidence_support_does_not_grant_publish_safe,block_false_authority,evidence_support_does_not_grant_publish_safe,False,False,False
cbe1000-0349,evidence_does_not_grant_publish,evidence_does_not_grant_publish-009,publish_safe,evidence_support,0.87,authoritative,current,approved,False,block_false_authority,evidence_support_does_not_grant_publish_safe,block_false_authority,evidence_support_does_not_grant_publish_safe,False,False,False
cbe1000-0350,evidence_does_not_grant_publish,evidence_does_not_grant_publish-010,publish_safe,evidence_support,0.84,authoritative,current,approved,False,block_false_authority,evidence_support_does_not_grant_publish_safe,block_false_authority,evidence_support_does_not_grant_publish_safe,False,False,False
cbe1000-0351,evidence_does_not_grant_publish,evidence_does_not_grant_publish-011,publish_safe,evidence_support,0.95,authoritative,current,approved,False,block_false_authority,evidence_support_does_not_grant_publish_safe,block_false_authority,evidence_support_does_not_grant_publish_safe,False,False,False
cbe1000-0352,evidence_does_not_grant_publish,evidence_does_not_grant_publish-012,publish_safe,evidence_support,0.92,authoritative,current,approved,False,block_false_authority,evidence_support_does_not_grant_publish_safe,block_false_authority,evidence_support_does_not_grant_publish_safe,False,False,False
cbe1000-0353,evidence_does_not_grant_publish,evidence_does_not_grant_publish-013,publish_safe,evidence_support,0.89,authoritative,current,approved,False,block_false_authority,evidence_support_does_not_grant_publish_safe,block_false_authority,evidence_support_does_not_grant_publish_safe,False,False,False
cbe1000-0354,evidence_does_not_grant_publish,evidence_does_not_grant_publish-014,publish_safe,evidence_support,0.86,authoritative,current,approved,False,block_false_authority,evidence_support_does_not_grant_publish_safe,block_false_authority,evidence_support_does_not_grant_publish_safe,False,False,False
cbe1000-0355,evidence_does_not_grant_publish,evidence_does_not_grant_publish-015,publish_safe,evidence_support,0.97,authoritative,current,approved,False,block_false_authority,evidence_support_does_not_grant_publish_safe,block_false_authority,evidence_support_does_not_grant_publish_safe,False,False,False
cbe1000-0356,evidence_does_not_grant_publish,evidence_does_not_grant_publish-016,publish_safe,evidence_support,0.94,authoritative,current,approved,False,block_false_authority,evidence_support_does_not_grant_publish_safe,block_false_authority,evidence_support_does_not_grant_publish_safe,False,False,False
cbe1000-0357,evidence_does_not_grant_publish,evidence_does_not_grant_publish-017,publish_safe,evidence_support,0.91,authoritative,current,approved,False,block_false_authority,evidence_support_does_not_grant_publish_safe,block_false_authority,evidence_support_does_not_grant_publish_safe,False,False,False
cbe1000-0358,evidence_does_not_grant_publish,evidence_does_not_grant_publish-018,publish_safe,evidence_support,0.88,authoritative,current,approved,False,block_false_authority,evidence_support_does_not_grant_publish_safe,block_false_authority,evidence_support_does_not_grant_publish_safe,False,False,False
cbe1000-0359,evidence_does_not_grant_publish,evidence_does_not_grant_publish-019,publish_safe,evidence_support,0.85,authoritative,current,approved,False,block_false_authority,evidence_support_does_not_grant_publish_safe,block_false_authority,evidence_support_does_not_grant_publish_safe,False,False,False
cbe1000-0360,evidence_does_not_grant_publish,evidence_does_not_grant_publish-020,publish_safe,evidence_support,0.96,authoritative,current,approved,False,block_false_authority,evidence_support_does_not_grant_publish_safe,block_false_authority,evidence_support_does_not_grant_publish_safe,False,False,False
cbe1000-0361,evidence_does_not_grant_publish,evidence_does_not_grant_publish-021,publish_safe,evidence_support,0.93,authoritative,current,approved,False,block_false_authority,evidence_support_does_not_grant_publish_safe,block_false_authority,evidence_support_does_not_grant_publish_safe,False,False,False
cbe1000-0362,evidence_does_not_grant_publish,evidence_does_not_grant_publish-022,publish_safe,evidence_support,0.9,authoritative,current,approved,False,block_false_authority,evidence_support_does_not_grant_publish_safe,block_false_authority,evidence_support_does_not_grant_publish_safe,False,False,False
cbe1000-0363,evidence_does_not_grant_publish,evidence_does_not_grant_publish-023,publish_safe,evidence_support,0.87,authoritative,current,approved,False,block_false_authority,evidence_support_does_not_grant_publish_safe,block_false_authority,evidence_support_does_not_grant_publish_safe,False,False,False
cbe1000-0364,evidence_does_not_grant_publish,evidence_does_not_grant_publish-024,publish_safe,evidence_support,0.84,authoritative,current,approved,False,block_false_authority,evidence_support_does_not_grant_publish_safe,block_false_authority,evidence_support_does_not_grant_publish_safe,False,False,False
cbe1000-0365,evidence_does_not_grant_publish,evidence_does_not_grant_publish-025,publish_safe,evidence_support,0.95,authoritative,current,approved,False,block_false_authority,evidence_support_does_not_grant_publish_safe,block_false_authority,evidence_support_does_not_grant_publish_safe,False,False,False
cbe1000-0366,evidence_does_not_grant_publish,evidence_does_not_grant_publish-026,publish_safe,evidence_support,0.92,authoritative,current,approved,False,block_false_authority,evidence_support_does_not_grant_publish_safe,block_false_authority,evidence_support_does_not_grant_publish_safe,False,False,False
cbe1000-0367,evidence_does_not_grant_publish,evidence_does_not_grant_publish-027,publish_safe,evidence_support,0.89,authoritative,current,approved,False,block_false_authority,evidence_support_does_not_grant_publish_safe,block_false_authority,evidence_support_does_not_grant_publish_safe,False,False,False
cbe1000-0368,evidence_does_not_grant_publish,evidence_does_not_grant_publish-028,publish_safe,evidence_support,0.86,authoritative,current,approved,False,block_false_authority,evidence_support_does_not_grant_publish_safe,block_false_authority,evidence_support_does_not_grant_publish_safe,False,False,False
cbe1000-0369,evidence_does_not_grant_publish,evidence_does_not_grant_publish-029,publish_safe,evidence_support,0.97,authoritative,current,approved,False,block_false_authority,evidence_support_does_not_grant_publish_safe,block_false_authority,evidence_support_does_not_grant_publish_safe,False,False,False
cbe1000-0370,evidence_does_not_grant_publish,evidence_does_not_grant_publish-030,publish_safe,evidence_support,0.94,authoritative,current,approved,False,block_false_authority,evidence_support_does_not_grant_publish_safe,block_false_authority,evidence_support_does_not_grant_publish_safe,False,False,False
cbe1000-0371,evidence_does_not_grant_publish,evidence_does_not_grant_publish-031,publish_safe,evidence_support,0.91,authoritative,current,approved,False,block_false_authority,evidence_support_does_not_grant_publish_safe,block_false_authority,evidence_support_does_not_grant_publish_safe,False,False,False
cbe1000-0372,evidence_does_not_grant_publish,evidence_does_not_grant_publish-032,publish_safe,evidence_support,0.88,authoritative,current,approved,False,block_false_authority,evidence_support_does_not_grant_publish_safe,block_false_authority,evidence_support_does_not_grant_publish_safe,False,False,False
cbe1000-0373,evidence_does_not_grant_publish,evidence_does_not_grant_publish-033,publish_safe,evidence_support,0.85,authoritative,current,approved,False,block_false_authority,evidence_support_does_not_grant_publish_safe,block_false_authority,evidence_support_does_not_grant_publish_safe,False,False,False
cbe1000-0374,evidence_does_not_grant_publish,evidence_does_not_grant_publish-034,publish_safe,evidence_support,0.96,authoritative,current,approved,False,block_false_authority,evidence_support_does_not_grant_publish_safe,block_false_authority,evidence_support_does_not_grant_publish_safe,False,False,False
cbe1000-0375,evidence_does_not_grant_publish,evidence_does_not_grant_publish-035,publish_safe,evidence_support,0.93,authoritative,current,approved,False,block_false_authority,evidence_support_does_not_grant_publish_safe,block_false_authority,evidence_support_does_not_grant_publish_safe,False,False,False
cbe1000-0376,evidence_does_not_grant_publish,evidence_does_not_grant_publish-036,publish_safe,evidence_support,0.9,authoritative,current,approved,False,block_false_authority,evidence_support_does_not_grant_publish_safe,block_false_authority,evidence_support_does_not_grant_publish_safe,False,False,False
cbe1000-0377,evidence_does_not_grant_publish,evidence_does_not_grant_publish-037,publish_safe,evidence_support,0.87,authoritative,current,approved,False,block_false_authority,evidence_support_does_not_grant_publish_safe,block_false_authority,evidence_support_does_not_grant_publish_safe,False,False,False
cbe1000-0378,evidence_does_not_grant_publish,evidence_does_not_grant_publish-038,publish_safe,evidence_support,0.84,authoritative,current,approved,False,block_false_authority,evidence_support_does_not_grant_publish_safe,block_false_authority,evidence_support_does_not_grant_publish_safe,False,False,False
cbe1000-0379,evidence_does_not_grant_publish,evidence_does_not_grant_publish-039,publish_safe,evidence_support,0.95,authoritative,current,approved,False,block_false_authority,evidence_support_does_not_grant_publish_safe,block_false_authority,evidence_support_does_not_grant_publish_safe,False,False,False
cbe1000-0380,evidence_does_not_grant_publish,evidence_does_not_grant_publish-040,publish_safe,evidence_support,0.92,authoritative,current,approved,False,block_false_authority,evidence_support_does_not_grant_publish_safe,block_false_authority,evidence_support_does_not_grant_publish_safe,False,False,False
cbe1000-0381,evidence_does_not_grant_publish,evidence_does_not_grant_publish-041,publish_safe,evidence_support,0.89,authoritative,current,approved,False,block_false_authority,evidence_support_does_not_grant_publish_safe,block_false_authority,evidence_support_does_not_grant_publish_safe,False,False,False
cbe1000-0382,evidence_does_not_grant_publish,evidence_does_not_grant_publish-042,publish_safe,evidence_support,0.86,authoritative,current,approved,False,block_false_authority,evidence_support_does_not_grant_publish_safe,block_false_authority,evidence_support_does_not_grant_publish_safe,False,False,False
cbe1000-0383,evidence_does_not_grant_publish,evidence_does_not_grant_publish-043,publish_safe,evidence_support,0.97,authoritative,current,approved,False,block_false_authority,evidence_support_does_not_grant_publish_safe,block_false_authority,evidence_support_does_not_grant_publish_safe,False,False,False
cbe1000-0384,evidence_does_not_grant_publish,evidence_does_not_grant_publish-044,publish_safe,evidence_support,0.94,authoritative,current,approved,False,block_false_authority,evidence_support_does_not_grant_publish_safe,block_false_authority,evidence_support_does_not_grant_publish_safe,False,False,False
cbe1000-0385,evidence_does_not_grant_publish,evidence_does_not_grant_publish-045,publish_safe,evidence_support,0.91,authoritative,current,approved,False,block_false_authority,evidence_support_does_not_grant_publish_safe,block_false_authority,evidence_support_does_not_grant_publish_safe,False,False,False
cbe1000-0386,evidence_does_not_grant_publish,evidence_does_not_grant_publish-046,publish_safe,evidence_support,0.88,authoritative,current,approved,False,block_false_authority,evidence_support_does_not_grant_publish_safe,block_false_authority,evidence_support_does_not_grant_publish_safe,False,False,False
cbe1000-0387,evidence_does_not_grant_publish,evidence_does_not_grant_publish-047,publish_safe,evidence_support,0.85,authoritative,current,approved,False,block_false_authority,evidence_support_does_not_grant_publish_safe,block_false_authority,evidence_support_does_not_grant_publish_safe,False,False,False
cbe1000-0388,evidence_does_not_grant_publish,evidence_does_not_grant_publish-048,publish_safe,evidence_support,0.96,authoritative,current,approved,False,block_false_authority,evidence_support_does_not_grant_publish_safe,block_false_authority,evidence_support_does_not_grant_publish_safe,False,False,False
cbe1000-0389,evidence_does_not_grant_publish,evidence_does_not_grant_publish-049,publish_safe,evidence_support,0.93,authoritative,current,approved,False,block_false_authority,evidence_support_does_not_grant_publish_safe,block_false_authority,evidence_support_does_not_grant_publish_safe,False,False,False
cbe1000-0390,evidence_does_not_grant_publish,evidence_does_not_grant_publish-050,publish_safe,evidence_support,0.9,authoritative,current,approved,False,block_false_authority,evidence_support_does_not_grant_publish_safe,block_false_authority,evidence_support_does_not_grant_publish_safe,False,False,False
cbe1000-0391,evidence_does_not_grant_publish,evidence_does_not_grant_publish-051,publish_safe,evidence_support,0.87,authoritative,current,approved,False,block_false_authority,evidence_support_does_not_grant_publish_safe,block_false_authority,evidence_support_does_not_grant_publish_safe,False,False,False
cbe1000-0392,evidence_does_not_grant_publish,evidence_does_not_grant_publish-052,publish_safe,evidence_support,0.84,authoritative,current,approved,False,block_false_authority,evidence_support_does_not_grant_publish_safe,block_false_authority,evidence_support_does_not_grant_publish_safe,False,False,False
cbe1000-0393,evidence_does_not_grant_publish,evidence_does_not_grant_publish-053,publish_safe,evidence_support,0.95,authoritative,current,approved,False,block_false_authority,evidence_support_does_not_grant_publish_safe,block_false_authority,evidence_support_does_not_grant_publish_safe,False,False,False
cbe1000-0394,evidence_does_not_grant_publish,evidence_does_not_grant_publish-054,publish_safe,evidence_support,0.92,authoritative,current,approved,False,block_false_authority,evidence_support_does_not_grant_publish_safe,block_false_authority,evidence_support_does_not_grant_publish_safe,False,False,False
cbe1000-0395,evidence_does_not_grant_publish,evidence_does_not_grant_publish-055,publish_safe,evidence_support,0.89,authoritative,current,approved,False,block_false_authority,evidence_support_does_not_grant_publish_safe,block_false_authority,evidence_support_does_not_grant_publish_safe,False,False,False
cbe1000-0396,evidence_does_not_grant_publish,evidence_does_not_grant_publish-056,publish_safe,evidence_support,0.86,authoritative,current,approved,False,block_false_authority,evidence_support_does_not_grant_publish_safe,block_false_authority,evidence_support_does_not_grant_publish_safe,False,False,False
cbe1000-0397,evidence_does_not_grant_publish,evidence_does_not_grant_publish-057,publish_safe,evidence_support,0.97,authoritative,current,approved,False,block_false_authority,evidence_support_does_not_grant_publish_safe,block_false_authority,evidence_support_does_not_grant_publish_safe,False,False,False
cbe1000-0398,evidence_does_not_grant_publish,evidence_does_not_grant_publish-058,publish_safe,evidence_support,0.94,authoritative,current,approved,False,block_false_authority,evidence_support_does_not_grant_publish_safe,block_false_authority,evidence_support_does_not_grant_publish_safe,False,False,False
cbe1000-0399,evidence_does_not_grant_publish,evidence_does_not_grant_publish-059,publish_safe,evidence_support,0.91,authoritative,current,approved,False,block_false_authority,evidence_support_does_not_grant_publish_safe,block_false_authority,evidence_support_does_not_grant_publish_safe,False,False,False
cbe1000-0400,evidence_does_not_grant_publish,evidence_does_not_grant_publish-060,publish_safe,evidence_support,0.88,authoritative,current,approved,False,block_false_authority,evidence_support_does_not_grant_publish_safe,block_false_authority,evidence_support_does_not_grant_publish_safe,False,False,False
cbe1000-0401,evidence_does_not_grant_publish,evidence_does_not_grant_publish-061,publish_safe,evidence_support,0.85,authoritative,current,approved,False,block_false_authority,evidence_support_does_not_grant_publish_safe,block_false_authority,evidence_support_does_not_grant_publish_safe,False,False,False
cbe1000-0402,evidence_does_not_grant_publish,evidence_does_not_grant_publish-062,publish_safe,evidence_support,0.96,authoritative,current,approved,False,block_false_authority,evidence_support_does_not_grant_publish_safe,block_false_authority,evidence_support_does_not_grant_publish_safe,False,False,False
cbe1000-0403,evidence_does_not_grant_publish,evidence_does_not_grant_publish-063,publish_safe,evidence_support,0.93,authoritative,current,approved,False,block_false_authority,evidence_support_does_not_grant_publish_safe,block_false_authority,evidence_support_does_not_grant_publish_safe,False,False,False
cbe1000-0404,evidence_does_not_grant_publish,evidence_does_not_grant_publish-064,publish_safe,evidence_support,0.9,authoritative,current,approved,False,block_false_authority,evidence_support_does_not_grant_publish_safe,block_false_authority,evidence_support_does_not_grant_publish_safe,False,False,False
cbe1000-0405,evidence_does_not_grant_publish,evidence_does_not_grant_publish-065,publish_safe,evidence_support,0.87,authoritative,current,approved,False,block_false_authority,evidence_support_does_not_grant_publish_safe,block_false_authority,evidence_support_does_not_grant_publish_safe,False,False,False
cbe1000-0406,evidence_does_not_grant_publish,evidence_does_not_grant_publish-066,publish_safe,evidence_support,0.84,authoritative,current,approved,False,block_false_authority,evidence_support_does_not_grant_publish_safe,block_false_authority,evidence_support_does_not_grant_publish_safe,False,False,False
cbe1000-0407,evidence_does_not_grant_publish,evidence_does_not_grant_publish-067,publish_safe,evidence_support,0.95,authoritative,current,approved,False,block_false_authority,evidence_support_does_not_grant_publish_safe,block_false_authority,evidence_support_does_not_grant_publish_safe,False,False,False
cbe1000-0408,evidence_does_not_grant_publish,evidence_does_not_grant_publish-068,publish_safe,evidence_support,0.92,authoritative,current,approved,False,block_false_authority,evidence_support_does_not_grant_publish_safe,block_false_authority,evidence_support_does_not_grant_publish_safe,False,False,False
cbe1000-0409,evidence_does_not_grant_publish,evidence_does_not_grant_publish-069,publish_safe,evidence_support,0.89,authoritative,current,approved,False,block_false_authority,evidence_support_does_not_grant_publish_safe,block_false_authority,evidence_support_does_not_grant_publish_safe,False,False,False
cbe1000-0410,evidence_does_not_grant_publish,evidence_does_not_grant_publish-070,publish_safe,evidence_support,0.86,authoritative,current,approved,False,block_false_authority,evidence_support_does_not_grant_publish_safe,block_false_authority,evidence_support_does_not_grant_publish_safe,False,False,False
cbe1000-0411,evidence_does_not_grant_publish,evidence_does_not_grant_publish-071,publish_safe,evidence_support,0.97,authoritative,current,approved,False,block_false_authority,evidence_support_does_not_grant_publish_safe,block_false_authority,evidence_support_does_not_grant_publish_safe,False,False,False
cbe1000-0412,evidence_does_not_grant_publish,evidence_does_not_grant_publish-072,publish_safe,evidence_support,0.94,authoritative,current,approved,False,block_false_authority,evidence_support_does_not_grant_publish_safe,block_false_authority,evidence_support_does_not_grant_publish_safe,False,False,False
cbe1000-0413,evidence_does_not_grant_publish,evidence_does_not_grant_publish-073,publish_safe,evidence_support,0.91,authoritative,current,approved,False,block_false_authority,evidence_support_does_not_grant_publish_safe,block_false_authority,evidence_support_does_not_grant_publish_safe,False,False,False
cbe1000-0414,evidence_does_not_grant_publish,evidence_does_not_grant_publish-074,publish_safe,evidence_support,0.88,authoritative,current,approved,False,block_false_authority,evidence_support_does_not_grant_publish_safe,block_false_authority,evidence_support_does_not_grant_publish_safe,False,False,False
cbe1000-0415,evidence_does_not_grant_publish,evidence_does_not_grant_publish-075,publish_safe,evidence_support,0.85,authoritative,current,approved,False,block_false_authority,evidence_support_does_not_grant_publish_safe,block_false_authority,evidence_support_does_not_grant_publish_safe,False,False,False
cbe1000-0416,evidence_does_not_grant_publish,evidence_does_not_grant_publish-076,publish_safe,evidence_support,0.96,authoritative,current,approved,False,block_false_authority,evidence_support_does_not_grant_publish_safe,block_false_authority,evidence_support_does_not_grant_publish_safe,False,False,False
cbe1000-0417,evidence_does_not_grant_publish,evidence_does_not_grant_publish-077,publish_safe,evidence_support,0.93,authoritative,current,approved,False,block_false_authority,evidence_support_does_not_grant_publish_safe,block_false_authority,evidence_support_does_not_grant_publish_safe,False,False,False
cbe1000-0418,evidence_does_not_grant_publish,evidence_does_not_grant_publish-078,publish_safe,evidence_support,0.9,authoritative,current,approved,False,block_false_authority,evidence_support_does_not_grant_publish_safe,block_false_authority,evidence_support_does_not_grant_publish_safe,False,False,False
cbe1000-0419,evidence_does_not_grant_publish,evidence_does_not_grant_publish-079,publish_safe,evidence_support,0.87,authoritative,current,approved,False,block_false_authority,evidence_support_does_not_grant_publish_safe,block_false_authority,evidence_support_does_not_grant_publish_safe,False,False,False
cbe1000-0420,evidence_does_not_grant_publish,evidence_does_not_grant_publish-080,publish_safe,evidence_support,0.84,authoritative,current,approved,False,block_false_authority,evidence_support_does_not_grant_publish_safe,block_false_authority,evidence_support_does_not_grant_publish_safe,False,False,False
cbe1000-0421,evidence_does_not_grant_publish,evidence_does_not_grant_publish-081,publish_safe,evidence_support,0.95,authoritative,current,approved,False,block_false_authority,evidence_support_does_not_grant_publish_safe,block_false_authority,evidence_support_does_not_grant_publish_safe,False,False,False
cbe1000-0422,evidence_does_not_grant_publish,evidence_does_not_grant_publish-082,publish_safe,evidence_support,0.92,authoritative,current,approved,False,block_false_authority,evidence_support_does_not_grant_publish_safe,block_false_authority,evidence_support_does_not_grant_publish_safe,False,False,False
cbe1000-0423,evidence_does_not_grant_publish,evidence_does_not_grant_publish-083,publish_safe,evidence_support,0.89,authoritative,current,approved,False,block_false_authority,evidence_support_does_not_grant_publish_safe,block_false_authority,evidence_support_does_not_grant_publish_safe,False,False,False
cbe1000-0424,evidence_does_not_grant_publish,evidence_does_not_grant_publish-084,publish_safe,evidence_support,0.86,authoritative,current,approved,False,block_false_authority,evidence_support_does_not_grant_publish_safe,block_false_authority,evidence_support_does_not_grant_publish_safe,False,False,False
cbe1000-0425,evidence_does_not_grant_publish,evidence_does_not_grant_publish-085,publish_safe,evidence_support,0.97,authoritative,current,approved,False,block_false_authority,evidence_support_does_not_grant_publish_safe,block_false_authority,evidence_support_does_not_grant_publish_safe,False,False,False
cbe1000-0426,evidence_does_not_grant_publish,evidence_does_not_grant_publish-086,publish_safe,evidence_support,0.94,authoritative,current,approved,False,block_false_authority,evidence_support_does_not_grant_publish_safe,block_false_authority,evidence_support_does_not_grant_publish_safe,False,False,False
cbe1000-0427,evidence_does_not_grant_publish,evidence_does_not_grant_publish-087,publish_safe,evidence_support,0.91,authoritative,current,approved,False,block_false_authority,evidence_support_does_not_grant_publish_safe,block_false_authority,evidence_support_does_not_grant_publish_safe,False,False,False
cbe1000-0428,evidence_does_not_grant_publish,evidence_does_not_grant_publish-088,publish_safe,evidence_support,0.88,authoritative,current,approved,False,block_false_authority,evidence_support_does_not_grant_publish_safe,block_false_authority,evidence_support_does_not_grant_publish_safe,False,False,False
cbe1000-0429,evidence_does_not_grant_publish,evidence_does_not_grant_publish-089,publish_safe,evidence_support,0.85,authoritative,current,approved,False,block_false_authority,evidence_support_does_not_grant_publish_safe,block_false_authority,evidence_support_does_not_grant_publish_safe,False,False,False
cbe1000-0430,evidence_does_not_grant_publish,evidence_does_not_grant_publish-090,publish_safe,evidence_support,0.96,authoritative,current,approved,False,block_false_authority,evidence_support_does_not_grant_publish_safe,block_false_authority,evidence_support_does_not_grant_publish_safe,False,False,False
cbe1000-0431,stale_or_superseded_evidence_blocks_use,stale_or_superseded_evidence_blocks_use-001,evidence_support,evidence_support,0.93,authoritative,stale,none,False,block_false_authority,freshness_blocks_use,block_false_authority,freshness_state_stale,False,False,False
cbe1000-0432,stale_or_superseded_evidence_blocks_use,stale_or_superseded_evidence_blocks_use-002,evidence_support,evidence_support,0.9,authoritative,superseded,none,False,block_false_authority,freshness_blocks_use,block_false_authority,freshness_state_superseded,False,False,False
cbe1000-0433,stale_or_superseded_evidence_blocks_use,stale_or_superseded_evidence_blocks_use-003,evidence_support,evidence_support,0.87,authoritative,expired,none,False,block_false_authority,freshness_blocks_use,block_false_authority,freshness_state_expired,False,False,False
cbe1000-0434,stale_or_superseded_evidence_blocks_use,stale_or_superseded_evidence_blocks_use-004,evidence_support,evidence_support,0.84,authoritative,deprecated,none,False,block_false_authority,freshness_blocks_use,block_false_authority,freshness_state_deprecated,False,False,False
cbe1000-0435,stale_or_superseded_evidence_blocks_use,stale_or_superseded_evidence_blocks_use-005,evidence_support,evidence_support,0.95,authoritative,stale,none,False,block_false_authority,freshness_blocks_use,block_false_authority,freshness_state_stale,False,False,False
cbe1000-0436,stale_or_superseded_evidence_blocks_use,stale_or_superseded_evidence_blocks_use-006,evidence_support,evidence_support,0.92,authoritative,superseded,none,False,block_false_authority,freshness_blocks_use,block_false_authority,freshness_state_superseded,False,False,False
cbe1000-0437,stale_or_superseded_evidence_blocks_use,stale_or_superseded_evidence_blocks_use-007,evidence_support,evidence_support,0.89,authoritative,expired,none,False,block_false_authority,freshness_blocks_use,block_false_authority,freshness_state_expired,False,False,False
cbe1000-0438,stale_or_superseded_evidence_blocks_use,stale_or_superseded_evidence_blocks_use-008,evidence_support,evidence_support,0.86,authoritative,deprecated,none,False,block_false_authority,freshness_blocks_use,block_false_authority,freshness_state_deprecated,False,False,False
cbe1000-0439,stale_or_superseded_evidence_blocks_use,stale_or_superseded_evidence_blocks_use-009,evidence_support,evidence_support,0.97,authoritative,stale,none,False,block_false_authority,freshness_blocks_use,block_false_authority,freshness_state_stale,False,False,False
cbe1000-0440,stale_or_superseded_evidence_blocks_use,stale_or_superseded_evidence_blocks_use-010,evidence_support,evidence_support,0.94,authoritative,superseded,none,False,block_false_authority,freshness_blocks_use,block_false_authority,freshness_state_superseded,False,False,False
cbe1000-0441,stale_or_superseded_evidence_blocks_use,stale_or_superseded_evidence_blocks_use-011,evidence_support,evidence_support,0.91,authoritative,expired,none,False,block_false_authority,freshness_blocks_use,block_false_authority,freshness_state_expired,False,False,False
cbe1000-0442,stale_or_superseded_evidence_blocks_use,stale_or_superseded_evidence_blocks_use-012,evidence_support,evidence_support,0.88,authoritative,deprecated,none,False,block_false_authority,freshness_blocks_use,block_false_authority,freshness_state_deprecated,False,False,False
cbe1000-0443,stale_or_superseded_evidence_blocks_use,stale_or_superseded_evidence_blocks_use-013,evidence_support,evidence_support,0.85,authoritative,stale,none,False,block_false_authority,freshness_blocks_use,block_false_authority,freshness_state_stale,False,False,False
cbe1000-0444,stale_or_superseded_evidence_blocks_use,stale_or_superseded_evidence_blocks_use-014,evidence_support,evidence_support,0.96,authoritative,superseded,none,False,block_false_authority,freshness_blocks_use,block_false_authority,freshness_state_superseded,False,False,False
cbe1000-0445,stale_or_superseded_evidence_blocks_use,stale_or_superseded_evidence_blocks_use-015,evidence_support,evidence_support,0.93,authoritative,expired,none,False,block_false_authority,freshness_blocks_use,block_false_authority,freshness_state_expired,False,False,False
cbe1000-0446,stale_or_superseded_evidence_blocks_use,stale_or_superseded_evidence_blocks_use-016,evidence_support,evidence_support,0.9,authoritative,deprecated,none,False,block_false_authority,freshness_blocks_use,block_false_authority,freshness_state_deprecated,False,False,False
cbe1000-0447,stale_or_superseded_evidence_blocks_use,stale_or_superseded_evidence_blocks_use-017,evidence_support,evidence_support,0.87,authoritative,stale,none,False,block_false_authority,freshness_blocks_use,block_false_authority,freshness_state_stale,False,False,False
cbe1000-0448,stale_or_superseded_evidence_blocks_use,stale_or_superseded_evidence_blocks_use-018,evidence_support,evidence_support,0.84,authoritative,superseded,none,False,block_false_authority,freshness_blocks_use,block_false_authority,freshness_state_superseded,False,False,False
cbe1000-0449,stale_or_superseded_evidence_blocks_use,stale_or_superseded_evidence_blocks_use-019,evidence_support,evidence_support,0.95,authoritative,expired,none,False,block_false_authority,freshness_blocks_use,block_false_authority,freshness_state_expired,False,False,False
cbe1000-0450,stale_or_superseded_evidence_blocks_use,stale_or_superseded_evidence_blocks_use-020,evidence_support,evidence_support,0.92,authoritative,deprecated,none,False,block_false_authority,freshness_blocks_use,block_false_authority,freshness_state_deprecated,False,False,False
cbe1000-0451,stale_or_superseded_evidence_blocks_use,stale_or_superseded_evidence_blocks_use-021,evidence_support,evidence_support,0.89,authoritative,stale,none,False,block_false_authority,freshness_blocks_use,block_false_authority,freshness_state_stale,False,False,False
cbe1000-0452,stale_or_superseded_evidence_blocks_use,stale_or_superseded_evidence_blocks_use-022,evidence_support,evidence_support,0.86,authoritative,superseded,none,False,block_false_authority,freshness_blocks_use,block_false_authority,freshness_state_superseded,False,False,False
cbe1000-0453,stale_or_superseded_evidence_blocks_use,stale_or_superseded_evidence_blocks_use-023,evidence_support,evidence_support,0.97,authoritative,expired,none,False,block_false_authority,freshness_blocks_use,block_false_authority,freshness_state_expired,False,False,False
cbe1000-0454,stale_or_superseded_evidence_blocks_use,stale_or_superseded_evidence_blocks_use-024,evidence_support,evidence_support,0.94,authoritative,deprecated,none,False,block_false_authority,freshness_blocks_use,block_false_authority,freshness_state_deprecated,False,False,False
cbe1000-0455,stale_or_superseded_evidence_blocks_use,stale_or_superseded_evidence_blocks_use-025,evidence_support,evidence_support,0.91,authoritative,stale,none,False,block_false_authority,freshness_blocks_use,block_false_authority,freshness_state_stale,False,False,False
cbe1000-0456,stale_or_superseded_evidence_blocks_use,stale_or_superseded_evidence_blocks_use-026,evidence_support,evidence_support,0.88,authoritative,superseded,none,False,block_false_authority,freshness_blocks_use,block_false_authority,freshness_state_superseded,False,False,False
cbe1000-0457,stale_or_superseded_evidence_blocks_use,stale_or_superseded_evidence_blocks_use-027,evidence_support,evidence_support,0.85,authoritative,expired,none,False,block_false_authority,freshness_blocks_use,block_false_authority,freshness_state_expired,False,False,False
cbe1000-0458,stale_or_superseded_evidence_blocks_use,stale_or_superseded_evidence_blocks_use-028,evidence_support,evidence_support,0.96,authoritative,deprecated,none,False,block_false_authority,freshness_blocks_use,block_false_authority,freshness_state_deprecated,False,False,False
cbe1000-0459,stale_or_superseded_evidence_blocks_use,stale_or_superseded_evidence_blocks_use-029,evidence_support,evidence_support,0.93,authoritative,stale,none,False,block_false_authority,freshness_blocks_use,block_false_authority,freshness_state_stale,False,False,False
cbe1000-0460,stale_or_superseded_evidence_blocks_use,stale_or_superseded_evidence_blocks_use-030,evidence_support,evidence_support,0.9,authoritative,superseded,none,False,block_false_authority,freshness_blocks_use,block_false_authority,freshness_state_superseded,False,False,False
cbe1000-0461,stale_or_superseded_evidence_blocks_use,stale_or_superseded_evidence_blocks_use-031,evidence_support,evidence_support,0.87,authoritative,expired,none,False,block_false_authority,freshness_blocks_use,block_false_authority,freshness_state_expired,False,False,False
cbe1000-0462,stale_or_superseded_evidence_blocks_use,stale_or_superseded_evidence_blocks_use-032,evidence_support,evidence_support,0.84,authoritative,deprecated,none,False,block_false_authority,freshness_blocks_use,block_false_authority,freshness_state_deprecated,False,False,False
cbe1000-0463,stale_or_superseded_evidence_blocks_use,stale_or_superseded_evidence_blocks_use-033,evidence_support,evidence_support,0.95,authoritative,stale,none,False,block_false_authority,freshness_blocks_use,block_false_authority,freshness_state_stale,False,False,False
cbe1000-0464,stale_or_superseded_evidence_blocks_use,stale_or_superseded_evidence_blocks_use-034,evidence_support,evidence_support,0.92,authoritative,superseded,none,False,block_false_authority,freshness_blocks_use,block_false_authority,freshness_state_superseded,False,False,False
cbe1000-0465,stale_or_superseded_evidence_blocks_use,stale_or_superseded_evidence_blocks_use-035,evidence_support,evidence_support,0.89,authoritative,expired,none,False,block_false_authority,freshness_blocks_use,block_false_authority,freshness_state_expired,False,False,False
cbe1000-0466,stale_or_superseded_evidence_blocks_use,stale_or_superseded_evidence_blocks_use-036,evidence_support,evidence_support,0.86,authoritative,deprecated,none,False,block_false_authority,freshness_blocks_use,block_false_authority,freshness_state_deprecated,False,False,False
cbe1000-0467,stale_or_superseded_evidence_blocks_use,stale_or_superseded_evidence_blocks_use-037,evidence_support,evidence_support,0.97,authoritative,stale,none,False,block_false_authority,freshness_blocks_use,block_false_authority,freshness_state_stale,False,False,False
cbe1000-0468,stale_or_superseded_evidence_blocks_use,stale_or_superseded_evidence_blocks_use-038,evidence_support,evidence_support,0.94,authoritative,superseded,none,False,block_false_authority,freshness_blocks_use,block_false_authority,freshness_state_superseded,False,False,False
cbe1000-0469,stale_or_superseded_evidence_blocks_use,stale_or_superseded_evidence_blocks_use-039,evidence_support,evidence_support,0.91,authoritative,expired,none,False,block_false_authority,freshness_blocks_use,block_false_authority,freshness_state_expired,False,False,False
cbe1000-0470,stale_or_superseded_evidence_blocks_use,stale_or_superseded_evidence_blocks_use-040,evidence_support,evidence_support,0.88,authoritative,deprecated,none,False,block_false_authority,freshness_blocks_use,block_false_authority,freshness_state_deprecated,False,False,False
cbe1000-0471,stale_or_superseded_evidence_blocks_use,stale_or_superseded_evidence_blocks_use-041,evidence_support,evidence_support,0.85,authoritative,stale,none,False,block_false_authority,freshness_blocks_use,block_false_authority,freshness_state_stale,False,False,False
cbe1000-0472,stale_or_superseded_evidence_blocks_use,stale_or_superseded_evidence_blocks_use-042,evidence_support,evidence_support,0.96,authoritative,superseded,none,False,block_false_authority,freshness_blocks_use,block_false_authority,freshness_state_superseded,False,False,False
cbe1000-0473,stale_or_superseded_evidence_blocks_use,stale_or_superseded_evidence_blocks_use-043,evidence_support,evidence_support,0.93,authoritative,expired,none,False,block_false_authority,freshness_blocks_use,block_false_authority,freshness_state_expired,False,False,False
cbe1000-0474,stale_or_superseded_evidence_blocks_use,stale_or_superseded_evidence_blocks_use-044,evidence_support,evidence_support,0.9,authoritative,deprecated,none,False,block_false_authority,freshness_blocks_use,block_false_authority,freshness_state_deprecated,False,False,False
cbe1000-0475,stale_or_superseded_evidence_blocks_use,stale_or_superseded_evidence_blocks_use-045,evidence_support,evidence_support,0.87,authoritative,stale,none,False,block_false_authority,freshness_blocks_use,block_false_authority,freshness_state_stale,False,False,False
cbe1000-0476,stale_or_superseded_evidence_blocks_use,stale_or_superseded_evidence_blocks_use-046,evidence_support,evidence_support,0.84,authoritative,superseded,none,False,block_false_authority,freshness_blocks_use,block_false_authority,freshness_state_superseded,False,False,False
cbe1000-0477,stale_or_superseded_evidence_blocks_use,stale_or_superseded_evidence_blocks_use-047,evidence_support,evidence_support,0.95,authoritative,expired,none,False,block_false_authority,freshness_blocks_use,block_false_authority,freshness_state_expired,False,False,False
cbe1000-0478,stale_or_superseded_evidence_blocks_use,stale_or_superseded_evidence_blocks_use-048,evidence_support,evidence_support,0.92,authoritative,deprecated,none,False,block_false_authority,freshness_blocks_use,block_false_authority,freshness_state_deprecated,False,False,False
cbe1000-0479,stale_or_superseded_evidence_blocks_use,stale_or_superseded_evidence_blocks_use-049,evidence_support,evidence_support,0.89,authoritative,stale,none,False,block_false_authority,freshness_blocks_use,block_false_authority,freshness_state_stale,False,False,False
cbe1000-0480,stale_or_superseded_evidence_blocks_use,stale_or_superseded_evidence_blocks_use-050,evidence_support,evidence_support,0.86,authoritative,superseded,none,False,block_false_authority,freshness_blocks_use,block_false_authority,freshness_state_superseded,False,False,False
cbe1000-0481,stale_or_superseded_evidence_blocks_use,stale_or_superseded_evidence_blocks_use-051,evidence_support,evidence_support,0.97,authoritative,expired,none,False,block_false_authority,freshness_blocks_use,block_false_authority,freshness_state_expired,False,False,False
cbe1000-0482,stale_or_superseded_evidence_blocks_use,stale_or_superseded_evidence_blocks_use-052,evidence_support,evidence_support,0.94,authoritative,deprecated,none,False,block_false_authority,freshness_blocks_use,block_false_authority,freshness_state_deprecated,False,False,False
cbe1000-0483,stale_or_superseded_evidence_blocks_use,stale_or_superseded_evidence_blocks_use-053,evidence_support,evidence_support,0.91,authoritative,stale,none,False,block_false_authority,freshness_blocks_use,block_false_authority,freshness_state_stale,False,False,False
cbe1000-0484,stale_or_superseded_evidence_blocks_use,stale_or_superseded_evidence_blocks_use-054,evidence_support,evidence_support,0.88,authoritative,superseded,none,False,block_false_authority,freshness_blocks_use,block_false_authority,freshness_state_superseded,False,False,False
cbe1000-0485,stale_or_superseded_evidence_blocks_use,stale_or_superseded_evidence_blocks_use-055,evidence_support,evidence_support,0.85,authoritative,expired,none,False,block_false_authority,freshness_blocks_use,block_false_authority,freshness_state_expired,False,False,False
cbe1000-0486,stale_or_superseded_evidence_blocks_use,stale_or_superseded_evidence_blocks_use-056,evidence_support,evidence_support,0.96,authoritative,deprecated,none,False,block_false_authority,freshness_blocks_use,block_false_authority,freshness_state_deprecated,False,False,False
cbe1000-0487,stale_or_superseded_evidence_blocks_use,stale_or_superseded_evidence_blocks_use-057,evidence_support,evidence_support,0.93,authoritative,stale,none,False,block_false_authority,freshness_blocks_use,block_false_authority,freshness_state_stale,False,False,False
cbe1000-0488,stale_or_superseded_evidence_blocks_use,stale_or_superseded_evidence_blocks_use-058,evidence_support,evidence_support,0.9,authoritative,superseded,none,False,block_false_authority,freshness_blocks_use,block_false_authority,freshness_state_superseded,False,False,False
cbe1000-0489,stale_or_superseded_evidence_blocks_use,stale_or_superseded_evidence_blocks_use-059,evidence_support,evidence_support,0.87,authoritative,expired,none,False,block_false_authority,freshness_blocks_use,block_false_authority,freshness_state_expired,False,False,False
cbe1000-0490,stale_or_superseded_evidence_blocks_use,stale_or_superseded_evidence_blocks_use-060,evidence_support,evidence_support,0.84,authoritative,deprecated,none,False,block_false_authority,freshness_blocks_use,block_false_authority,freshness_state_deprecated,False,False,False
cbe1000-0491,stale_or_superseded_evidence_blocks_use,stale_or_superseded_evidence_blocks_use-061,evidence_support,evidence_support,0.95,authoritative,stale,none,False,block_false_authority,freshness_blocks_use,block_false_authority,freshness_state_stale,False,False,False
cbe1000-0492,stale_or_superseded_evidence_blocks_use,stale_or_superseded_evidence_blocks_use-062,evidence_support,evidence_support,0.92,authoritative,superseded,none,False,block_false_authority,freshness_blocks_use,block_false_authority,freshness_state_superseded,False,False,False
cbe1000-0493,stale_or_superseded_evidence_blocks_use,stale_or_superseded_evidence_blocks_use-063,evidence_support,evidence_support,0.89,authoritative,expired,none,False,block_false_authority,freshness_blocks_use,block_false_authority,freshness_state_expired,False,False,False
cbe1000-0494,stale_or_superseded_evidence_blocks_use,stale_or_superseded_evidence_blocks_use-064,evidence_support,evidence_support,0.86,authoritative,deprecated,none,False,block_false_authority,freshness_blocks_use,block_false_authority,freshness_state_deprecated,False,False,False
cbe1000-0495,stale_or_superseded_evidence_blocks_use,stale_or_superseded_evidence_blocks_use-065,evidence_support,evidence_support,0.97,authoritative,stale,none,False,block_false_authority,freshness_blocks_use,block_false_authority,freshness_state_stale,False,False,False
cbe1000-0496,stale_or_superseded_evidence_blocks_use,stale_or_superseded_evidence_blocks_use-066,evidence_support,evidence_support,0.94,authoritative,superseded,none,False,block_false_authority,freshness_blocks_use,block_false_authority,freshness_state_superseded,False,False,False
cbe1000-0497,stale_or_superseded_evidence_blocks_use,stale_or_superseded_evidence_blocks_use-067,evidence_support,evidence_support,0.91,authoritative,expired,none,False,block_false_authority,freshness_blocks_use,block_false_authority,freshness_state_expired,False,False,False
cbe1000-0498,stale_or_superseded_evidence_blocks_use,stale_or_superseded_evidence_blocks_use-068,evidence_support,evidence_support,0.88,authoritative,deprecated,none,False,block_false_authority,freshness_blocks_use,block_false_authority,freshness_state_deprecated,False,False,False
cbe1000-0499,stale_or_superseded_evidence_blocks_use,stale_or_superseded_evidence_blocks_use-069,evidence_support,evidence_support,0.85,authoritative,stale,none,False,block_false_authority,freshness_blocks_use,block_false_authority,freshness_state_stale,False,False,False
cbe1000-0500,stale_or_superseded_evidence_blocks_use,stale_or_superseded_evidence_blocks_use-070,evidence_support,evidence_support,0.96,authoritative,superseded,none,False,block_false_authority,freshness_blocks_use,block_false_authority,freshness_state_superseded,False,False,False
cbe1000-0501,stale_or_superseded_evidence_blocks_use,stale_or_superseded_evidence_blocks_use-071,evidence_support,evidence_support,0.93,authoritative,expired,none,False,block_false_authority,freshness_blocks_use,block_false_authority,freshness_state_expired,False,False,False
cbe1000-0502,stale_or_superseded_evidence_blocks_use,stale_or_superseded_evidence_blocks_use-072,evidence_support,evidence_support,0.9,authoritative,deprecated,none,False,block_false_authority,freshness_blocks_use,block_false_authority,freshness_state_deprecated,False,False,False
cbe1000-0503,stale_or_superseded_evidence_blocks_use,stale_or_superseded_evidence_blocks_use-073,evidence_support,evidence_support,0.87,authoritative,stale,none,False,block_false_authority,freshness_blocks_use,block_false_authority,freshness_state_stale,False,False,False
cbe1000-0504,stale_or_superseded_evidence_blocks_use,stale_or_superseded_evidence_blocks_use-074,evidence_support,evidence_support,0.84,authoritative,superseded,none,False,block_false_authority,freshness_blocks_use,block_false_authority,freshness_state_superseded,False,False,False
cbe1000-0505,stale_or_superseded_evidence_blocks_use,stale_or_superseded_evidence_blocks_use-075,evidence_support,evidence_support,0.95,authoritative,expired,none,False,block_false_authority,freshness_blocks_use,block_false_authority,freshness_state_expired,False,False,False
cbe1000-0506,stale_or_superseded_evidence_blocks_use,stale_or_superseded_evidence_blocks_use-076,evidence_support,evidence_support,0.92,authoritative,deprecated,none,False,block_false_authority,freshness_blocks_use,block_false_authority,freshness_state_deprecated,False,False,False
cbe1000-0507,stale_or_superseded_evidence_blocks_use,stale_or_superseded_evidence_blocks_use-077,evidence_support,evidence_support,0.89,authoritative,stale,none,False,block_false_authority,freshness_blocks_use,block_false_authority,freshness_state_stale,False,False,False
cbe1000-0508,stale_or_superseded_evidence_blocks_use,stale_or_superseded_evidence_blocks_use-078,evidence_support,evidence_support,0.86,authoritative,superseded,none,False,block_false_authority,freshness_blocks_use,block_false_authority,freshness_state_superseded,False,False,False
cbe1000-0509,stale_or_superseded_evidence_blocks_use,stale_or_superseded_evidence_blocks_use-079,evidence_support,evidence_support,0.97,authoritative,expired,none,False,block_false_authority,freshness_blocks_use,block_false_authority,freshness_state_expired,False,False,False
cbe1000-0510,stale_or_superseded_evidence_blocks_use,stale_or_superseded_evidence_blocks_use-080,evidence_support,evidence_support,0.94,authoritative,deprecated,none,False,block_false_authority,freshness_blocks_use,block_false_authority,freshness_state_deprecated,False,False,False
cbe1000-0511,stale_or_superseded_evidence_blocks_use,stale_or_superseded_evidence_blocks_use-081,evidence_support,evidence_support,0.91,authoritative,stale,none,False,block_false_authority,freshness_blocks_use,block_false_authority,freshness_state_stale,False,False,False
cbe1000-0512,stale_or_superseded_evidence_blocks_use,stale_or_superseded_evidence_blocks_use-082,evidence_support,evidence_support,0.88,authoritative,superseded,none,False,block_false_authority,freshness_blocks_use,block_false_authority,freshness_state_superseded,False,False,False
cbe1000-0513,stale_or_superseded_evidence_blocks_use,stale_or_superseded_evidence_blocks_use-083,evidence_support,evidence_support,0.85,authoritative,expired,none,False,block_false_authority,freshness_blocks_use,block_false_authority,freshness_state_expired,False,False,False
cbe1000-0514,stale_or_superseded_evidence_blocks_use,stale_or_superseded_evidence_blocks_use-084,evidence_support,evidence_support,0.96,authoritative,deprecated,none,False,block_false_authority,freshness_blocks_use,block_false_authority,freshness_state_deprecated,False,False,False
cbe1000-0515,stale_or_superseded_evidence_blocks_use,stale_or_superseded_evidence_blocks_use-085,evidence_support,evidence_support,0.93,authoritative,stale,none,False,block_false_authority,freshness_blocks_use,block_false_authority,freshness_state_stale,False,False,False
cbe1000-0516,stale_or_superseded_evidence_blocks_use,stale_or_superseded_evidence_blocks_use-086,evidence_support,evidence_support,0.9,authoritative,superseded,none,False,block_false_authority,freshness_blocks_use,block_false_authority,freshness_state_superseded,False,False,False
cbe1000-0517,stale_or_superseded_evidence_blocks_use,stale_or_superseded_evidence_blocks_use-087,evidence_support,evidence_support,0.87,authoritative,expired,none,False,block_false_authority,freshness_blocks_use,block_false_authority,freshness_state_expired,False,False,False
cbe1000-0518,stale_or_superseded_evidence_blocks_use,stale_or_superseded_evidence_blocks_use-088,evidence_support,evidence_support,0.84,authoritative,deprecated,none,False,block_false_authority,freshness_blocks_use,block_false_authority,freshness_state_deprecated,False,False,False
cbe1000-0519,stale_or_superseded_evidence_blocks_use,stale_or_superseded_evidence_blocks_use-089,evidence_support,evidence_support,0.95,authoritative,stale,none,False,block_false_authority,freshness_blocks_use,block_false_authority,freshness_state_stale,False,False,False
cbe1000-0520,stale_or_superseded_evidence_blocks_use,stale_or_superseded_evidence_blocks_use-090,evidence_support,evidence_support,0.92,authoritative,superseded,none,False,block_false_authority,freshness_blocks_use,block_false_authority,freshness_state_superseded,False,False,False
cbe1000-0521,contradiction_blocks_allow,contradiction_blocks_allow-001,evidence_support,contradiction,0.89,authoritative,current,none,False,block_contradiction,candidate_contradicts_requested_claim,block_contradiction,candidate_contradicts_requested_claim,False,False,False
cbe1000-0522,contradiction_blocks_allow,contradiction_blocks_allow-002,evidence_support,contradiction,0.86,authoritative,current,none,False,block_contradiction,candidate_contradicts_requested_claim,block_contradiction,candidate_contradicts_requested_claim,False,False,False
cbe1000-0523,contradiction_blocks_allow,contradiction_blocks_allow-003,evidence_support,contradiction,0.97,authoritative,current,none,False,block_contradiction,candidate_contradicts_requested_claim,block_contradiction,candidate_contradicts_requested_claim,False,False,False
cbe1000-0524,contradiction_blocks_allow,contradiction_blocks_allow-004,evidence_support,contradiction,0.94,authoritative,current,none,False,block_contradiction,candidate_contradicts_requested_claim,block_contradiction,candidate_contradicts_requested_claim,False,False,False
cbe1000-0525,contradiction_blocks_allow,contradiction_blocks_allow-005,evidence_support,contradiction,0.91,authoritative,current,none,False,block_contradiction,candidate_contradicts_requested_claim,block_contradiction,candidate_contradicts_requested_claim,False,False,False
cbe1000-0526,contradiction_blocks_allow,contradiction_blocks_allow-006,evidence_support,contradiction,0.88,authoritative,current,none,False,block_contradiction,candidate_contradicts_requested_claim,block_contradiction,candidate_contradicts_requested_claim,False,False,False
cbe1000-0527,contradiction_blocks_allow,contradiction_blocks_allow-007,evidence_support,contradiction,0.85,authoritative,current,none,False,block_contradiction,candidate_contradicts_requested_claim,block_contradiction,candidate_contradicts_requested_claim,False,False,False
cbe1000-0528,contradiction_blocks_allow,contradiction_blocks_allow-008,evidence_support,contradiction,0.96,authoritative,current,none,False,block_contradiction,candidate_contradicts_requested_claim,block_contradiction,candidate_contradicts_requested_claim,False,False,False
cbe1000-0529,contradiction_blocks_allow,contradiction_blocks_allow-009,evidence_support,contradiction,0.93,authoritative,current,none,False,block_contradiction,candidate_contradicts_requested_claim,block_contradiction,candidate_contradicts_requested_claim,False,False,False
cbe1000-0530,contradiction_blocks_allow,contradiction_blocks_allow-010,evidence_support,contradiction,0.9,authoritative,current,none,False,block_contradiction,candidate_contradicts_requested_claim,block_contradiction,candidate_contradicts_requested_claim,False,False,False
cbe1000-0531,contradiction_blocks_allow,contradiction_blocks_allow-011,evidence_support,contradiction,0.87,authoritative,current,none,False,block_contradiction,candidate_contradicts_requested_claim,block_contradiction,candidate_contradicts_requested_claim,False,False,False
cbe1000-0532,contradiction_blocks_allow,contradiction_blocks_allow-012,evidence_support,contradiction,0.84,authoritative,current,none,False,block_contradiction,candidate_contradicts_requested_claim,block_contradiction,candidate_contradicts_requested_claim,False,False,False
cbe1000-0533,contradiction_blocks_allow,contradiction_blocks_allow-013,evidence_support,contradiction,0.95,authoritative,current,none,False,block_contradiction,candidate_contradicts_requested_claim,block_contradiction,candidate_contradicts_requested_claim,False,False,False
cbe1000-0534,contradiction_blocks_allow,contradiction_blocks_allow-014,evidence_support,contradiction,0.92,authoritative,current,none,False,block_contradiction,candidate_contradicts_requested_claim,block_contradiction,candidate_contradicts_requested_claim,False,False,False
cbe1000-0535,contradiction_blocks_allow,contradiction_blocks_allow-015,evidence_support,contradiction,0.89,authoritative,current,none,False,block_contradiction,candidate_contradicts_requested_claim,block_contradiction,candidate_contradicts_requested_claim,False,False,False
cbe1000-0536,contradiction_blocks_allow,contradiction_blocks_allow-016,evidence_support,contradiction,0.86,authoritative,current,none,False,block_contradiction,candidate_contradicts_requested_claim,block_contradiction,candidate_contradicts_requested_claim,False,False,False
cbe1000-0537,contradiction_blocks_allow,contradiction_blocks_allow-017,evidence_support,contradiction,0.97,authoritative,current,none,False,block_contradiction,candidate_contradicts_requested_claim,block_contradiction,candidate_contradicts_requested_claim,False,False,False
cbe1000-0538,contradiction_blocks_allow,contradiction_blocks_allow-018,evidence_support,contradiction,0.94,authoritative,current,none,False,block_contradiction,candidate_contradicts_requested_claim,block_contradiction,candidate_contradicts_requested_claim,False,False,False
cbe1000-0539,contradiction_blocks_allow,contradiction_blocks_allow-019,evidence_support,contradiction,0.91,authoritative,current,none,False,block_contradiction,candidate_contradicts_requested_claim,block_contradiction,candidate_contradicts_requested_claim,False,False,False
cbe1000-0540,contradiction_blocks_allow,contradiction_blocks_allow-020,evidence_support,contradiction,0.88,authoritative,current,none,False,block_contradiction,candidate_contradicts_requested_claim,block_contradiction,candidate_contradicts_requested_claim,False,False,False
cbe1000-0541,contradiction_blocks_allow,contradiction_blocks_allow-021,evidence_support,contradiction,0.85,authoritative,current,none,False,block_contradiction,candidate_contradicts_requested_claim,block_contradiction,candidate_contradicts_requested_claim,False,False,False
cbe1000-0542,contradiction_blocks_allow,contradiction_blocks_allow-022,evidence_support,contradiction,0.96,authoritative,current,none,False,block_contradiction,candidate_contradicts_requested_claim,block_contradiction,candidate_contradicts_requested_claim,False,False,False
cbe1000-0543,contradiction_blocks_allow,contradiction_blocks_allow-023,evidence_support,contradiction,0.93,authoritative,current,none,False,block_contradiction,candidate_contradicts_requested_claim,block_contradiction,candidate_contradicts_requested_claim,False,False,False
cbe1000-0544,contradiction_blocks_allow,contradiction_blocks_allow-024,evidence_support,contradiction,0.9,authoritative,current,none,False,block_contradiction,candidate_contradicts_requested_claim,block_contradiction,candidate_contradicts_requested_claim,False,False,False
cbe1000-0545,contradiction_blocks_allow,contradiction_blocks_allow-025,evidence_support,contradiction,0.87,authoritative,current,none,False,block_contradiction,candidate_contradicts_requested_claim,block_contradiction,candidate_contradicts_requested_claim,False,False,False
cbe1000-0546,contradiction_blocks_allow,contradiction_blocks_allow-026,evidence_support,contradiction,0.84,authoritative,current,none,False,block_contradiction,candidate_contradicts_requested_claim,block_contradiction,candidate_contradicts_requested_claim,False,False,False
cbe1000-0547,contradiction_blocks_allow,contradiction_blocks_allow-027,evidence_support,contradiction,0.95,authoritative,current,none,False,block_contradiction,candidate_contradicts_requested_claim,block_contradiction,candidate_contradicts_requested_claim,False,False,False
cbe1000-0548,contradiction_blocks_allow,contradiction_blocks_allow-028,evidence_support,contradiction,0.92,authoritative,current,none,False,block_contradiction,candidate_contradicts_requested_claim,block_contradiction,candidate_contradicts_requested_claim,False,False,False
cbe1000-0549,contradiction_blocks_allow,contradiction_blocks_allow-029,evidence_support,contradiction,0.89,authoritative,current,none,False,block_contradiction,candidate_contradicts_requested_claim,block_contradiction,candidate_contradicts_requested_claim,False,False,False
cbe1000-0550,contradiction_blocks_allow,contradiction_blocks_allow-030,evidence_support,contradiction,0.86,authoritative,current,none,False,block_contradiction,candidate_contradicts_requested_claim,block_contradiction,candidate_contradicts_requested_claim,False,False,False
cbe1000-0551,contradiction_blocks_allow,contradiction_blocks_allow-031,evidence_support,contradiction,0.97,authoritative,current,none,False,block_contradiction,candidate_contradicts_requested_claim,block_contradiction,candidate_contradicts_requested_claim,False,False,False
cbe1000-0552,contradiction_blocks_allow,contradiction_blocks_allow-032,evidence_support,contradiction,0.94,authoritative,current,none,False,block_contradiction,candidate_contradicts_requested_claim,block_contradiction,candidate_contradicts_requested_claim,False,False,False
cbe1000-0553,contradiction_blocks_allow,contradiction_blocks_allow-033,evidence_support,contradiction,0.91,authoritative,current,none,False,block_contradiction,candidate_contradicts_requested_claim,block_contradiction,candidate_contradicts_requested_claim,False,False,False
cbe1000-0554,contradiction_blocks_allow,contradiction_blocks_allow-034,evidence_support,contradiction,0.88,authoritative,current,none,False,block_contradiction,candidate_contradicts_requested_claim,block_contradiction,candidate_contradicts_requested_claim,False,False,False
cbe1000-0555,contradiction_blocks_allow,contradiction_blocks_allow-035,evidence_support,contradiction,0.85,authoritative,current,none,False,block_contradiction,candidate_contradicts_requested_claim,block_contradiction,candidate_contradicts_requested_claim,False,False,False
cbe1000-0556,contradiction_blocks_allow,contradiction_blocks_allow-036,evidence_support,contradiction,0.96,authoritative,current,none,False,block_contradiction,candidate_contradicts_requested_claim,block_contradiction,candidate_contradicts_requested_claim,False,False,False
cbe1000-0557,contradiction_blocks_allow,contradiction_blocks_allow-037,evidence_support,contradiction,0.93,authoritative,current,none,False,block_contradiction,candidate_contradicts_requested_claim,block_contradiction,candidate_contradicts_requested_claim,False,False,False
cbe1000-0558,contradiction_blocks_allow,contradiction_blocks_allow-038,evidence_support,contradiction,0.9,authoritative,current,none,False,block_contradiction,candidate_contradicts_requested_claim,block_contradiction,candidate_contradicts_requested_claim,False,False,False
cbe1000-0559,contradiction_blocks_allow,contradiction_blocks_allow-039,evidence_support,contradiction,0.87,authoritative,current,none,False,block_contradiction,candidate_contradicts_requested_claim,block_contradiction,candidate_contradicts_requested_claim,False,False,False
cbe1000-0560,contradiction_blocks_allow,contradiction_blocks_allow-040,evidence_support,contradiction,0.84,authoritative,current,none,False,block_contradiction,candidate_contradicts_requested_claim,block_contradiction,candidate_contradicts_requested_claim,False,False,False
cbe1000-0561,contradiction_blocks_allow,contradiction_blocks_allow-041,evidence_support,contradiction,0.95,authoritative,current,none,False,block_contradiction,candidate_contradicts_requested_claim,block_contradiction,candidate_contradicts_requested_claim,False,False,False
cbe1000-0562,contradiction_blocks_allow,contradiction_blocks_allow-042,evidence_support,contradiction,0.92,authoritative,current,none,False,block_contradiction,candidate_contradicts_requested_claim,block_contradiction,candidate_contradicts_requested_claim,False,False,False
cbe1000-0563,contradiction_blocks_allow,contradiction_blocks_allow-043,evidence_support,contradiction,0.89,authoritative,current,none,False,block_contradiction,candidate_contradicts_requested_claim,block_contradiction,candidate_contradicts_requested_claim,False,False,False
cbe1000-0564,contradiction_blocks_allow,contradiction_blocks_allow-044,evidence_support,contradiction,0.86,authoritative,current,none,False,block_contradiction,candidate_contradicts_requested_claim,block_contradiction,candidate_contradicts_requested_claim,False,False,False
cbe1000-0565,contradiction_blocks_allow,contradiction_blocks_allow-045,evidence_support,contradiction,0.97,authoritative,current,none,False,block_contradiction,candidate_contradicts_requested_claim,block_contradiction,candidate_contradicts_requested_claim,False,False,False
cbe1000-0566,contradiction_blocks_allow,contradiction_blocks_allow-046,evidence_support,contradiction,0.94,authoritative,current,none,False,block_contradiction,candidate_contradicts_requested_claim,block_contradiction,candidate_contradicts_requested_claim,False,False,False
cbe1000-0567,contradiction_blocks_allow,contradiction_blocks_allow-047,evidence_support,contradiction,0.91,authoritative,current,none,False,block_contradiction,candidate_contradicts_requested_claim,block_contradiction,candidate_contradicts_requested_claim,False,False,False
cbe1000-0568,contradiction_blocks_allow,contradiction_blocks_allow-048,evidence_support,contradiction,0.88,authoritative,current,none,False,block_contradiction,candidate_contradicts_requested_claim,block_contradiction,candidate_contradicts_requested_claim,False,False,False
cbe1000-0569,contradiction_blocks_allow,contradiction_blocks_allow-049,evidence_support,contradiction,0.85,authoritative,current,none,False,block_contradiction,candidate_contradicts_requested_claim,block_contradiction,candidate_contradicts_requested_claim,False,False,False
cbe1000-0570,contradiction_blocks_allow,contradiction_blocks_allow-050,evidence_support,contradiction,0.96,authoritative,current,none,False,block_contradiction,candidate_contradicts_requested_claim,block_contradiction,candidate_contradicts_requested_claim,False,False,False
cbe1000-0571,contradiction_blocks_allow,contradiction_blocks_allow-051,evidence_support,contradiction,0.93,authoritative,current,none,False,block_contradiction,candidate_contradicts_requested_claim,block_contradiction,candidate_contradicts_requested_claim,False,False,False
cbe1000-0572,contradiction_blocks_allow,contradiction_blocks_allow-052,evidence_support,contradiction,0.9,authoritative,current,none,False,block_contradiction,candidate_contradicts_requested_claim,block_contradiction,candidate_contradicts_requested_claim,False,False,False
cbe1000-0573,contradiction_blocks_allow,contradiction_blocks_allow-053,evidence_support,contradiction,0.87,authoritative,current,none,False,block_contradiction,candidate_contradicts_requested_claim,block_contradiction,candidate_contradicts_requested_claim,False,False,False
cbe1000-0574,contradiction_blocks_allow,contradiction_blocks_allow-054,evidence_support,contradiction,0.84,authoritative,current,none,False,block_contradiction,candidate_contradicts_requested_claim,block_contradiction,candidate_contradicts_requested_claim,False,False,False
cbe1000-0575,contradiction_blocks_allow,contradiction_blocks_allow-055,evidence_support,contradiction,0.95,authoritative,current,none,False,block_contradiction,candidate_contradicts_requested_claim,block_contradiction,candidate_contradicts_requested_claim,False,False,False
cbe1000-0576,contradiction_blocks_allow,contradiction_blocks_allow-056,evidence_support,contradiction,0.92,authoritative,current,none,False,block_contradiction,candidate_contradicts_requested_claim,block_contradiction,candidate_contradicts_requested_claim,False,False,False
cbe1000-0577,contradiction_blocks_allow,contradiction_blocks_allow-057,evidence_support,contradiction,0.89,authoritative,current,none,False,block_contradiction,candidate_contradicts_requested_claim,block_contradiction,candidate_contradicts_requested_claim,False,False,False
cbe1000-0578,contradiction_blocks_allow,contradiction_blocks_allow-058,evidence_support,contradiction,0.86,authoritative,current,none,False,block_contradiction,candidate_contradicts_requested_claim,block_contradiction,candidate_contradicts_requested_claim,False,False,False
cbe1000-0579,contradiction_blocks_allow,contradiction_blocks_allow-059,evidence_support,contradiction,0.97,authoritative,current,none,False,block_contradiction,candidate_contradicts_requested_claim,block_contradiction,candidate_contradicts_requested_claim,False,False,False
cbe1000-0580,contradiction_blocks_allow,contradiction_blocks_allow-060,evidence_support,contradiction,0.94,authoritative,current,none,False,block_contradiction,candidate_contradicts_requested_claim,block_contradiction,candidate_contradicts_requested_claim,False,False,False
cbe1000-0581,contradiction_blocks_allow,contradiction_blocks_allow-061,evidence_support,contradiction,0.91,authoritative,current,none,False,block_contradiction,candidate_contradicts_requested_claim,block_contradiction,candidate_contradicts_requested_claim,False,False,False
cbe1000-0582,contradiction_blocks_allow,contradiction_blocks_allow-062,evidence_support,contradiction,0.88,authoritative,current,none,False,block_contradiction,candidate_contradicts_requested_claim,block_contradiction,candidate_contradicts_requested_claim,False,False,False
cbe1000-0583,contradiction_blocks_allow,contradiction_blocks_allow-063,evidence_support,contradiction,0.85,authoritative,current,none,False,block_contradiction,candidate_contradicts_requested_claim,block_contradiction,candidate_contradicts_requested_claim,False,False,False
cbe1000-0584,contradiction_blocks_allow,contradiction_blocks_allow-064,evidence_support,contradiction,0.96,authoritative,current,none,False,block_contradiction,candidate_contradicts_requested_claim,block_contradiction,candidate_contradicts_requested_claim,False,False,False
cbe1000-0585,contradiction_blocks_allow,contradiction_blocks_allow-065,evidence_support,contradiction,0.93,authoritative,current,none,False,block_contradiction,candidate_contradicts_requested_claim,block_contradiction,candidate_contradicts_requested_claim,False,False,False
cbe1000-0586,contradiction_blocks_allow,contradiction_blocks_allow-066,evidence_support,contradiction,0.9,authoritative,current,none,False,block_contradiction,candidate_contradicts_requested_claim,block_contradiction,candidate_contradicts_requested_claim,False,False,False
cbe1000-0587,contradiction_blocks_allow,contradiction_blocks_allow-067,evidence_support,contradiction,0.87,authoritative,current,none,False,block_contradiction,candidate_contradicts_requested_claim,block_contradiction,candidate_contradicts_requested_claim,False,False,False
cbe1000-0588,contradiction_blocks_allow,contradiction_blocks_allow-068,evidence_support,contradiction,0.84,authoritative,current,none,False,block_contradiction,candidate_contradicts_requested_claim,block_contradiction,candidate_contradicts_requested_claim,False,False,False
cbe1000-0589,contradiction_blocks_allow,contradiction_blocks_allow-069,evidence_support,contradiction,0.95,authoritative,current,none,False,block_contradiction,candidate_contradicts_requested_claim,block_contradiction,candidate_contradicts_requested_claim,False,False,False
cbe1000-0590,contradiction_blocks_allow,contradiction_blocks_allow-070,evidence_support,contradiction,0.92,authoritative,current,none,False,block_contradiction,candidate_contradicts_requested_claim,block_contradiction,candidate_contradicts_requested_claim,False,False,False
cbe1000-0591,contradiction_blocks_allow,contradiction_blocks_allow-071,evidence_support,contradiction,0.89,authoritative,current,none,False,block_contradiction,candidate_contradicts_requested_claim,block_contradiction,candidate_contradicts_requested_claim,False,False,False
cbe1000-0592,contradiction_blocks_allow,contradiction_blocks_allow-072,evidence_support,contradiction,0.86,authoritative,current,none,False,block_contradiction,candidate_contradicts_requested_claim,block_contradiction,candidate_contradicts_requested_claim,False,False,False
cbe1000-0593,contradiction_blocks_allow,contradiction_blocks_allow-073,evidence_support,contradiction,0.97,authoritative,current,none,False,block_contradiction,candidate_contradicts_requested_claim,block_contradiction,candidate_contradicts_requested_claim,False,False,False
cbe1000-0594,contradiction_blocks_allow,contradiction_blocks_allow-074,evidence_support,contradiction,0.94,authoritative,current,none,False,block_contradiction,candidate_contradicts_requested_claim,block_contradiction,candidate_contradicts_requested_claim,False,False,False
cbe1000-0595,contradiction_blocks_allow,contradiction_blocks_allow-075,evidence_support,contradiction,0.91,authoritative,current,none,False,block_contradiction,candidate_contradicts_requested_claim,block_contradiction,candidate_contradicts_requested_claim,False,False,False
cbe1000-0596,contradiction_blocks_allow,contradiction_blocks_allow-076,evidence_support,contradiction,0.88,authoritative,current,none,False,block_contradiction,candidate_contradicts_requested_claim,block_contradiction,candidate_contradicts_requested_claim,False,False,False
cbe1000-0597,contradiction_blocks_allow,contradiction_blocks_allow-077,evidence_support,contradiction,0.85,authoritative,current,none,False,block_contradiction,candidate_contradicts_requested_claim,block_contradiction,candidate_contradicts_requested_claim,False,False,False
cbe1000-0598,contradiction_blocks_allow,contradiction_blocks_allow-078,evidence_support,contradiction,0.96,authoritative,current,none,False,block_contradiction,candidate_contradicts_requested_claim,block_contradiction,candidate_contradicts_requested_claim,False,False,False
cbe1000-0599,contradiction_blocks_allow,contradiction_blocks_allow-079,evidence_support,contradiction,0.93,authoritative,current,none,False,block_contradiction,candidate_contradicts_requested_claim,block_contradiction,candidate_contradicts_requested_claim,False,False,False
cbe1000-0600,contradiction_blocks_allow,contradiction_blocks_allow-080,evidence_support,contradiction,0.9,authoritative,current,none,False,block_contradiction,candidate_contradicts_requested_claim,block_contradiction,candidate_contradicts_requested_claim,False,False,False
cbe1000-0601,contradiction_blocks_allow,contradiction_blocks_allow-081,evidence_support,contradiction,0.87,authoritative,current,none,False,block_contradiction,candidate_contradicts_requested_claim,block_contradiction,candidate_contradicts_requested_claim,False,False,False
cbe1000-0602,contradiction_blocks_allow,contradiction_blocks_allow-082,evidence_support,contradiction,0.84,authoritative,current,none,False,block_contradiction,candidate_contradicts_requested_claim,block_contradiction,candidate_contradicts_requested_claim,False,False,False
cbe1000-0603,contradiction_blocks_allow,contradiction_blocks_allow-083,evidence_support,contradiction,0.95,authoritative,current,none,False,block_contradiction,candidate_contradicts_requested_claim,block_contradiction,candidate_contradicts_requested_claim,False,False,False
cbe1000-0604,contradiction_blocks_allow,contradiction_blocks_allow-084,evidence_support,contradiction,0.92,authoritative,current,none,False,block_contradiction,candidate_contradicts_requested_claim,block_contradiction,candidate_contradicts_requested_claim,False,False,False
cbe1000-0605,contradiction_blocks_allow,contradiction_blocks_allow-085,evidence_support,contradiction,0.89,authoritative,current,none,False,block_contradiction,candidate_contradicts_requested_claim,block_contradiction,candidate_contradicts_requested_claim,False,False,False
cbe1000-0606,contradiction_blocks_allow,contradiction_blocks_allow-086,evidence_support,contradiction,0.86,authoritative,current,none,False,block_contradiction,candidate_contradicts_requested_claim,block_contradiction,candidate_contradicts_requested_claim,False,False,False
cbe1000-0607,contradiction_blocks_allow,contradiction_blocks_allow-087,evidence_support,contradiction,0.97,authoritative,current,none,False,block_contradiction,candidate_contradicts_requested_claim,block_contradiction,candidate_contradicts_requested_claim,False,False,False
cbe1000-0608,contradiction_blocks_allow,contradiction_blocks_allow-088,evidence_support,contradiction,0.94,authoritative,current,none,False,block_contradiction,candidate_contradicts_requested_claim,block_contradiction,candidate_contradicts_requested_claim,False,False,False
cbe1000-0609,contradiction_blocks_allow,contradiction_blocks_allow-089,evidence_support,contradiction,0.91,authoritative,current,none,False,block_contradiction,candidate_contradicts_requested_claim,block_contradiction,candidate_contradicts_requested_claim,False,False,False
cbe1000-0610,contradiction_blocks_allow,contradiction_blocks_allow-090,evidence_support,contradiction,0.88,authoritative,current,none,False,block_contradiction,candidate_contradicts_requested_claim,block_contradiction,candidate_contradicts_requested_claim,False,False,False
cbe1000-0611,privacy_blocks_all_downstream_use,privacy_blocks_all_downstream_use-001,customer_safe,privacy_blocked,0.85,internal,current,approved,True,block_privacy,privacy_boundary_blocks_all_use,block_privacy,privacy_boundary_blocks_all_use,False,False,False
cbe1000-0612,privacy_blocks_all_downstream_use,privacy_blocks_all_downstream_use-002,customer_safe,privacy_blocked,0.96,internal,current,approved,True,block_privacy,privacy_boundary_blocks_all_use,block_privacy,privacy_boundary_blocks_all_use,False,False,False
cbe1000-0613,privacy_blocks_all_downstream_use,privacy_blocks_all_downstream_use-003,customer_safe,privacy_blocked,0.93,internal,current,approved,True,block_privacy,privacy_boundary_blocks_all_use,block_privacy,privacy_boundary_blocks_all_use,False,False,False
cbe1000-0614,privacy_blocks_all_downstream_use,privacy_blocks_all_downstream_use-004,customer_safe,privacy_blocked,0.9,internal,current,approved,True,block_privacy,privacy_boundary_blocks_all_use,block_privacy,privacy_boundary_blocks_all_use,False,False,False
cbe1000-0615,privacy_blocks_all_downstream_use,privacy_blocks_all_downstream_use-005,customer_safe,privacy_blocked,0.87,internal,current,approved,True,block_privacy,privacy_boundary_blocks_all_use,block_privacy,privacy_boundary_blocks_all_use,False,False,False
cbe1000-0616,privacy_blocks_all_downstream_use,privacy_blocks_all_downstream_use-006,customer_safe,privacy_blocked,0.84,internal,current,approved,True,block_privacy,privacy_boundary_blocks_all_use,block_privacy,privacy_boundary_blocks_all_use,False,False,False
cbe1000-0617,privacy_blocks_all_downstream_use,privacy_blocks_all_downstream_use-007,customer_safe,privacy_blocked,0.95,internal,current,approved,True,block_privacy,privacy_boundary_blocks_all_use,block_privacy,privacy_boundary_blocks_all_use,False,False,False
cbe1000-0618,privacy_blocks_all_downstream_use,privacy_blocks_all_downstream_use-008,customer_safe,privacy_blocked,0.92,internal,current,approved,True,block_privacy,privacy_boundary_blocks_all_use,block_privacy,privacy_boundary_blocks_all_use,False,False,False
cbe1000-0619,privacy_blocks_all_downstream_use,privacy_blocks_all_downstream_use-009,customer_safe,privacy_blocked,0.89,internal,current,approved,True,block_privacy,privacy_boundary_blocks_all_use,block_privacy,privacy_boundary_blocks_all_use,False,False,False
cbe1000-0620,privacy_blocks_all_downstream_use,privacy_blocks_all_downstream_use-010,customer_safe,privacy_blocked,0.86,internal,current,approved,True,block_privacy,privacy_boundary_blocks_all_use,block_privacy,privacy_boundary_blocks_all_use,False,False,False
cbe1000-0621,privacy_blocks_all_downstream_use,privacy_blocks_all_downstream_use-011,customer_safe,privacy_blocked,0.97,internal,current,approved,True,block_privacy,privacy_boundary_blocks_all_use,block_privacy,privacy_boundary_blocks_all_use,False,False,False
cbe1000-0622,privacy_blocks_all_downstream_use,privacy_blocks_all_downstream_use-012,customer_safe,privacy_blocked,0.94,internal,current,approved,True,block_privacy,privacy_boundary_blocks_all_use,block_privacy,privacy_boundary_blocks_all_use,False,False,False
cbe1000-0623,privacy_blocks_all_downstream_use,privacy_blocks_all_downstream_use-013,customer_safe,privacy_blocked,0.91,internal,current,approved,True,block_privacy,privacy_boundary_blocks_all_use,block_privacy,privacy_boundary_blocks_all_use,False,False,False
cbe1000-0624,privacy_blocks_all_downstream_use,privacy_blocks_all_downstream_use-014,customer_safe,privacy_blocked,0.88,internal,current,approved,True,block_privacy,privacy_boundary_blocks_all_use,block_privacy,privacy_boundary_blocks_all_use,False,False,False
cbe1000-0625,privacy_blocks_all_downstream_use,privacy_blocks_all_downstream_use-015,customer_safe,privacy_blocked,0.85,internal,current,approved,True,block_privacy,privacy_boundary_blocks_all_use,block_privacy,privacy_boundary_blocks_all_use,False,False,False
cbe1000-0626,privacy_blocks_all_downstream_use,privacy_blocks_all_downstream_use-016,customer_safe,privacy_blocked,0.96,internal,current,approved,True,block_privacy,privacy_boundary_blocks_all_use,block_privacy,privacy_boundary_blocks_all_use,False,False,False
cbe1000-0627,privacy_blocks_all_downstream_use,privacy_blocks_all_downstream_use-017,customer_safe,privacy_blocked,0.93,internal,current,approved,True,block_privacy,privacy_boundary_blocks_all_use,block_privacy,privacy_boundary_blocks_all_use,False,False,False
cbe1000-0628,privacy_blocks_all_downstream_use,privacy_blocks_all_downstream_use-018,customer_safe,privacy_blocked,0.9,internal,current,approved,True,block_privacy,privacy_boundary_blocks_all_use,block_privacy,privacy_boundary_blocks_all_use,False,False,False
cbe1000-0629,privacy_blocks_all_downstream_use,privacy_blocks_all_downstream_use-019,customer_safe,privacy_blocked,0.87,internal,current,approved,True,block_privacy,privacy_boundary_blocks_all_use,block_privacy,privacy_boundary_blocks_all_use,False,False,False
cbe1000-0630,privacy_blocks_all_downstream_use,privacy_blocks_all_downstream_use-020,customer_safe,privacy_blocked,0.84,internal,current,approved,True,block_privacy,privacy_boundary_blocks_all_use,block_privacy,privacy_boundary_blocks_all_use,False,False,False
cbe1000-0631,privacy_blocks_all_downstream_use,privacy_blocks_all_downstream_use-021,customer_safe,privacy_blocked,0.95,internal,current,approved,True,block_privacy,privacy_boundary_blocks_all_use,block_privacy,privacy_boundary_blocks_all_use,False,False,False
cbe1000-0632,privacy_blocks_all_downstream_use,privacy_blocks_all_downstream_use-022,customer_safe,privacy_blocked,0.92,internal,current,approved,True,block_privacy,privacy_boundary_blocks_all_use,block_privacy,privacy_boundary_blocks_all_use,False,False,False
cbe1000-0633,privacy_blocks_all_downstream_use,privacy_blocks_all_downstream_use-023,customer_safe,privacy_blocked,0.89,internal,current,approved,True,block_privacy,privacy_boundary_blocks_all_use,block_privacy,privacy_boundary_blocks_all_use,False,False,False
cbe1000-0634,privacy_blocks_all_downstream_use,privacy_blocks_all_downstream_use-024,customer_safe,privacy_blocked,0.86,internal,current,approved,True,block_privacy,privacy_boundary_blocks_all_use,block_privacy,privacy_boundary_blocks_all_use,False,False,False
cbe1000-0635,privacy_blocks_all_downstream_use,privacy_blocks_all_downstream_use-025,customer_safe,privacy_blocked,0.97,internal,current,approved,True,block_privacy,privacy_boundary_blocks_all_use,block_privacy,privacy_boundary_blocks_all_use,False,False,False
cbe1000-0636,privacy_blocks_all_downstream_use,privacy_blocks_all_downstream_use-026,customer_safe,privacy_blocked,0.94,internal,current,approved,True,block_privacy,privacy_boundary_blocks_all_use,block_privacy,privacy_boundary_blocks_all_use,False,False,False
cbe1000-0637,privacy_blocks_all_downstream_use,privacy_blocks_all_downstream_use-027,customer_safe,privacy_blocked,0.91,internal,current,approved,True,block_privacy,privacy_boundary_blocks_all_use,block_privacy,privacy_boundary_blocks_all_use,False,False,False
cbe1000-0638,privacy_blocks_all_downstream_use,privacy_blocks_all_downstream_use-028,customer_safe,privacy_blocked,0.88,internal,current,approved,True,block_privacy,privacy_boundary_blocks_all_use,block_privacy,privacy_boundary_blocks_all_use,False,False,False
cbe1000-0639,privacy_blocks_all_downstream_use,privacy_blocks_all_downstream_use-029,customer_safe,privacy_blocked,0.85,internal,current,approved,True,block_privacy,privacy_boundary_blocks_all_use,block_privacy,privacy_boundary_blocks_all_use,False,False,False
cbe1000-0640,privacy_blocks_all_downstream_use,privacy_blocks_all_downstream_use-030,customer_safe,privacy_blocked,0.96,internal,current,approved,True,block_privacy,privacy_boundary_blocks_all_use,block_privacy,privacy_boundary_blocks_all_use,False,False,False
cbe1000-0641,privacy_blocks_all_downstream_use,privacy_blocks_all_downstream_use-031,customer_safe,privacy_blocked,0.93,internal,current,approved,True,block_privacy,privacy_boundary_blocks_all_use,block_privacy,privacy_boundary_blocks_all_use,False,False,False
cbe1000-0642,privacy_blocks_all_downstream_use,privacy_blocks_all_downstream_use-032,customer_safe,privacy_blocked,0.9,internal,current,approved,True,block_privacy,privacy_boundary_blocks_all_use,block_privacy,privacy_boundary_blocks_all_use,False,False,False
cbe1000-0643,privacy_blocks_all_downstream_use,privacy_blocks_all_downstream_use-033,customer_safe,privacy_blocked,0.87,internal,current,approved,True,block_privacy,privacy_boundary_blocks_all_use,block_privacy,privacy_boundary_blocks_all_use,False,False,False
cbe1000-0644,privacy_blocks_all_downstream_use,privacy_blocks_all_downstream_use-034,customer_safe,privacy_blocked,0.84,internal,current,approved,True,block_privacy,privacy_boundary_blocks_all_use,block_privacy,privacy_boundary_blocks_all_use,False,False,False
cbe1000-0645,privacy_blocks_all_downstream_use,privacy_blocks_all_downstream_use-035,customer_safe,privacy_blocked,0.95,internal,current,approved,True,block_privacy,privacy_boundary_blocks_all_use,block_privacy,privacy_boundary_blocks_all_use,False,False,False
cbe1000-0646,privacy_blocks_all_downstream_use,privacy_blocks_all_downstream_use-036,customer_safe,privacy_blocked,0.92,internal,current,approved,True,block_privacy,privacy_boundary_blocks_all_use,block_privacy,privacy_boundary_blocks_all_use,False,False,False
cbe1000-0647,privacy_blocks_all_downstream_use,privacy_blocks_all_downstream_use-037,customer_safe,privacy_blocked,0.89,internal,current,approved,True,block_privacy,privacy_boundary_blocks_all_use,block_privacy,privacy_boundary_blocks_all_use,False,False,False
cbe1000-0648,privacy_blocks_all_downstream_use,privacy_blocks_all_downstream_use-038,customer_safe,privacy_blocked,0.86,internal,current,approved,True,block_privacy,privacy_boundary_blocks_all_use,block_privacy,privacy_boundary_blocks_all_use,False,False,False
cbe1000-0649,privacy_blocks_all_downstream_use,privacy_blocks_all_downstream_use-039,customer_safe,privacy_blocked,0.97,internal,current,approved,True,block_privacy,privacy_boundary_blocks_all_use,block_privacy,privacy_boundary_blocks_all_use,False,False,False
cbe1000-0650,privacy_blocks_all_downstream_use,privacy_blocks_all_downstream_use-040,customer_safe,privacy_blocked,0.94,internal,current,approved,True,block_privacy,privacy_boundary_blocks_all_use,block_privacy,privacy_boundary_blocks_all_use,False,False,False
cbe1000-0651,privacy_blocks_all_downstream_use,privacy_blocks_all_downstream_use-041,customer_safe,privacy_blocked,0.91,internal,current,approved,True,block_privacy,privacy_boundary_blocks_all_use,block_privacy,privacy_boundary_blocks_all_use,False,False,False
cbe1000-0652,privacy_blocks_all_downstream_use,privacy_blocks_all_downstream_use-042,customer_safe,privacy_blocked,0.88,internal,current,approved,True,block_privacy,privacy_boundary_blocks_all_use,block_privacy,privacy_boundary_blocks_all_use,False,False,False
cbe1000-0653,privacy_blocks_all_downstream_use,privacy_blocks_all_downstream_use-043,customer_safe,privacy_blocked,0.85,internal,current,approved,True,block_privacy,privacy_boundary_blocks_all_use,block_privacy,privacy_boundary_blocks_all_use,False,False,False
cbe1000-0654,privacy_blocks_all_downstream_use,privacy_blocks_all_downstream_use-044,customer_safe,privacy_blocked,0.96,internal,current,approved,True,block_privacy,privacy_boundary_blocks_all_use,block_privacy,privacy_boundary_blocks_all_use,False,False,False
cbe1000-0655,privacy_blocks_all_downstream_use,privacy_blocks_all_downstream_use-045,customer_safe,privacy_blocked,0.93,internal,current,approved,True,block_privacy,privacy_boundary_blocks_all_use,block_privacy,privacy_boundary_blocks_all_use,False,False,False
cbe1000-0656,privacy_blocks_all_downstream_use,privacy_blocks_all_downstream_use-046,customer_safe,privacy_blocked,0.9,internal,current,approved,True,block_privacy,privacy_boundary_blocks_all_use,block_privacy,privacy_boundary_blocks_all_use,False,False,False
cbe1000-0657,privacy_blocks_all_downstream_use,privacy_blocks_all_downstream_use-047,customer_safe,privacy_blocked,0.87,internal,current,approved,True,block_privacy,privacy_boundary_blocks_all_use,block_privacy,privacy_boundary_blocks_all_use,False,False,False
cbe1000-0658,privacy_blocks_all_downstream_use,privacy_blocks_all_downstream_use-048,customer_safe,privacy_blocked,0.84,internal,current,approved,True,block_privacy,privacy_boundary_blocks_all_use,block_privacy,privacy_boundary_blocks_all_use,False,False,False
cbe1000-0659,privacy_blocks_all_downstream_use,privacy_blocks_all_downstream_use-049,customer_safe,privacy_blocked,0.95,internal,current,approved,True,block_privacy,privacy_boundary_blocks_all_use,block_privacy,privacy_boundary_blocks_all_use,False,False,False
cbe1000-0660,privacy_blocks_all_downstream_use,privacy_blocks_all_downstream_use-050,customer_safe,privacy_blocked,0.92,internal,current,approved,True,block_privacy,privacy_boundary_blocks_all_use,block_privacy,privacy_boundary_blocks_all_use,False,False,False
cbe1000-0661,privacy_blocks_all_downstream_use,privacy_blocks_all_downstream_use-051,customer_safe,privacy_blocked,0.89,internal,current,approved,True,block_privacy,privacy_boundary_blocks_all_use,block_privacy,privacy_boundary_blocks_all_use,False,False,False
cbe1000-0662,privacy_blocks_all_downstream_use,privacy_blocks_all_downstream_use-052,customer_safe,privacy_blocked,0.86,internal,current,approved,True,block_privacy,privacy_boundary_blocks_all_use,block_privacy,privacy_boundary_blocks_all_use,False,False,False
cbe1000-0663,privacy_blocks_all_downstream_use,privacy_blocks_all_downstream_use-053,customer_safe,privacy_blocked,0.97,internal,current,approved,True,block_privacy,privacy_boundary_blocks_all_use,block_privacy,privacy_boundary_blocks_all_use,False,False,False
cbe1000-0664,privacy_blocks_all_downstream_use,privacy_blocks_all_downstream_use-054,customer_safe,privacy_blocked,0.94,internal,current,approved,True,block_privacy,privacy_boundary_blocks_all_use,block_privacy,privacy_boundary_blocks_all_use,False,False,False
cbe1000-0665,privacy_blocks_all_downstream_use,privacy_blocks_all_downstream_use-055,customer_safe,privacy_blocked,0.91,internal,current,approved,True,block_privacy,privacy_boundary_blocks_all_use,block_privacy,privacy_boundary_blocks_all_use,False,False,False
cbe1000-0666,privacy_blocks_all_downstream_use,privacy_blocks_all_downstream_use-056,customer_safe,privacy_blocked,0.88,internal,current,approved,True,block_privacy,privacy_boundary_blocks_all_use,block_privacy,privacy_boundary_blocks_all_use,False,False,False
cbe1000-0667,privacy_blocks_all_downstream_use,privacy_blocks_all_downstream_use-057,customer_safe,privacy_blocked,0.85,internal,current,approved,True,block_privacy,privacy_boundary_blocks_all_use,block_privacy,privacy_boundary_blocks_all_use,False,False,False
cbe1000-0668,privacy_blocks_all_downstream_use,privacy_blocks_all_downstream_use-058,customer_safe,privacy_blocked,0.96,internal,current,approved,True,block_privacy,privacy_boundary_blocks_all_use,block_privacy,privacy_boundary_blocks_all_use,False,False,False
cbe1000-0669,privacy_blocks_all_downstream_use,privacy_blocks_all_downstream_use-059,customer_safe,privacy_blocked,0.93,internal,current,approved,True,block_privacy,privacy_boundary_blocks_all_use,block_privacy,privacy_boundary_blocks_all_use,False,False,False
cbe1000-0670,privacy_blocks_all_downstream_use,privacy_blocks_all_downstream_use-060,customer_safe,privacy_blocked,0.9,internal,current,approved,True,block_privacy,privacy_boundary_blocks_all_use,block_privacy,privacy_boundary_blocks_all_use,False,False,False
cbe1000-0671,privacy_blocks_all_downstream_use,privacy_blocks_all_downstream_use-061,customer_safe,privacy_blocked,0.87,internal,current,approved,True,block_privacy,privacy_boundary_blocks_all_use,block_privacy,privacy_boundary_blocks_all_use,False,False,False
cbe1000-0672,privacy_blocks_all_downstream_use,privacy_blocks_all_downstream_use-062,customer_safe,privacy_blocked,0.84,internal,current,approved,True,block_privacy,privacy_boundary_blocks_all_use,block_privacy,privacy_boundary_blocks_all_use,False,False,False
cbe1000-0673,privacy_blocks_all_downstream_use,privacy_blocks_all_downstream_use-063,customer_safe,privacy_blocked,0.95,internal,current,approved,True,block_privacy,privacy_boundary_blocks_all_use,block_privacy,privacy_boundary_blocks_all_use,False,False,False
cbe1000-0674,privacy_blocks_all_downstream_use,privacy_blocks_all_downstream_use-064,customer_safe,privacy_blocked,0.92,internal,current,approved,True,block_privacy,privacy_boundary_blocks_all_use,block_privacy,privacy_boundary_blocks_all_use,False,False,False
cbe1000-0675,privacy_blocks_all_downstream_use,privacy_blocks_all_downstream_use-065,customer_safe,privacy_blocked,0.89,internal,current,approved,True,block_privacy,privacy_boundary_blocks_all_use,block_privacy,privacy_boundary_blocks_all_use,False,False,False
cbe1000-0676,privacy_blocks_all_downstream_use,privacy_blocks_all_downstream_use-066,customer_safe,privacy_blocked,0.86,internal,current,approved,True,block_privacy,privacy_boundary_blocks_all_use,block_privacy,privacy_boundary_blocks_all_use,False,False,False
cbe1000-0677,privacy_blocks_all_downstream_use,privacy_blocks_all_downstream_use-067,customer_safe,privacy_blocked,0.97,internal,current,approved,True,block_privacy,privacy_boundary_blocks_all_use,block_privacy,privacy_boundary_blocks_all_use,False,False,False
cbe1000-0678,privacy_blocks_all_downstream_use,privacy_blocks_all_downstream_use-068,customer_safe,privacy_blocked,0.94,internal,current,approved,True,block_privacy,privacy_boundary_blocks_all_use,block_privacy,privacy_boundary_blocks_all_use,False,False,False
cbe1000-0679,privacy_blocks_all_downstream_use,privacy_blocks_all_downstream_use-069,customer_safe,privacy_blocked,0.91,internal,current,approved,True,block_privacy,privacy_boundary_blocks_all_use,block_privacy,privacy_boundary_blocks_all_use,False,False,False
cbe1000-0680,privacy_blocks_all_downstream_use,privacy_blocks_all_downstream_use-070,customer_safe,privacy_blocked,0.88,internal,current,approved,True,block_privacy,privacy_boundary_blocks_all_use,block_privacy,privacy_boundary_blocks_all_use,False,False,False
cbe1000-0681,privacy_blocks_all_downstream_use,privacy_blocks_all_downstream_use-071,customer_safe,privacy_blocked,0.85,internal,current,approved,True,block_privacy,privacy_boundary_blocks_all_use,block_privacy,privacy_boundary_blocks_all_use,False,False,False
cbe1000-0682,privacy_blocks_all_downstream_use,privacy_blocks_all_downstream_use-072,customer_safe,privacy_blocked,0.96,internal,current,approved,True,block_privacy,privacy_boundary_blocks_all_use,block_privacy,privacy_boundary_blocks_all_use,False,False,False
cbe1000-0683,privacy_blocks_all_downstream_use,privacy_blocks_all_downstream_use-073,customer_safe,privacy_blocked,0.93,internal,current,approved,True,block_privacy,privacy_boundary_blocks_all_use,block_privacy,privacy_boundary_blocks_all_use,False,False,False
cbe1000-0684,privacy_blocks_all_downstream_use,privacy_blocks_all_downstream_use-074,customer_safe,privacy_blocked,0.9,internal,current,approved,True,block_privacy,privacy_boundary_blocks_all_use,block_privacy,privacy_boundary_blocks_all_use,False,False,False
cbe1000-0685,privacy_blocks_all_downstream_use,privacy_blocks_all_downstream_use-075,customer_safe,privacy_blocked,0.87,internal,current,approved,True,block_privacy,privacy_boundary_blocks_all_use,block_privacy,privacy_boundary_blocks_all_use,False,False,False
cbe1000-0686,privacy_blocks_all_downstream_use,privacy_blocks_all_downstream_use-076,customer_safe,privacy_blocked,0.84,internal,current,approved,True,block_privacy,privacy_boundary_blocks_all_use,block_privacy,privacy_boundary_blocks_all_use,False,False,False
cbe1000-0687,privacy_blocks_all_downstream_use,privacy_blocks_all_downstream_use-077,customer_safe,privacy_blocked,0.95,internal,current,approved,True,block_privacy,privacy_boundary_blocks_all_use,block_privacy,privacy_boundary_blocks_all_use,False,False,False
cbe1000-0688,privacy_blocks_all_downstream_use,privacy_blocks_all_downstream_use-078,customer_safe,privacy_blocked,0.92,internal,current,approved,True,block_privacy,privacy_boundary_blocks_all_use,block_privacy,privacy_boundary_blocks_all_use,False,False,False
cbe1000-0689,privacy_blocks_all_downstream_use,privacy_blocks_all_downstream_use-079,customer_safe,privacy_blocked,0.89,internal,current,approved,True,block_privacy,privacy_boundary_blocks_all_use,block_privacy,privacy_boundary_blocks_all_use,False,False,False
cbe1000-0690,privacy_blocks_all_downstream_use,privacy_blocks_all_downstream_use-080,customer_safe,privacy_blocked,0.86,internal,current,approved,True,block_privacy,privacy_boundary_blocks_all_use,block_privacy,privacy_boundary_blocks_all_use,False,False,False
cbe1000-0691,valid_evidence_support,valid_evidence_support-001,evidence_support,evidence_support,0.97,authoritative,current,none,False,allow_evidence,boundary_grants_evidence_support,allow_evidence,boundary_grants_evidence_support,True,False,False
cbe1000-0692,valid_evidence_support,valid_evidence_support-002,evidence_support,evidence_support,0.94,authoritative,current,none,False,allow_evidence,boundary_grants_evidence_support,allow_evidence,boundary_grants_evidence_support,True,False,False
cbe1000-0693,valid_evidence_support,valid_evidence_support-003,evidence_support,evidence_support,0.91,authoritative,current,none,False,allow_evidence,boundary_grants_evidence_support,allow_evidence,boundary_grants_evidence_support,True,False,False
cbe1000-0694,valid_evidence_support,valid_evidence_support-004,evidence_support,evidence_support,0.88,authoritative,current,none,False,allow_evidence,boundary_grants_evidence_support,allow_evidence,boundary_grants_evidence_support,True,False,False
cbe1000-0695,valid_evidence_support,valid_evidence_support-005,evidence_support,evidence_support,0.85,authoritative,current,none,False,allow_evidence,boundary_grants_evidence_support,allow_evidence,boundary_grants_evidence_support,True,False,False
cbe1000-0696,valid_evidence_support,valid_evidence_support-006,evidence_support,evidence_support,0.96,authoritative,current,none,False,allow_evidence,boundary_grants_evidence_support,allow_evidence,boundary_grants_evidence_support,True,False,False
cbe1000-0697,valid_evidence_support,valid_evidence_support-007,evidence_support,evidence_support,0.93,authoritative,current,none,False,allow_evidence,boundary_grants_evidence_support,allow_evidence,boundary_grants_evidence_support,True,False,False
cbe1000-0698,valid_evidence_support,valid_evidence_support-008,evidence_support,evidence_support,0.9,authoritative,current,none,False,allow_evidence,boundary_grants_evidence_support,allow_evidence,boundary_grants_evidence_support,True,False,False
cbe1000-0699,valid_evidence_support,valid_evidence_support-009,evidence_support,evidence_support,0.87,authoritative,current,none,False,allow_evidence,boundary_grants_evidence_support,allow_evidence,boundary_grants_evidence_support,True,False,False
cbe1000-0700,valid_evidence_support,valid_evidence_support-010,evidence_support,evidence_support,0.84,authoritative,current,none,False,allow_evidence,boundary_grants_evidence_support,allow_evidence,boundary_grants_evidence_support,True,False,False
cbe1000-0701,valid_evidence_support,valid_evidence_support-011,evidence_support,evidence_support,0.95,authoritative,current,none,False,allow_evidence,boundary_grants_evidence_support,allow_evidence,boundary_grants_evidence_support,True,False,False
cbe1000-0702,valid_evidence_support,valid_evidence_support-012,evidence_support,evidence_support,0.92,authoritative,current,none,False,allow_evidence,boundary_grants_evidence_support,allow_evidence,boundary_grants_evidence_support,True,False,False
cbe1000-0703,valid_evidence_support,valid_evidence_support-013,evidence_support,evidence_support,0.89,authoritative,current,none,False,allow_evidence,boundary_grants_evidence_support,allow_evidence,boundary_grants_evidence_support,True,False,False
cbe1000-0704,valid_evidence_support,valid_evidence_support-014,evidence_support,evidence_support,0.86,authoritative,current,none,False,allow_evidence,boundary_grants_evidence_support,allow_evidence,boundary_grants_evidence_support,True,False,False
cbe1000-0705,valid_evidence_support,valid_evidence_support-015,evidence_support,evidence_support,0.97,authoritative,current,none,False,allow_evidence,boundary_grants_evidence_support,allow_evidence,boundary_grants_evidence_support,True,False,False
cbe1000-0706,valid_evidence_support,valid_evidence_support-016,evidence_support,evidence_support,0.94,authoritative,current,none,False,allow_evidence,boundary_grants_evidence_support,allow_evidence,boundary_grants_evidence_support,True,False,False
cbe1000-0707,valid_evidence_support,valid_evidence_support-017,evidence_support,evidence_support,0.91,authoritative,current,none,False,allow_evidence,boundary_grants_evidence_support,allow_evidence,boundary_grants_evidence_support,True,False,False
cbe1000-0708,valid_evidence_support,valid_evidence_support-018,evidence_support,evidence_support,0.88,authoritative,current,none,False,allow_evidence,boundary_grants_evidence_support,allow_evidence,boundary_grants_evidence_support,True,False,False
cbe1000-0709,valid_evidence_support,valid_evidence_support-019,evidence_support,evidence_support,0.85,authoritative,current,none,False,allow_evidence,boundary_grants_evidence_support,allow_evidence,boundary_grants_evidence_support,True,False,False
cbe1000-0710,valid_evidence_support,valid_evidence_support-020,evidence_support,evidence_support,0.96,authoritative,current,none,False,allow_evidence,boundary_grants_evidence_support,allow_evidence,boundary_grants_evidence_support,True,False,False
cbe1000-0711,valid_evidence_support,valid_evidence_support-021,evidence_support,evidence_support,0.93,authoritative,current,none,False,allow_evidence,boundary_grants_evidence_support,allow_evidence,boundary_grants_evidence_support,True,False,False
cbe1000-0712,valid_evidence_support,valid_evidence_support-022,evidence_support,evidence_support,0.9,authoritative,current,none,False,allow_evidence,boundary_grants_evidence_support,allow_evidence,boundary_grants_evidence_support,True,False,False
cbe1000-0713,valid_evidence_support,valid_evidence_support-023,evidence_support,evidence_support,0.87,authoritative,current,none,False,allow_evidence,boundary_grants_evidence_support,allow_evidence,boundary_grants_evidence_support,True,False,False
cbe1000-0714,valid_evidence_support,valid_evidence_support-024,evidence_support,evidence_support,0.84,authoritative,current,none,False,allow_evidence,boundary_grants_evidence_support,allow_evidence,boundary_grants_evidence_support,True,False,False
cbe1000-0715,valid_evidence_support,valid_evidence_support-025,evidence_support,evidence_support,0.95,authoritative,current,none,False,allow_evidence,boundary_grants_evidence_support,allow_evidence,boundary_grants_evidence_support,True,False,False
cbe1000-0716,valid_evidence_support,valid_evidence_support-026,evidence_support,evidence_support,0.92,authoritative,current,none,False,allow_evidence,boundary_grants_evidence_support,allow_evidence,boundary_grants_evidence_support,True,False,False
cbe1000-0717,valid_evidence_support,valid_evidence_support-027,evidence_support,evidence_support,0.89,authoritative,current,none,False,allow_evidence,boundary_grants_evidence_support,allow_evidence,boundary_grants_evidence_support,True,False,False
cbe1000-0718,valid_evidence_support,valid_evidence_support-028,evidence_support,evidence_support,0.86,authoritative,current,none,False,allow_evidence,boundary_grants_evidence_support,allow_evidence,boundary_grants_evidence_support,True,False,False
cbe1000-0719,valid_evidence_support,valid_evidence_support-029,evidence_support,evidence_support,0.97,authoritative,current,none,False,allow_evidence,boundary_grants_evidence_support,allow_evidence,boundary_grants_evidence_support,True,False,False
cbe1000-0720,valid_evidence_support,valid_evidence_support-030,evidence_support,evidence_support,0.94,authoritative,current,none,False,allow_evidence,boundary_grants_evidence_support,allow_evidence,boundary_grants_evidence_support,True,False,False
cbe1000-0721,valid_evidence_support,valid_evidence_support-031,evidence_support,evidence_support,0.91,authoritative,current,none,False,allow_evidence,boundary_grants_evidence_support,allow_evidence,boundary_grants_evidence_support,True,False,False
cbe1000-0722,valid_evidence_support,valid_evidence_support-032,evidence_support,evidence_support,0.88,authoritative,current,none,False,allow_evidence,boundary_grants_evidence_support,allow_evidence,boundary_grants_evidence_support,True,False,False
cbe1000-0723,valid_evidence_support,valid_evidence_support-033,evidence_support,evidence_support,0.85,authoritative,current,none,False,allow_evidence,boundary_grants_evidence_support,allow_evidence,boundary_grants_evidence_support,True,False,False
cbe1000-0724,valid_evidence_support,valid_evidence_support-034,evidence_support,evidence_support,0.96,authoritative,current,none,False,allow_evidence,boundary_grants_evidence_support,allow_evidence,boundary_grants_evidence_support,True,False,False
cbe1000-0725,valid_evidence_support,valid_evidence_support-035,evidence_support,evidence_support,0.93,authoritative,current,none,False,allow_evidence,boundary_grants_evidence_support,allow_evidence,boundary_grants_evidence_support,True,False,False
cbe1000-0726,valid_evidence_support,valid_evidence_support-036,evidence_support,evidence_support,0.9,authoritative,current,none,False,allow_evidence,boundary_grants_evidence_support,allow_evidence,boundary_grants_evidence_support,True,False,False
cbe1000-0727,valid_evidence_support,valid_evidence_support-037,evidence_support,evidence_support,0.87,authoritative,current,none,False,allow_evidence,boundary_grants_evidence_support,allow_evidence,boundary_grants_evidence_support,True,False,False
cbe1000-0728,valid_evidence_support,valid_evidence_support-038,evidence_support,evidence_support,0.84,authoritative,current,none,False,allow_evidence,boundary_grants_evidence_support,allow_evidence,boundary_grants_evidence_support,True,False,False
cbe1000-0729,valid_evidence_support,valid_evidence_support-039,evidence_support,evidence_support,0.95,authoritative,current,none,False,allow_evidence,boundary_grants_evidence_support,allow_evidence,boundary_grants_evidence_support,True,False,False
cbe1000-0730,valid_evidence_support,valid_evidence_support-040,evidence_support,evidence_support,0.92,authoritative,current,none,False,allow_evidence,boundary_grants_evidence_support,allow_evidence,boundary_grants_evidence_support,True,False,False
cbe1000-0731,valid_evidence_support,valid_evidence_support-041,evidence_support,evidence_support,0.89,authoritative,current,none,False,allow_evidence,boundary_grants_evidence_support,allow_evidence,boundary_grants_evidence_support,True,False,False
cbe1000-0732,valid_evidence_support,valid_evidence_support-042,evidence_support,evidence_support,0.86,authoritative,current,none,False,allow_evidence,boundary_grants_evidence_support,allow_evidence,boundary_grants_evidence_support,True,False,False
cbe1000-0733,valid_evidence_support,valid_evidence_support-043,evidence_support,evidence_support,0.97,authoritative,current,none,False,allow_evidence,boundary_grants_evidence_support,allow_evidence,boundary_grants_evidence_support,True,False,False
cbe1000-0734,valid_evidence_support,valid_evidence_support-044,evidence_support,evidence_support,0.94,authoritative,current,none,False,allow_evidence,boundary_grants_evidence_support,allow_evidence,boundary_grants_evidence_support,True,False,False
cbe1000-0735,valid_evidence_support,valid_evidence_support-045,evidence_support,evidence_support,0.91,authoritative,current,none,False,allow_evidence,boundary_grants_evidence_support,allow_evidence,boundary_grants_evidence_support,True,False,False
cbe1000-0736,valid_evidence_support,valid_evidence_support-046,evidence_support,evidence_support,0.88,authoritative,current,none,False,allow_evidence,boundary_grants_evidence_support,allow_evidence,boundary_grants_evidence_support,True,False,False
cbe1000-0737,valid_evidence_support,valid_evidence_support-047,evidence_support,evidence_support,0.85,authoritative,current,none,False,allow_evidence,boundary_grants_evidence_support,allow_evidence,boundary_grants_evidence_support,True,False,False
cbe1000-0738,valid_evidence_support,valid_evidence_support-048,evidence_support,evidence_support,0.96,authoritative,current,none,False,allow_evidence,boundary_grants_evidence_support,allow_evidence,boundary_grants_evidence_support,True,False,False
cbe1000-0739,valid_evidence_support,valid_evidence_support-049,evidence_support,evidence_support,0.93,authoritative,current,none,False,allow_evidence,boundary_grants_evidence_support,allow_evidence,boundary_grants_evidence_support,True,False,False
cbe1000-0740,valid_evidence_support,valid_evidence_support-050,evidence_support,evidence_support,0.9,authoritative,current,none,False,allow_evidence,boundary_grants_evidence_support,allow_evidence,boundary_grants_evidence_support,True,False,False
cbe1000-0741,valid_evidence_support,valid_evidence_support-051,evidence_support,evidence_support,0.87,authoritative,current,none,False,allow_evidence,boundary_grants_evidence_support,allow_evidence,boundary_grants_evidence_support,True,False,False
cbe1000-0742,valid_evidence_support,valid_evidence_support-052,evidence_support,evidence_support,0.84,authoritative,current,none,False,allow_evidence,boundary_grants_evidence_support,allow_evidence,boundary_grants_evidence_support,True,False,False
cbe1000-0743,valid_evidence_support,valid_evidence_support-053,evidence_support,evidence_support,0.95,authoritative,current,none,False,allow_evidence,boundary_grants_evidence_support,allow_evidence,boundary_grants_evidence_support,True,False,False
cbe1000-0744,valid_evidence_support,valid_evidence_support-054,evidence_support,evidence_support,0.92,authoritative,current,none,False,allow_evidence,boundary_grants_evidence_support,allow_evidence,boundary_grants_evidence_support,True,False,False
cbe1000-0745,valid_evidence_support,valid_evidence_support-055,evidence_support,evidence_support,0.89,authoritative,current,none,False,allow_evidence,boundary_grants_evidence_support,allow_evidence,boundary_grants_evidence_support,True,False,False
cbe1000-0746,valid_evidence_support,valid_evidence_support-056,evidence_support,evidence_support,0.86,authoritative,current,none,False,allow_evidence,boundary_grants_evidence_support,allow_evidence,boundary_grants_evidence_support,True,False,False
cbe1000-0747,valid_evidence_support,valid_evidence_support-057,evidence_support,evidence_support,0.97,authoritative,current,none,False,allow_evidence,boundary_grants_evidence_support,allow_evidence,boundary_grants_evidence_support,True,False,False
cbe1000-0748,valid_evidence_support,valid_evidence_support-058,evidence_support,evidence_support,0.94,authoritative,current,none,False,allow_evidence,boundary_grants_evidence_support,allow_evidence,boundary_grants_evidence_support,True,False,False
cbe1000-0749,valid_evidence_support,valid_evidence_support-059,evidence_support,evidence_support,0.91,authoritative,current,none,False,allow_evidence,boundary_grants_evidence_support,allow_evidence,boundary_grants_evidence_support,True,False,False
cbe1000-0750,valid_evidence_support,valid_evidence_support-060,evidence_support,evidence_support,0.88,authoritative,current,none,False,allow_evidence,boundary_grants_evidence_support,allow_evidence,boundary_grants_evidence_support,True,False,False
cbe1000-0751,valid_evidence_support,valid_evidence_support-061,evidence_support,evidence_support,0.85,authoritative,current,none,False,allow_evidence,boundary_grants_evidence_support,allow_evidence,boundary_grants_evidence_support,True,False,False
cbe1000-0752,valid_evidence_support,valid_evidence_support-062,evidence_support,evidence_support,0.96,authoritative,current,none,False,allow_evidence,boundary_grants_evidence_support,allow_evidence,boundary_grants_evidence_support,True,False,False
cbe1000-0753,valid_evidence_support,valid_evidence_support-063,evidence_support,evidence_support,0.93,authoritative,current,none,False,allow_evidence,boundary_grants_evidence_support,allow_evidence,boundary_grants_evidence_support,True,False,False
cbe1000-0754,valid_evidence_support,valid_evidence_support-064,evidence_support,evidence_support,0.9,authoritative,current,none,False,allow_evidence,boundary_grants_evidence_support,allow_evidence,boundary_grants_evidence_support,True,False,False
cbe1000-0755,valid_evidence_support,valid_evidence_support-065,evidence_support,evidence_support,0.87,authoritative,current,none,False,allow_evidence,boundary_grants_evidence_support,allow_evidence,boundary_grants_evidence_support,True,False,False
cbe1000-0756,valid_evidence_support,valid_evidence_support-066,evidence_support,evidence_support,0.84,authoritative,current,none,False,allow_evidence,boundary_grants_evidence_support,allow_evidence,boundary_grants_evidence_support,True,False,False
cbe1000-0757,valid_evidence_support,valid_evidence_support-067,evidence_support,evidence_support,0.95,authoritative,current,none,False,allow_evidence,boundary_grants_evidence_support,allow_evidence,boundary_grants_evidence_support,True,False,False
cbe1000-0758,valid_evidence_support,valid_evidence_support-068,evidence_support,evidence_support,0.92,authoritative,current,none,False,allow_evidence,boundary_grants_evidence_support,allow_evidence,boundary_grants_evidence_support,True,False,False
cbe1000-0759,valid_evidence_support,valid_evidence_support-069,evidence_support,evidence_support,0.89,authoritative,current,none,False,allow_evidence,boundary_grants_evidence_support,allow_evidence,boundary_grants_evidence_support,True,False,False
cbe1000-0760,valid_evidence_support,valid_evidence_support-070,evidence_support,evidence_support,0.86,authoritative,current,none,False,allow_evidence,boundary_grants_evidence_support,allow_evidence,boundary_grants_evidence_support,True,False,False
cbe1000-0761,valid_evidence_support,valid_evidence_support-071,evidence_support,evidence_support,0.97,authoritative,current,none,False,allow_evidence,boundary_grants_evidence_support,allow_evidence,boundary_grants_evidence_support,True,False,False
cbe1000-0762,valid_evidence_support,valid_evidence_support-072,evidence_support,evidence_support,0.94,authoritative,current,none,False,allow_evidence,boundary_grants_evidence_support,allow_evidence,boundary_grants_evidence_support,True,False,False
cbe1000-0763,valid_evidence_support,valid_evidence_support-073,evidence_support,evidence_support,0.91,authoritative,current,none,False,allow_evidence,boundary_grants_evidence_support,allow_evidence,boundary_grants_evidence_support,True,False,False
cbe1000-0764,valid_evidence_support,valid_evidence_support-074,evidence_support,evidence_support,0.88,authoritative,current,none,False,allow_evidence,boundary_grants_evidence_support,allow_evidence,boundary_grants_evidence_support,True,False,False
cbe1000-0765,valid_evidence_support,valid_evidence_support-075,evidence_support,evidence_support,0.85,authoritative,current,none,False,allow_evidence,boundary_grants_evidence_support,allow_evidence,boundary_grants_evidence_support,True,False,False
cbe1000-0766,valid_evidence_support,valid_evidence_support-076,evidence_support,evidence_support,0.96,authoritative,current,none,False,allow_evidence,boundary_grants_evidence_support,allow_evidence,boundary_grants_evidence_support,True,False,False
cbe1000-0767,valid_evidence_support,valid_evidence_support-077,evidence_support,evidence_support,0.93,authoritative,current,none,False,allow_evidence,boundary_grants_evidence_support,allow_evidence,boundary_grants_evidence_support,True,False,False
cbe1000-0768,valid_evidence_support,valid_evidence_support-078,evidence_support,evidence_support,0.9,authoritative,current,none,False,allow_evidence,boundary_grants_evidence_support,allow_evidence,boundary_grants_evidence_support,True,False,False
cbe1000-0769,valid_evidence_support,valid_evidence_support-079,evidence_support,evidence_support,0.87,authoritative,current,none,False,allow_evidence,boundary_grants_evidence_support,allow_evidence,boundary_grants_evidence_support,True,False,False
cbe1000-0770,valid_evidence_support,valid_evidence_support-080,evidence_support,evidence_support,0.84,authoritative,current,none,False,allow_evidence,boundary_grants_evidence_support,allow_evidence,boundary_grants_evidence_support,True,False,False
cbe1000-0771,valid_evidence_support,valid_evidence_support-081,evidence_support,evidence_support,0.95,authoritative,current,none,False,allow_evidence,boundary_grants_evidence_support,allow_evidence,boundary_grants_evidence_support,True,False,False
cbe1000-0772,valid_evidence_support,valid_evidence_support-082,evidence_support,evidence_support,0.92,authoritative,current,none,False,allow_evidence,boundary_grants_evidence_support,allow_evidence,boundary_grants_evidence_support,True,False,False
cbe1000-0773,valid_evidence_support,valid_evidence_support-083,evidence_support,evidence_support,0.89,authoritative,current,none,False,allow_evidence,boundary_grants_evidence_support,allow_evidence,boundary_grants_evidence_support,True,False,False
cbe1000-0774,valid_evidence_support,valid_evidence_support-084,evidence_support,evidence_support,0.86,authoritative,current,none,False,allow_evidence,boundary_grants_evidence_support,allow_evidence,boundary_grants_evidence_support,True,False,False
cbe1000-0775,valid_evidence_support,valid_evidence_support-085,evidence_support,evidence_support,0.97,authoritative,current,none,False,allow_evidence,boundary_grants_evidence_support,allow_evidence,boundary_grants_evidence_support,True,False,False
cbe1000-0776,valid_evidence_support,valid_evidence_support-086,evidence_support,evidence_support,0.94,authoritative,current,none,False,allow_evidence,boundary_grants_evidence_support,allow_evidence,boundary_grants_evidence_support,True,False,False
cbe1000-0777,valid_evidence_support,valid_evidence_support-087,evidence_support,evidence_support,0.91,authoritative,current,none,False,allow_evidence,boundary_grants_evidence_support,allow_evidence,boundary_grants_evidence_support,True,False,False
cbe1000-0778,valid_evidence_support,valid_evidence_support-088,evidence_support,evidence_support,0.88,authoritative,current,none,False,allow_evidence,boundary_grants_evidence_support,allow_evidence,boundary_grants_evidence_support,True,False,False
cbe1000-0779,valid_evidence_support,valid_evidence_support-089,evidence_support,evidence_support,0.85,authoritative,current,none,False,allow_evidence,boundary_grants_evidence_support,allow_evidence,boundary_grants_evidence_support,True,False,False
cbe1000-0780,valid_evidence_support,valid_evidence_support-090,evidence_support,evidence_support,0.96,authoritative,current,none,False,allow_evidence,boundary_grants_evidence_support,allow_evidence,boundary_grants_evidence_support,True,False,False
cbe1000-0781,valid_evidence_support,valid_evidence_support-091,evidence_support,evidence_support,0.93,authoritative,current,none,False,allow_evidence,boundary_grants_evidence_support,allow_evidence,boundary_grants_evidence_support,True,False,False
cbe1000-0782,valid_evidence_support,valid_evidence_support-092,evidence_support,evidence_support,0.9,authoritative,current,none,False,allow_evidence,boundary_grants_evidence_support,allow_evidence,boundary_grants_evidence_support,True,False,False
cbe1000-0783,valid_evidence_support,valid_evidence_support-093,evidence_support,evidence_support,0.87,authoritative,current,none,False,allow_evidence,boundary_grants_evidence_support,allow_evidence,boundary_grants_evidence_support,True,False,False
cbe1000-0784,valid_evidence_support,valid_evidence_support-094,evidence_support,evidence_support,0.84,authoritative,current,none,False,allow_evidence,boundary_grants_evidence_support,allow_evidence,boundary_grants_evidence_support,True,False,False
cbe1000-0785,valid_evidence_support,valid_evidence_support-095,evidence_support,evidence_support,0.95,authoritative,current,none,False,allow_evidence,boundary_grants_evidence_support,allow_evidence,boundary_grants_evidence_support,True,False,False
cbe1000-0786,valid_evidence_support,valid_evidence_support-096,evidence_support,evidence_support,0.92,authoritative,current,none,False,allow_evidence,boundary_grants_evidence_support,allow_evidence,boundary_grants_evidence_support,True,False,False
cbe1000-0787,valid_evidence_support,valid_evidence_support-097,evidence_support,evidence_support,0.89,authoritative,current,none,False,allow_evidence,boundary_grants_evidence_support,allow_evidence,boundary_grants_evidence_support,True,False,False
cbe1000-0788,valid_evidence_support,valid_evidence_support-098,evidence_support,evidence_support,0.86,authoritative,current,none,False,allow_evidence,boundary_grants_evidence_support,allow_evidence,boundary_grants_evidence_support,True,False,False
cbe1000-0789,valid_evidence_support,valid_evidence_support-099,evidence_support,evidence_support,0.97,authoritative,current,none,False,allow_evidence,boundary_grants_evidence_support,allow_evidence,boundary_grants_evidence_support,True,False,False
cbe1000-0790,valid_evidence_support,valid_evidence_support-100,evidence_support,evidence_support,0.94,authoritative,current,none,False,allow_evidence,boundary_grants_evidence_support,allow_evidence,boundary_grants_evidence_support,True,False,False
cbe1000-0791,valid_action_ready,valid_action_ready-001,action_ready,action_ready,0.91,authoritative,current,approved,False,allow_action,boundary_grants_action_ready,allow_action,boundary_grants_action_ready,True,False,False
cbe1000-0792,valid_action_ready,valid_action_ready-002,action_ready,action_ready,0.88,authoritative,current,approved,False,allow_action,boundary_grants_action_ready,allow_action,boundary_grants_action_ready,True,False,False
cbe1000-0793,valid_action_ready,valid_action_ready-003,action_ready,action_ready,0.85,authoritative,current,approved,False,allow_action,boundary_grants_action_ready,allow_action,boundary_grants_action_ready,True,False,False
cbe1000-0794,valid_action_ready,valid_action_ready-004,action_ready,action_ready,0.96,authoritative,current,approved,False,allow_action,boundary_grants_action_ready,allow_action,boundary_grants_action_ready,True,False,False
cbe1000-0795,valid_action_ready,valid_action_ready-005,action_ready,action_ready,0.93,authoritative,current,approved,False,allow_action,boundary_grants_action_ready,allow_action,boundary_grants_action_ready,True,False,False
cbe1000-0796,valid_action_ready,valid_action_ready-006,action_ready,action_ready,0.9,authoritative,current,approved,False,allow_action,boundary_grants_action_ready,allow_action,boundary_grants_action_ready,True,False,False
cbe1000-0797,valid_action_ready,valid_action_ready-007,action_ready,action_ready,0.87,authoritative,current,approved,False,allow_action,boundary_grants_action_ready,allow_action,boundary_grants_action_ready,True,False,False
cbe1000-0798,valid_action_ready,valid_action_ready-008,action_ready,action_ready,0.84,authoritative,current,approved,False,allow_action,boundary_grants_action_ready,allow_action,boundary_grants_action_ready,True,False,False
cbe1000-0799,valid_action_ready,valid_action_ready-009,action_ready,action_ready,0.95,authoritative,current,approved,False,allow_action,boundary_grants_action_ready,allow_action,boundary_grants_action_ready,True,False,False
cbe1000-0800,valid_action_ready,valid_action_ready-010,action_ready,action_ready,0.92,authoritative,current,approved,False,allow_action,boundary_grants_action_ready,allow_action,boundary_grants_action_ready,True,False,False
cbe1000-0801,valid_action_ready,valid_action_ready-011,action_ready,action_ready,0.89,authoritative,current,approved,False,allow_action,boundary_grants_action_ready,allow_action,boundary_grants_action_ready,True,False,False
cbe1000-0802,valid_action_ready,valid_action_ready-012,action_ready,action_ready,0.86,authoritative,current,approved,False,allow_action,boundary_grants_action_ready,allow_action,boundary_grants_action_ready,True,False,False
cbe1000-0803,valid_action_ready,valid_action_ready-013,action_ready,action_ready,0.97,authoritative,current,approved,False,allow_action,boundary_grants_action_ready,allow_action,boundary_grants_action_ready,True,False,False
cbe1000-0804,valid_action_ready,valid_action_ready-014,action_ready,action_ready,0.94,authoritative,current,approved,False,allow_action,boundary_grants_action_ready,allow_action,boundary_grants_action_ready,True,False,False
cbe1000-0805,valid_action_ready,valid_action_ready-015,action_ready,action_ready,0.91,authoritative,current,approved,False,allow_action,boundary_grants_action_ready,allow_action,boundary_grants_action_ready,True,False,False
cbe1000-0806,valid_action_ready,valid_action_ready-016,action_ready,action_ready,0.88,authoritative,current,approved,False,allow_action,boundary_grants_action_ready,allow_action,boundary_grants_action_ready,True,False,False
cbe1000-0807,valid_action_ready,valid_action_ready-017,action_ready,action_ready,0.85,authoritative,current,approved,False,allow_action,boundary_grants_action_ready,allow_action,boundary_grants_action_ready,True,False,False
cbe1000-0808,valid_action_ready,valid_action_ready-018,action_ready,action_ready,0.96,authoritative,current,approved,False,allow_action,boundary_grants_action_ready,allow_action,boundary_grants_action_ready,True,False,False
cbe1000-0809,valid_action_ready,valid_action_ready-019,action_ready,action_ready,0.93,authoritative,current,approved,False,allow_action,boundary_grants_action_ready,allow_action,boundary_grants_action_ready,True,False,False
cbe1000-0810,valid_action_ready,valid_action_ready-020,action_ready,action_ready,0.9,authoritative,current,approved,False,allow_action,boundary_grants_action_ready,allow_action,boundary_grants_action_ready,True,False,False
cbe1000-0811,valid_action_ready,valid_action_ready-021,action_ready,action_ready,0.87,authoritative,current,approved,False,allow_action,boundary_grants_action_ready,allow_action,boundary_grants_action_ready,True,False,False
cbe1000-0812,valid_action_ready,valid_action_ready-022,action_ready,action_ready,0.84,authoritative,current,approved,False,allow_action,boundary_grants_action_ready,allow_action,boundary_grants_action_ready,True,False,False
cbe1000-0813,valid_action_ready,valid_action_ready-023,action_ready,action_ready,0.95,authoritative,current,approved,False,allow_action,boundary_grants_action_ready,allow_action,boundary_grants_action_ready,True,False,False
cbe1000-0814,valid_action_ready,valid_action_ready-024,action_ready,action_ready,0.92,authoritative,current,approved,False,allow_action,boundary_grants_action_ready,allow_action,boundary_grants_action_ready,True,False,False
cbe1000-0815,valid_action_ready,valid_action_ready-025,action_ready,action_ready,0.89,authoritative,current,approved,False,allow_action,boundary_grants_action_ready,allow_action,boundary_grants_action_ready,True,False,False
cbe1000-0816,valid_action_ready,valid_action_ready-026,action_ready,action_ready,0.86,authoritative,current,approved,False,allow_action,boundary_grants_action_ready,allow_action,boundary_grants_action_ready,True,False,False
cbe1000-0817,valid_action_ready,valid_action_ready-027,action_ready,action_ready,0.97,authoritative,current,approved,False,allow_action,boundary_grants_action_ready,allow_action,boundary_grants_action_ready,True,False,False
cbe1000-0818,valid_action_ready,valid_action_ready-028,action_ready,action_ready,0.94,authoritative,current,approved,False,allow_action,boundary_grants_action_ready,allow_action,boundary_grants_action_ready,True,False,False
cbe1000-0819,valid_action_ready,valid_action_ready-029,action_ready,action_ready,0.91,authoritative,current,approved,False,allow_action,boundary_grants_action_ready,allow_action,boundary_grants_action_ready,True,False,False
cbe1000-0820,valid_action_ready,valid_action_ready-030,action_ready,action_ready,0.88,authoritative,current,approved,False,allow_action,boundary_grants_action_ready,allow_action,boundary_grants_action_ready,True,False,False
cbe1000-0821,valid_action_ready,valid_action_ready-031,action_ready,action_ready,0.85,authoritative,current,approved,False,allow_action,boundary_grants_action_ready,allow_action,boundary_grants_action_ready,True,False,False
cbe1000-0822,valid_action_ready,valid_action_ready-032,action_ready,action_ready,0.96,authoritative,current,approved,False,allow_action,boundary_grants_action_ready,allow_action,boundary_grants_action_ready,True,False,False
cbe1000-0823,valid_action_ready,valid_action_ready-033,action_ready,action_ready,0.93,authoritative,current,approved,False,allow_action,boundary_grants_action_ready,allow_action,boundary_grants_action_ready,True,False,False
cbe1000-0824,valid_action_ready,valid_action_ready-034,action_ready,action_ready,0.9,authoritative,current,approved,False,allow_action,boundary_grants_action_ready,allow_action,boundary_grants_action_ready,True,False,False
cbe1000-0825,valid_action_ready,valid_action_ready-035,action_ready,action_ready,0.87,authoritative,current,approved,False,allow_action,boundary_grants_action_ready,allow_action,boundary_grants_action_ready,True,False,False
cbe1000-0826,valid_action_ready,valid_action_ready-036,action_ready,action_ready,0.84,authoritative,current,approved,False,allow_action,boundary_grants_action_ready,allow_action,boundary_grants_action_ready,True,False,False
cbe1000-0827,valid_action_ready,valid_action_ready-037,action_ready,action_ready,0.95,authoritative,current,approved,False,allow_action,boundary_grants_action_ready,allow_action,boundary_grants_action_ready,True,False,False
cbe1000-0828,valid_action_ready,valid_action_ready-038,action_ready,action_ready,0.92,authoritative,current,approved,False,allow_action,boundary_grants_action_ready,allow_action,boundary_grants_action_ready,True,False,False
cbe1000-0829,valid_action_ready,valid_action_ready-039,action_ready,action_ready,0.89,authoritative,current,approved,False,allow_action,boundary_grants_action_ready,allow_action,boundary_grants_action_ready,True,False,False
cbe1000-0830,valid_action_ready,valid_action_ready-040,action_ready,action_ready,0.86,authoritative,current,approved,False,allow_action,boundary_grants_action_ready,allow_action,boundary_grants_action_ready,True,False,False
cbe1000-0831,valid_action_ready,valid_action_ready-041,action_ready,action_ready,0.97,authoritative,current,approved,False,allow_action,boundary_grants_action_ready,allow_action,boundary_grants_action_ready,True,False,False
cbe1000-0832,valid_action_ready,valid_action_ready-042,action_ready,action_ready,0.94,authoritative,current,approved,False,allow_action,boundary_grants_action_ready,allow_action,boundary_grants_action_ready,True,False,False
cbe1000-0833,valid_action_ready,valid_action_ready-043,action_ready,action_ready,0.91,authoritative,current,approved,False,allow_action,boundary_grants_action_ready,allow_action,boundary_grants_action_ready,True,False,False
cbe1000-0834,valid_action_ready,valid_action_ready-044,action_ready,action_ready,0.88,authoritative,current,approved,False,allow_action,boundary_grants_action_ready,allow_action,boundary_grants_action_ready,True,False,False
cbe1000-0835,valid_action_ready,valid_action_ready-045,action_ready,action_ready,0.85,authoritative,current,approved,False,allow_action,boundary_grants_action_ready,allow_action,boundary_grants_action_ready,True,False,False
cbe1000-0836,valid_action_ready,valid_action_ready-046,action_ready,action_ready,0.96,authoritative,current,approved,False,allow_action,boundary_grants_action_ready,allow_action,boundary_grants_action_ready,True,False,False
cbe1000-0837,valid_action_ready,valid_action_ready-047,action_ready,action_ready,0.93,authoritative,current,approved,False,allow_action,boundary_grants_action_ready,allow_action,boundary_grants_action_ready,True,False,False
cbe1000-0838,valid_action_ready,valid_action_ready-048,action_ready,action_ready,0.9,authoritative,current,approved,False,allow_action,boundary_grants_action_ready,allow_action,boundary_grants_action_ready,True,False,False
cbe1000-0839,valid_action_ready,valid_action_ready-049,action_ready,action_ready,0.87,authoritative,current,approved,False,allow_action,boundary_grants_action_ready,allow_action,boundary_grants_action_ready,True,False,False
cbe1000-0840,valid_action_ready,valid_action_ready-050,action_ready,action_ready,0.84,authoritative,current,approved,False,allow_action,boundary_grants_action_ready,allow_action,boundary_grants_action_ready,True,False,False
cbe1000-0841,valid_action_ready,valid_action_ready-051,action_ready,action_ready,0.95,authoritative,current,approved,False,allow_action,boundary_grants_action_ready,allow_action,boundary_grants_action_ready,True,False,False
cbe1000-0842,valid_action_ready,valid_action_ready-052,action_ready,action_ready,0.92,authoritative,current,approved,False,allow_action,boundary_grants_action_ready,allow_action,boundary_grants_action_ready,True,False,False
cbe1000-0843,valid_action_ready,valid_action_ready-053,action_ready,action_ready,0.89,authoritative,current,approved,False,allow_action,boundary_grants_action_ready,allow_action,boundary_grants_action_ready,True,False,False
cbe1000-0844,valid_action_ready,valid_action_ready-054,action_ready,action_ready,0.86,authoritative,current,approved,False,allow_action,boundary_grants_action_ready,allow_action,boundary_grants_action_ready,True,False,False
cbe1000-0845,valid_action_ready,valid_action_ready-055,action_ready,action_ready,0.97,authoritative,current,approved,False,allow_action,boundary_grants_action_ready,allow_action,boundary_grants_action_ready,True,False,False
cbe1000-0846,valid_action_ready,valid_action_ready-056,action_ready,action_ready,0.94,authoritative,current,approved,False,allow_action,boundary_grants_action_ready,allow_action,boundary_grants_action_ready,True,False,False
cbe1000-0847,valid_action_ready,valid_action_ready-057,action_ready,action_ready,0.91,authoritative,current,approved,False,allow_action,boundary_grants_action_ready,allow_action,boundary_grants_action_ready,True,False,False
cbe1000-0848,valid_action_ready,valid_action_ready-058,action_ready,action_ready,0.88,authoritative,current,approved,False,allow_action,boundary_grants_action_ready,allow_action,boundary_grants_action_ready,True,False,False
cbe1000-0849,valid_action_ready,valid_action_ready-059,action_ready,action_ready,0.85,authoritative,current,approved,False,allow_action,boundary_grants_action_ready,allow_action,boundary_grants_action_ready,True,False,False
cbe1000-0850,valid_action_ready,valid_action_ready-060,action_ready,action_ready,0.96,authoritative,current,approved,False,allow_action,boundary_grants_action_ready,allow_action,boundary_grants_action_ready,True,False,False
cbe1000-0851,valid_action_ready,valid_action_ready-061,action_ready,action_ready,0.93,authoritative,current,approved,False,allow_action,boundary_grants_action_ready,allow_action,boundary_grants_action_ready,True,False,False
cbe1000-0852,valid_action_ready,valid_action_ready-062,action_ready,action_ready,0.9,authoritative,current,approved,False,allow_action,boundary_grants_action_ready,allow_action,boundary_grants_action_ready,True,False,False
cbe1000-0853,valid_action_ready,valid_action_ready-063,action_ready,action_ready,0.87,authoritative,current,approved,False,allow_action,boundary_grants_action_ready,allow_action,boundary_grants_action_ready,True,False,False
cbe1000-0854,valid_action_ready,valid_action_ready-064,action_ready,action_ready,0.84,authoritative,current,approved,False,allow_action,boundary_grants_action_ready,allow_action,boundary_grants_action_ready,True,False,False
cbe1000-0855,valid_action_ready,valid_action_ready-065,action_ready,action_ready,0.95,authoritative,current,approved,False,allow_action,boundary_grants_action_ready,allow_action,boundary_grants_action_ready,True,False,False
cbe1000-0856,valid_action_ready,valid_action_ready-066,action_ready,action_ready,0.92,authoritative,current,approved,False,allow_action,boundary_grants_action_ready,allow_action,boundary_grants_action_ready,True,False,False
cbe1000-0857,valid_action_ready,valid_action_ready-067,action_ready,action_ready,0.89,authoritative,current,approved,False,allow_action,boundary_grants_action_ready,allow_action,boundary_grants_action_ready,True,False,False
cbe1000-0858,valid_action_ready,valid_action_ready-068,action_ready,action_ready,0.86,authoritative,current,approved,False,allow_action,boundary_grants_action_ready,allow_action,boundary_grants_action_ready,True,False,False
cbe1000-0859,valid_action_ready,valid_action_ready-069,action_ready,action_ready,0.97,authoritative,current,approved,False,allow_action,boundary_grants_action_ready,allow_action,boundary_grants_action_ready,True,False,False
cbe1000-0860,valid_action_ready,valid_action_ready-070,action_ready,action_ready,0.94,authoritative,current,approved,False,allow_action,boundary_grants_action_ready,allow_action,boundary_grants_action_ready,True,False,False
cbe1000-0861,valid_action_ready,valid_action_ready-071,action_ready,action_ready,0.91,authoritative,current,approved,False,allow_action,boundary_grants_action_ready,allow_action,boundary_grants_action_ready,True,False,False
cbe1000-0862,valid_action_ready,valid_action_ready-072,action_ready,action_ready,0.88,authoritative,current,approved,False,allow_action,boundary_grants_action_ready,allow_action,boundary_grants_action_ready,True,False,False
cbe1000-0863,valid_action_ready,valid_action_ready-073,action_ready,action_ready,0.85,authoritative,current,approved,False,allow_action,boundary_grants_action_ready,allow_action,boundary_grants_action_ready,True,False,False
cbe1000-0864,valid_action_ready,valid_action_ready-074,action_ready,action_ready,0.96,authoritative,current,approved,False,allow_action,boundary_grants_action_ready,allow_action,boundary_grants_action_ready,True,False,False
cbe1000-0865,valid_action_ready,valid_action_ready-075,action_ready,action_ready,0.93,authoritative,current,approved,False,allow_action,boundary_grants_action_ready,allow_action,boundary_grants_action_ready,True,False,False
cbe1000-0866,valid_action_ready,valid_action_ready-076,action_ready,action_ready,0.9,authoritative,current,approved,False,allow_action,boundary_grants_action_ready,allow_action,boundary_grants_action_ready,True,False,False
cbe1000-0867,valid_action_ready,valid_action_ready-077,action_ready,action_ready,0.87,authoritative,current,approved,False,allow_action,boundary_grants_action_ready,allow_action,boundary_grants_action_ready,True,False,False
cbe1000-0868,valid_action_ready,valid_action_ready-078,action_ready,action_ready,0.84,authoritative,current,approved,False,allow_action,boundary_grants_action_ready,allow_action,boundary_grants_action_ready,True,False,False
cbe1000-0869,valid_action_ready,valid_action_ready-079,action_ready,action_ready,0.95,authoritative,current,approved,False,allow_action,boundary_grants_action_ready,allow_action,boundary_grants_action_ready,True,False,False
cbe1000-0870,valid_action_ready,valid_action_ready-080,action_ready,action_ready,0.92,authoritative,current,approved,False,allow_action,boundary_grants_action_ready,allow_action,boundary_grants_action_ready,True,False,False
cbe1000-0871,valid_action_ready,valid_action_ready-081,action_ready,action_ready,0.89,authoritative,current,approved,False,allow_action,boundary_grants_action_ready,allow_action,boundary_grants_action_ready,True,False,False
cbe1000-0872,valid_action_ready,valid_action_ready-082,action_ready,action_ready,0.86,authoritative,current,approved,False,allow_action,boundary_grants_action_ready,allow_action,boundary_grants_action_ready,True,False,False
cbe1000-0873,valid_action_ready,valid_action_ready-083,action_ready,action_ready,0.97,authoritative,current,approved,False,allow_action,boundary_grants_action_ready,allow_action,boundary_grants_action_ready,True,False,False
cbe1000-0874,valid_action_ready,valid_action_ready-084,action_ready,action_ready,0.94,authoritative,current,approved,False,allow_action,boundary_grants_action_ready,allow_action,boundary_grants_action_ready,True,False,False
cbe1000-0875,valid_action_ready,valid_action_ready-085,action_ready,action_ready,0.91,authoritative,current,approved,False,allow_action,boundary_grants_action_ready,allow_action,boundary_grants_action_ready,True,False,False
cbe1000-0876,valid_action_ready,valid_action_ready-086,action_ready,action_ready,0.88,authoritative,current,approved,False,allow_action,boundary_grants_action_ready,allow_action,boundary_grants_action_ready,True,False,False
cbe1000-0877,valid_action_ready,valid_action_ready-087,action_ready,action_ready,0.85,authoritative,current,approved,False,allow_action,boundary_grants_action_ready,allow_action,boundary_grants_action_ready,True,False,False
cbe1000-0878,valid_action_ready,valid_action_ready-088,action_ready,action_ready,0.96,authoritative,current,approved,False,allow_action,boundary_grants_action_ready,allow_action,boundary_grants_action_ready,True,False,False
cbe1000-0879,valid_action_ready,valid_action_ready-089,action_ready,action_ready,0.93,authoritative,current,approved,False,allow_action,boundary_grants_action_ready,allow_action,boundary_grants_action_ready,True,False,False
cbe1000-0880,valid_action_ready,valid_action_ready-090,action_ready,action_ready,0.9,authoritative,current,approved,False,allow_action,boundary_grants_action_ready,allow_action,boundary_grants_action_ready,True,False,False
cbe1000-0881,valid_publish_safe,valid_publish_safe-001,publish_safe,publish_safe,0.87,authoritative,current,approved,False,allow_publish,boundary_grants_publish_safe,allow_publish,boundary_grants_publish_safe,True,False,False
cbe1000-0882,valid_publish_safe,valid_publish_safe-002,publish_safe,publish_safe,0.84,authoritative,current,approved,False,allow_publish,boundary_grants_publish_safe,allow_publish,boundary_grants_publish_safe,True,False,False
cbe1000-0883,valid_publish_safe,valid_publish_safe-003,publish_safe,publish_safe,0.95,authoritative,current,approved,False,allow_publish,boundary_grants_publish_safe,allow_publish,boundary_grants_publish_safe,True,False,False
cbe1000-0884,valid_publish_safe,valid_publish_safe-004,publish_safe,publish_safe,0.92,authoritative,current,approved,False,allow_publish,boundary_grants_publish_safe,allow_publish,boundary_grants_publish_safe,True,False,False
cbe1000-0885,valid_publish_safe,valid_publish_safe-005,publish_safe,publish_safe,0.89,authoritative,current,approved,False,allow_publish,boundary_grants_publish_safe,allow_publish,boundary_grants_publish_safe,True,False,False
cbe1000-0886,valid_publish_safe,valid_publish_safe-006,publish_safe,publish_safe,0.86,authoritative,current,approved,False,allow_publish,boundary_grants_publish_safe,allow_publish,boundary_grants_publish_safe,True,False,False
cbe1000-0887,valid_publish_safe,valid_publish_safe-007,publish_safe,publish_safe,0.97,authoritative,current,approved,False,allow_publish,boundary_grants_publish_safe,allow_publish,boundary_grants_publish_safe,True,False,False
cbe1000-0888,valid_publish_safe,valid_publish_safe-008,publish_safe,publish_safe,0.94,authoritative,current,approved,False,allow_publish,boundary_grants_publish_safe,allow_publish,boundary_grants_publish_safe,True,False,False
cbe1000-0889,valid_publish_safe,valid_publish_safe-009,publish_safe,publish_safe,0.91,authoritative,current,approved,False,allow_publish,boundary_grants_publish_safe,allow_publish,boundary_grants_publish_safe,True,False,False
cbe1000-0890,valid_publish_safe,valid_publish_safe-010,publish_safe,publish_safe,0.88,authoritative,current,approved,False,allow_publish,boundary_grants_publish_safe,allow_publish,boundary_grants_publish_safe,True,False,False
cbe1000-0891,valid_publish_safe,valid_publish_safe-011,publish_safe,publish_safe,0.85,authoritative,current,approved,False,allow_publish,boundary_grants_publish_safe,allow_publish,boundary_grants_publish_safe,True,False,False
cbe1000-0892,valid_publish_safe,valid_publish_safe-012,publish_safe,publish_safe,0.96,authoritative,current,approved,False,allow_publish,boundary_grants_publish_safe,allow_publish,boundary_grants_publish_safe,True,False,False
cbe1000-0893,valid_publish_safe,valid_publish_safe-013,publish_safe,publish_safe,0.93,authoritative,current,approved,False,allow_publish,boundary_grants_publish_safe,allow_publish,boundary_grants_publish_safe,True,False,False
cbe1000-0894,valid_publish_safe,valid_publish_safe-014,publish_safe,publish_safe,0.9,authoritative,current,approved,False,allow_publish,boundary_grants_publish_safe,allow_publish,boundary_grants_publish_safe,True,False,False
cbe1000-0895,valid_publish_safe,valid_publish_safe-015,publish_safe,publish_safe,0.87,authoritative,current,approved,False,allow_publish,boundary_grants_publish_safe,allow_publish,boundary_grants_publish_safe,True,False,False
cbe1000-0896,valid_publish_safe,valid_publish_safe-016,publish_safe,publish_safe,0.84,authoritative,current,approved,False,allow_publish,boundary_grants_publish_safe,allow_publish,boundary_grants_publish_safe,True,False,False
cbe1000-0897,valid_publish_safe,valid_publish_safe-017,publish_safe,publish_safe,0.95,authoritative,current,approved,False,allow_publish,boundary_grants_publish_safe,allow_publish,boundary_grants_publish_safe,True,False,False
cbe1000-0898,valid_publish_safe,valid_publish_safe-018,publish_safe,publish_safe,0.92,authoritative,current,approved,False,allow_publish,boundary_grants_publish_safe,allow_publish,boundary_grants_publish_safe,True,False,False
cbe1000-0899,valid_publish_safe,valid_publish_safe-019,publish_safe,publish_safe,0.89,authoritative,current,approved,False,allow_publish,boundary_grants_publish_safe,allow_publish,boundary_grants_publish_safe,True,False,False
cbe1000-0900,valid_publish_safe,valid_publish_safe-020,publish_safe,publish_safe,0.86,authoritative,current,approved,False,allow_publish,boundary_grants_publish_safe,allow_publish,boundary_grants_publish_safe,True,False,False
cbe1000-0901,valid_publish_safe,valid_publish_safe-021,publish_safe,publish_safe,0.97,authoritative,current,approved,False,allow_publish,boundary_grants_publish_safe,allow_publish,boundary_grants_publish_safe,True,False,False
cbe1000-0902,valid_publish_safe,valid_publish_safe-022,publish_safe,publish_safe,0.94,authoritative,current,approved,False,allow_publish,boundary_grants_publish_safe,allow_publish,boundary_grants_publish_safe,True,False,False
cbe1000-0903,valid_publish_safe,valid_publish_safe-023,publish_safe,publish_safe,0.91,authoritative,current,approved,False,allow_publish,boundary_grants_publish_safe,allow_publish,boundary_grants_publish_safe,True,False,False
cbe1000-0904,valid_publish_safe,valid_publish_safe-024,publish_safe,publish_safe,0.88,authoritative,current,approved,False,allow_publish,boundary_grants_publish_safe,allow_publish,boundary_grants_publish_safe,True,False,False
cbe1000-0905,valid_publish_safe,valid_publish_safe-025,publish_safe,publish_safe,0.85,authoritative,current,approved,False,allow_publish,boundary_grants_publish_safe,allow_publish,boundary_grants_publish_safe,True,False,False
cbe1000-0906,valid_publish_safe,valid_publish_safe-026,publish_safe,publish_safe,0.96,authoritative,current,approved,False,allow_publish,boundary_grants_publish_safe,allow_publish,boundary_grants_publish_safe,True,False,False
cbe1000-0907,valid_publish_safe,valid_publish_safe-027,publish_safe,publish_safe,0.93,authoritative,current,approved,False,allow_publish,boundary_grants_publish_safe,allow_publish,boundary_grants_publish_safe,True,False,False
cbe1000-0908,valid_publish_safe,valid_publish_safe-028,publish_safe,publish_safe,0.9,authoritative,current,approved,False,allow_publish,boundary_grants_publish_safe,allow_publish,boundary_grants_publish_safe,True,False,False
cbe1000-0909,valid_publish_safe,valid_publish_safe-029,publish_safe,publish_safe,0.87,authoritative,current,approved,False,allow_publish,boundary_grants_publish_safe,allow_publish,boundary_grants_publish_safe,True,False,False
cbe1000-0910,valid_publish_safe,valid_publish_safe-030,publish_safe,publish_safe,0.84,authoritative,current,approved,False,allow_publish,boundary_grants_publish_safe,allow_publish,boundary_grants_publish_safe,True,False,False
cbe1000-0911,valid_publish_safe,valid_publish_safe-031,publish_safe,publish_safe,0.95,authoritative,current,approved,False,allow_publish,boundary_grants_publish_safe,allow_publish,boundary_grants_publish_safe,True,False,False
cbe1000-0912,valid_publish_safe,valid_publish_safe-032,publish_safe,publish_safe,0.92,authoritative,current,approved,False,allow_publish,boundary_grants_publish_safe,allow_publish,boundary_grants_publish_safe,True,False,False
cbe1000-0913,valid_publish_safe,valid_publish_safe-033,publish_safe,publish_safe,0.89,authoritative,current,approved,False,allow_publish,boundary_grants_publish_safe,allow_publish,boundary_grants_publish_safe,True,False,False
cbe1000-0914,valid_publish_safe,valid_publish_safe-034,publish_safe,publish_safe,0.86,authoritative,current,approved,False,allow_publish,boundary_grants_publish_safe,allow_publish,boundary_grants_publish_safe,True,False,False
cbe1000-0915,valid_publish_safe,valid_publish_safe-035,publish_safe,publish_safe,0.97,authoritative,current,approved,False,allow_publish,boundary_grants_publish_safe,allow_publish,boundary_grants_publish_safe,True,False,False
cbe1000-0916,valid_publish_safe,valid_publish_safe-036,publish_safe,publish_safe,0.94,authoritative,current,approved,False,allow_publish,boundary_grants_publish_safe,allow_publish,boundary_grants_publish_safe,True,False,False
cbe1000-0917,valid_publish_safe,valid_publish_safe-037,publish_safe,publish_safe,0.91,authoritative,current,approved,False,allow_publish,boundary_grants_publish_safe,allow_publish,boundary_grants_publish_safe,True,False,False
cbe1000-0918,valid_publish_safe,valid_publish_safe-038,publish_safe,publish_safe,0.88,authoritative,current,approved,False,allow_publish,boundary_grants_publish_safe,allow_publish,boundary_grants_publish_safe,True,False,False
cbe1000-0919,valid_publish_safe,valid_publish_safe-039,publish_safe,publish_safe,0.85,authoritative,current,approved,False,allow_publish,boundary_grants_publish_safe,allow_publish,boundary_grants_publish_safe,True,False,False
cbe1000-0920,valid_publish_safe,valid_publish_safe-040,publish_safe,publish_safe,0.96,authoritative,current,approved,False,allow_publish,boundary_grants_publish_safe,allow_publish,boundary_grants_publish_safe,True,False,False
cbe1000-0921,valid_publish_safe,valid_publish_safe-041,publish_safe,publish_safe,0.93,authoritative,current,approved,False,allow_publish,boundary_grants_publish_safe,allow_publish,boundary_grants_publish_safe,True,False,False
cbe1000-0922,valid_publish_safe,valid_publish_safe-042,publish_safe,publish_safe,0.9,authoritative,current,approved,False,allow_publish,boundary_grants_publish_safe,allow_publish,boundary_grants_publish_safe,True,False,False
cbe1000-0923,valid_publish_safe,valid_publish_safe-043,publish_safe,publish_safe,0.87,authoritative,current,approved,False,allow_publish,boundary_grants_publish_safe,allow_publish,boundary_grants_publish_safe,True,False,False
cbe1000-0924,valid_publish_safe,valid_publish_safe-044,publish_safe,publish_safe,0.84,authoritative,current,approved,False,allow_publish,boundary_grants_publish_safe,allow_publish,boundary_grants_publish_safe,True,False,False
cbe1000-0925,valid_publish_safe,valid_publish_safe-045,publish_safe,publish_safe,0.95,authoritative,current,approved,False,allow_publish,boundary_grants_publish_safe,allow_publish,boundary_grants_publish_safe,True,False,False
cbe1000-0926,valid_publish_safe,valid_publish_safe-046,publish_safe,publish_safe,0.92,authoritative,current,approved,False,allow_publish,boundary_grants_publish_safe,allow_publish,boundary_grants_publish_safe,True,False,False
cbe1000-0927,valid_publish_safe,valid_publish_safe-047,publish_safe,publish_safe,0.89,authoritative,current,approved,False,allow_publish,boundary_grants_publish_safe,allow_publish,boundary_grants_publish_safe,True,False,False
cbe1000-0928,valid_publish_safe,valid_publish_safe-048,publish_safe,publish_safe,0.86,authoritative,current,approved,False,allow_publish,boundary_grants_publish_safe,allow_publish,boundary_grants_publish_safe,True,False,False
cbe1000-0929,valid_publish_safe,valid_publish_safe-049,publish_safe,publish_safe,0.97,authoritative,current,approved,False,allow_publish,boundary_grants_publish_safe,allow_publish,boundary_grants_publish_safe,True,False,False
cbe1000-0930,valid_publish_safe,valid_publish_safe-050,publish_safe,publish_safe,0.94,authoritative,current,approved,False,allow_publish,boundary_grants_publish_safe,allow_publish,boundary_grants_publish_safe,True,False,False
cbe1000-0931,valid_publish_safe,valid_publish_safe-051,publish_safe,publish_safe,0.91,authoritative,current,approved,False,allow_publish,boundary_grants_publish_safe,allow_publish,boundary_grants_publish_safe,True,False,False
cbe1000-0932,valid_publish_safe,valid_publish_safe-052,publish_safe,publish_safe,0.88,authoritative,current,approved,False,allow_publish,boundary_grants_publish_safe,allow_publish,boundary_grants_publish_safe,True,False,False
cbe1000-0933,valid_publish_safe,valid_publish_safe-053,publish_safe,publish_safe,0.85,authoritative,current,approved,False,allow_publish,boundary_grants_publish_safe,allow_publish,boundary_grants_publish_safe,True,False,False
cbe1000-0934,valid_publish_safe,valid_publish_safe-054,publish_safe,publish_safe,0.96,authoritative,current,approved,False,allow_publish,boundary_grants_publish_safe,allow_publish,boundary_grants_publish_safe,True,False,False
cbe1000-0935,valid_publish_safe,valid_publish_safe-055,publish_safe,publish_safe,0.93,authoritative,current,approved,False,allow_publish,boundary_grants_publish_safe,allow_publish,boundary_grants_publish_safe,True,False,False
cbe1000-0936,valid_publish_safe,valid_publish_safe-056,publish_safe,publish_safe,0.9,authoritative,current,approved,False,allow_publish,boundary_grants_publish_safe,allow_publish,boundary_grants_publish_safe,True,False,False
cbe1000-0937,valid_publish_safe,valid_publish_safe-057,publish_safe,publish_safe,0.87,authoritative,current,approved,False,allow_publish,boundary_grants_publish_safe,allow_publish,boundary_grants_publish_safe,True,False,False
cbe1000-0938,valid_publish_safe,valid_publish_safe-058,publish_safe,publish_safe,0.84,authoritative,current,approved,False,allow_publish,boundary_grants_publish_safe,allow_publish,boundary_grants_publish_safe,True,False,False
cbe1000-0939,valid_publish_safe,valid_publish_safe-059,publish_safe,publish_safe,0.95,authoritative,current,approved,False,allow_publish,boundary_grants_publish_safe,allow_publish,boundary_grants_publish_safe,True,False,False
cbe1000-0940,valid_publish_safe,valid_publish_safe-060,publish_safe,publish_safe,0.92,authoritative,current,approved,False,allow_publish,boundary_grants_publish_safe,allow_publish,boundary_grants_publish_safe,True,False,False
cbe1000-0941,valid_publish_safe,valid_publish_safe-061,publish_safe,publish_safe,0.89,authoritative,current,approved,False,allow_publish,boundary_grants_publish_safe,allow_publish,boundary_grants_publish_safe,True,False,False
cbe1000-0942,valid_publish_safe,valid_publish_safe-062,publish_safe,publish_safe,0.86,authoritative,current,approved,False,allow_publish,boundary_grants_publish_safe,allow_publish,boundary_grants_publish_safe,True,False,False
cbe1000-0943,valid_publish_safe,valid_publish_safe-063,publish_safe,publish_safe,0.97,authoritative,current,approved,False,allow_publish,boundary_grants_publish_safe,allow_publish,boundary_grants_publish_safe,True,False,False
cbe1000-0944,valid_publish_safe,valid_publish_safe-064,publish_safe,publish_safe,0.94,authoritative,current,approved,False,allow_publish,boundary_grants_publish_safe,allow_publish,boundary_grants_publish_safe,True,False,False
cbe1000-0945,valid_publish_safe,valid_publish_safe-065,publish_safe,publish_safe,0.91,authoritative,current,approved,False,allow_publish,boundary_grants_publish_safe,allow_publish,boundary_grants_publish_safe,True,False,False
cbe1000-0946,valid_publish_safe,valid_publish_safe-066,publish_safe,publish_safe,0.88,authoritative,current,approved,False,allow_publish,boundary_grants_publish_safe,allow_publish,boundary_grants_publish_safe,True,False,False
cbe1000-0947,valid_publish_safe,valid_publish_safe-067,publish_safe,publish_safe,0.85,authoritative,current,approved,False,allow_publish,boundary_grants_publish_safe,allow_publish,boundary_grants_publish_safe,True,False,False
cbe1000-0948,valid_publish_safe,valid_publish_safe-068,publish_safe,publish_safe,0.96,authoritative,current,approved,False,allow_publish,boundary_grants_publish_safe,allow_publish,boundary_grants_publish_safe,True,False,False
cbe1000-0949,valid_publish_safe,valid_publish_safe-069,publish_safe,publish_safe,0.93,authoritative,current,approved,False,allow_publish,boundary_grants_publish_safe,allow_publish,boundary_grants_publish_safe,True,False,False
cbe1000-0950,valid_publish_safe,valid_publish_safe-070,publish_safe,publish_safe,0.9,authoritative,current,approved,False,allow_publish,boundary_grants_publish_safe,allow_publish,boundary_grants_publish_safe,True,False,False
cbe1000-0951,valid_publish_safe,valid_publish_safe-071,publish_safe,publish_safe,0.87,authoritative,current,approved,False,allow_publish,boundary_grants_publish_safe,allow_publish,boundary_grants_publish_safe,True,False,False
cbe1000-0952,valid_publish_safe,valid_publish_safe-072,publish_safe,publish_safe,0.84,authoritative,current,approved,False,allow_publish,boundary_grants_publish_safe,allow_publish,boundary_grants_publish_safe,True,False,False
cbe1000-0953,valid_publish_safe,valid_publish_safe-073,publish_safe,publish_safe,0.95,authoritative,current,approved,False,allow_publish,boundary_grants_publish_safe,allow_publish,boundary_grants_publish_safe,True,False,False
cbe1000-0954,valid_publish_safe,valid_publish_safe-074,publish_safe,publish_safe,0.92,authoritative,current,approved,False,allow_publish,boundary_grants_publish_safe,allow_publish,boundary_grants_publish_safe,True,False,False
cbe1000-0955,valid_publish_safe,valid_publish_safe-075,publish_safe,publish_safe,0.89,authoritative,current,approved,False,allow_publish,boundary_grants_publish_safe,allow_publish,boundary_grants_publish_safe,True,False,False
cbe1000-0956,valid_publish_safe,valid_publish_safe-076,publish_safe,publish_safe,0.86,authoritative,current,approved,False,allow_publish,boundary_grants_publish_safe,allow_publish,boundary_grants_publish_safe,True,False,False
cbe1000-0957,valid_publish_safe,valid_publish_safe-077,publish_safe,publish_safe,0.97,authoritative,current,approved,False,allow_publish,boundary_grants_publish_safe,allow_publish,boundary_grants_publish_safe,True,False,False
cbe1000-0958,valid_publish_safe,valid_publish_safe-078,publish_safe,publish_safe,0.94,authoritative,current,approved,False,allow_publish,boundary_grants_publish_safe,allow_publish,boundary_grants_publish_safe,True,False,False
cbe1000-0959,valid_publish_safe,valid_publish_safe-079,publish_safe,publish_safe,0.91,authoritative,current,approved,False,allow_publish,boundary_grants_publish_safe,allow_publish,boundary_grants_publish_safe,True,False,False
cbe1000-0960,valid_publish_safe,valid_publish_safe-080,publish_safe,publish_safe,0.88,authoritative,current,approved,False,allow_publish,boundary_grants_publish_safe,allow_publish,boundary_grants_publish_safe,True,False,False
cbe1000-0961,adversarial_mixed_cases,adversarial_mixed_cases-001,customer_safe,privacy_blocked,0.85,internal,current,approved,True,block_privacy,privacy_boundary_blocks_all_use,block_privacy,privacy_boundary_blocks_all_use,False,False,False
cbe1000-0962,adversarial_mixed_cases,adversarial_mixed_cases-002,evidence_support,contradiction,0.96,authoritative,current,none,False,block_contradiction,candidate_contradicts_requested_claim,block_contradiction,candidate_contradicts_requested_claim,False,False,False
cbe1000-0963,adversarial_mixed_cases,adversarial_mixed_cases-003,publish_safe,publish_safe,0.93,low,current,approved,False,block_false_authority,source_authority_low,block_false_authority,source_authority_low,False,False,False
cbe1000-0964,adversarial_mixed_cases,adversarial_mixed_cases-004,action_ready,action_ready,0.9,authoritative,expired,approved,False,block_false_authority,freshness_state_expired,block_false_authority,freshness_state_expired,False,False,False
cbe1000-0965,adversarial_mixed_cases,adversarial_mixed_cases-005,customer_safe,related,0.87,medium,current,approved,False,block_false_authority,related_does_not_grant_customer_safe,block_false_authority,related_does_not_grant_customer_safe,False,False,False
cbe1000-0966,adversarial_mixed_cases,adversarial_mixed_cases-006,customer_safe,privacy_blocked,0.84,internal,current,approved,True,block_privacy,privacy_boundary_blocks_all_use,block_privacy,privacy_boundary_blocks_all_use,False,False,False
cbe1000-0967,adversarial_mixed_cases,adversarial_mixed_cases-007,evidence_support,contradiction,0.95,authoritative,current,none,False,block_contradiction,candidate_contradicts_requested_claim,block_contradiction,candidate_contradicts_requested_claim,False,False,False
cbe1000-0968,adversarial_mixed_cases,adversarial_mixed_cases-008,publish_safe,publish_safe,0.92,low,current,approved,False,block_false_authority,source_authority_low,block_false_authority,source_authority_low,False,False,False
cbe1000-0969,adversarial_mixed_cases,adversarial_mixed_cases-009,action_ready,action_ready,0.89,authoritative,expired,approved,False,block_false_authority,freshness_state_expired,block_false_authority,freshness_state_expired,False,False,False
cbe1000-0970,adversarial_mixed_cases,adversarial_mixed_cases-010,customer_safe,related,0.86,medium,current,approved,False,block_false_authority,related_does_not_grant_customer_safe,block_false_authority,related_does_not_grant_customer_safe,False,False,False
cbe1000-0971,adversarial_mixed_cases,adversarial_mixed_cases-011,customer_safe,privacy_blocked,0.97,internal,current,approved,True,block_privacy,privacy_boundary_blocks_all_use,block_privacy,privacy_boundary_blocks_all_use,False,False,False
cbe1000-0972,adversarial_mixed_cases,adversarial_mixed_cases-012,evidence_support,contradiction,0.94,authoritative,current,none,False,block_contradiction,candidate_contradicts_requested_claim,block_contradiction,candidate_contradicts_requested_claim,False,False,False
cbe1000-0973,adversarial_mixed_cases,adversarial_mixed_cases-013,publish_safe,publish_safe,0.91,low,current,approved,False,block_false_authority,source_authority_low,block_false_authority,source_authority_low,False,False,False
cbe1000-0974,adversarial_mixed_cases,adversarial_mixed_cases-014,action_ready,action_ready,0.88,authoritative,expired,approved,False,block_false_authority,freshness_state_expired,block_false_authority,freshness_state_expired,False,False,False
cbe1000-0975,adversarial_mixed_cases,adversarial_mixed_cases-015,customer_safe,related,0.85,medium,current,approved,False,block_false_authority,related_does_not_grant_customer_safe,block_false_authority,related_does_not_grant_customer_safe,False,False,False
cbe1000-0976,adversarial_mixed_cases,adversarial_mixed_cases-016,customer_safe,privacy_blocked,0.96,internal,current,approved,True,block_privacy,privacy_boundary_blocks_all_use,block_privacy,privacy_boundary_blocks_all_use,False,False,False
cbe1000-0977,adversarial_mixed_cases,adversarial_mixed_cases-017,evidence_support,contradiction,0.93,authoritative,current,none,False,block_contradiction,candidate_contradicts_requested_claim,block_contradiction,candidate_contradicts_requested_claim,False,False,False
cbe1000-0978,adversarial_mixed_cases,adversarial_mixed_cases-018,publish_safe,publish_safe,0.9,low,current,approved,False,block_false_authority,source_authority_low,block_false_authority,source_authority_low,False,False,False
cbe1000-0979,adversarial_mixed_cases,adversarial_mixed_cases-019,action_ready,action_ready,0.87,authoritative,expired,approved,False,block_false_authority,freshness_state_expired,block_false_authority,freshness_state_expired,False,False,False
cbe1000-0980,adversarial_mixed_cases,adversarial_mixed_cases-020,customer_safe,related,0.84,medium,current,approved,False,block_false_authority,related_does_not_grant_customer_safe,block_false_authority,related_does_not_grant_customer_safe,False,False,False
cbe1000-0981,adversarial_mixed_cases,adversarial_mixed_cases-021,customer_safe,privacy_blocked,0.95,internal,current,approved,True,block_privacy,privacy_boundary_blocks_all_use,block_privacy,privacy_boundary_blocks_all_use,False,False,False
cbe1000-0982,adversarial_mixed_cases,adversarial_mixed_cases-022,evidence_support,contradiction,0.92,authoritative,current,none,False,block_contradiction,candidate_contradicts_requested_claim,block_contradiction,candidate_contradicts_requested_claim,False,False,False
cbe1000-0983,adversarial_mixed_cases,adversarial_mixed_cases-023,publish_safe,publish_safe,0.89,low,current,approved,False,block_false_authority,source_authority_low,block_false_authority,source_authority_low,False,False,False
cbe1000-0984,adversarial_mixed_cases,adversarial_mixed_cases-024,action_ready,action_ready,0.86,authoritative,expired,approved,False,block_false_authority,freshness_state_expired,block_false_authority,freshness_state_expired,False,False,False
cbe1000-0985,adversarial_mixed_cases,adversarial_mixed_cases-025,customer_safe,related,0.97,medium,current,approved,False,block_false_authority,related_does_not_grant_customer_safe,block_false_authority,related_does_not_grant_customer_safe,False,False,False
cbe1000-0986,adversarial_mixed_cases,adversarial_mixed_cases-026,customer_safe,privacy_blocked,0.94,internal,current,approved,True,block_privacy,privacy_boundary_blocks_all_use,block_privacy,privacy_boundary_blocks_all_use,False,False,False
cbe1000-0987,adversarial_mixed_cases,adversarial_mixed_cases-027,evidence_support,contradiction,0.91,authoritative,current,none,False,block_contradiction,candidate_contradicts_requested_claim,block_contradiction,candidate_contradicts_requested_claim,False,False,False
cbe1000-0988,adversarial_mixed_cases,adversarial_mixed_cases-028,publish_safe,publish_safe,0.88,low,current,approved,False,block_false_authority,source_authority_low,block_false_authority,source_authority_low,False,False,False
cbe1000-0989,adversarial_mixed_cases,adversarial_mixed_cases-029,action_ready,action_ready,0.85,authoritative,expired,approved,False,block_false_authority,freshness_state_expired,block_false_authority,freshness_state_expired,False,False,False
cbe1000-0990,adversarial_mixed_cases,adversarial_mixed_cases-030,customer_safe,related,0.96,medium,current,approved,False,block_false_authority,related_does_not_grant_customer_safe,block_false_authority,related_does_not_grant_customer_safe,False,False,False
cbe1000-0991,adversarial_mixed_cases,adversarial_mixed_cases-031,customer_safe,privacy_blocked,0.93,internal,current,approved,True,block_privacy,privacy_boundary_blocks_all_use,block_privacy,privacy_boundary_blocks_all_use,False,False,False
cbe1000-0992,adversarial_mixed_cases,adversarial_mixed_cases-032,evidence_support,contradiction,0.9,authoritative,current,none,False,block_contradiction,candidate_contradicts_requested_claim,block_contradiction,candidate_contradicts_requested_claim,False,False,False
cbe1000-0993,adversarial_mixed_cases,adversarial_mixed_cases-033,publish_safe,publish_safe,0.87,low,current,approved,False,block_false_authority,source_authority_low,block_false_authority,source_authority_low,False,False,False
cbe1000-0994,adversarial_mixed_cases,adversarial_mixed_cases-034,action_ready,action_ready,0.84,authoritative,expired,approved,False,block_false_authority,freshness_state_expired,block_false_authority,freshness_state_expired,False,False,False
cbe1000-0995,adversarial_mixed_cases,adversarial_mixed_cases-035,customer_safe,related,0.95,medium,current,approved,False,block_false_authority,related_does_not_grant_customer_safe,block_false_authority,related_does_not_grant_customer_safe,False,False,False
cbe1000-0996,adversarial_mixed_cases,adversarial_mixed_cases-036,customer_safe,privacy_blocked,0.92,internal,current,approved,True,block_privacy,privacy_boundary_blocks_all_use,block_privacy,privacy_boundary_blocks_all_use,False,False,False
cbe1000-0997,adversarial_mixed_cases,adversarial_mixed_cases-037,evidence_support,contradiction,0.89,authoritative,current,none,False,block_contradiction,candidate_contradicts_requested_claim,block_contradiction,candidate_contradicts_requested_claim,False,False,False
cbe1000-0998,adversarial_mixed_cases,adversarial_mixed_cases-038,publish_safe,publish_safe,0.86,low,current,approved,False,block_false_authority,source_authority_low,block_false_authority,source_authority_low,False,False,False
cbe1000-0999,adversarial_mixed_cases,adversarial_mixed_cases-039,action_ready,action_ready,0.97,authoritative,expired,approved,False,block_false_authority,freshness_state_expired,block_false_authority,freshness_state_expired,False,False,False
cbe1000-1000,adversarial_mixed_cases,adversarial_mixed_cases-040,customer_safe,related,0.94,medium,current,approved,False,block_false_authority,related_does_not_grant_customer_safe,block_false_authority,related_does_not_grant_customer_safe,False,False,False
