queue_id,event_id,evidence_adapter_version,evidence_provenance_hash,adapter_notes_code,masked_state_before,masked_state_after,observed_change_type,lease_validity_relationship,pdp_temporal_authority_evidence,decision_causal_link,reviewer_visible_insufficiency_marker,reviewer_visible_contradiction_marker
review-backfill-d2dc8ccd86d4d804d978365c,real-shadow-event-36173b1b67b71696f7a6aaeb,latentatlas_action_time_masked_evidence_adapter_v1,,,,,,,,,,
review-backfill-1bde575de4c014c1663d215b,real-shadow-event-c5f2c592f4428ba628f1c273,latentatlas_action_time_masked_evidence_adapter_v1,,,,,,,,,,
review-backfill-4966fd974cfa2c414760e486,real-shadow-event-c83394f7ed37be4ff26c292b,latentatlas_action_time_masked_evidence_adapter_v1,,,,,,,,,,
review-backfill-52710db9025152e1a6598c9f,real-shadow-event-dd80c58e0274747024c6be77,latentatlas_action_time_masked_evidence_adapter_v1,,,,,,,,,,
review-backfill-18c6fc1849785806e3ede7de,real-shadow-event-01079a5596873594f07d5037,latentatlas_action_time_masked_evidence_adapter_v1,,,,,,,,,,
review-backfill-12c8101674227aa33c8c60b4,real-shadow-event-0134226f510afa3d760d35f4,latentatlas_action_time_masked_evidence_adapter_v1,,,,,,,,,,
review-backfill-2e345b09f8729b30771fca04,real-shadow-event-03e5a52aac3ab1188db598d7,latentatlas_action_time_masked_evidence_adapter_v1,,,,,,,,,,
review-backfill-cc53d28a1d7503ccba1857a7,real-shadow-event-0410c29ea02b5ab341846bf2,latentatlas_action_time_masked_evidence_adapter_v1,,,,,,,,,,
review-backfill-d5583f018eb8c7bb268ecfb8,real-shadow-event-0453126684bdbeb98a0316ff,latentatlas_action_time_masked_evidence_adapter_v1,,,,,,,,,,
review-backfill-ef696dbb850a7681882d30c8,real-shadow-event-046feb793f1b674b22946c7b,latentatlas_action_time_masked_evidence_adapter_v1,,,,,,,,,,
review-backfill-3357a4d2c3ba4b237a5befcc,real-shadow-event-056dce2a1ce0876d5616a716,latentatlas_action_time_masked_evidence_adapter_v1,,,,,,,,,,
review-backfill-6af4e3db719d3797bf7da40c,real-shadow-event-05c3ab7e5fb1fede67eaaf72,latentatlas_action_time_masked_evidence_adapter_v1,,,,,,,,,,
review-backfill-1fbd32bfc9d58ebb20fc908d,real-shadow-event-0678b8eac52eaf84401cb59d,latentatlas_action_time_masked_evidence_adapter_v1,,,,,,,,,,
review-backfill-e20b060a67572e2b68ea7ae7,real-shadow-event-077c84de690ab843d14ecc87,latentatlas_action_time_masked_evidence_adapter_v1,,,,,,,,,,
review-backfill-0aa07a2605d0a9b8695b1428,real-shadow-event-0aa2c9d730ffc27981402afc,latentatlas_action_time_masked_evidence_adapter_v1,,,,,,,,,,
review-backfill-317e2e61810caf6124da1c3f,real-shadow-event-0eba1c60000f5f76f4940aa3,latentatlas_action_time_masked_evidence_adapter_v1,,,,,,,,,,
review-backfill-a83d8be7c23334e7c9483b70,real-shadow-event-113ea8da953c9b3626f4f232,latentatlas_action_time_masked_evidence_adapter_v1,,,,,,,,,,
review-backfill-3c42e24629d0d040c862ff2f,real-shadow-event-1259ad423bc4bb06207036ac,latentatlas_action_time_masked_evidence_adapter_v1,,,,,,,,,,
review-backfill-6db347fa626f9df173d9be8e,real-shadow-event-186766f3e3689e6f18651060,latentatlas_action_time_masked_evidence_adapter_v1,,,,,,,,,,
review-backfill-dc30d2a4709f54b4e51603af,real-shadow-event-1ce9fd5026063a8a45c715d1,latentatlas_action_time_masked_evidence_adapter_v1,,,,,,,,,,
review-backfill-d8318ce2282957a34154e8ba,real-shadow-event-1eaa8b7ff97842c0645f4144,latentatlas_action_time_masked_evidence_adapter_v1,,,,,,,,,,
review-backfill-3a757cf569976b40a892da0d,real-shadow-event-1f8a64fdcf6fc1fd3efec1cb,latentatlas_action_time_masked_evidence_adapter_v1,,,,,,,,,,
review-backfill-165b7c652ea8ce972298bdd1,real-shadow-event-20c57dd88d0df39785cc6681,latentatlas_action_time_masked_evidence_adapter_v1,,,,,,,,,,
review-backfill-3c147caec660da0f842f531c,real-shadow-event-212a6fd98e158b12e6e00178,latentatlas_action_time_masked_evidence_adapter_v1,,,,,,,,,,
review-backfill-5eb8948a501e6112bb51a28e,real-shadow-event-2215cd53d4eb98ae30ca9205,latentatlas_action_time_masked_evidence_adapter_v1,,,,,,,,,,
review-backfill-ccbf50bc03c6b5304a3a9e26,real-shadow-event-230208d11c0ed6b28fd2b321,latentatlas_action_time_masked_evidence_adapter_v1,,,,,,,,,,
review-backfill-38482839bd65deda931b15b0,real-shadow-event-23688b2eee5a281711c20d33,latentatlas_action_time_masked_evidence_adapter_v1,,,,,,,,,,
review-backfill-ffbcaecb82db88da3cb53d5c,real-shadow-event-23a69fa71a53b67609d2e983,latentatlas_action_time_masked_evidence_adapter_v1,,,,,,,,,,
review-backfill-bb439883d459e55411a183b8,real-shadow-event-247cb45a5dd6103bbe90a648,latentatlas_action_time_masked_evidence_adapter_v1,,,,,,,,,,
review-backfill-6f436d36828da30ef205a8dd,real-shadow-event-25f7837a99e80a983044b1ce,latentatlas_action_time_masked_evidence_adapter_v1,,,,,,,,,,
review-backfill-e4a62914d37366d9bdb75046,real-shadow-event-265d61cf579788d81766cf8c,latentatlas_action_time_masked_evidence_adapter_v1,,,,,,,,,,
review-backfill-626c31d3eaac926c4731726f,real-shadow-event-27ebf8bcff4411a340d192e2,latentatlas_action_time_masked_evidence_adapter_v1,,,,,,,,,,
review-backfill-4f78c12e3a48aa1613a5e501,real-shadow-event-2aad293b773ff253c46e4e5d,latentatlas_action_time_masked_evidence_adapter_v1,,,,,,,,,,
review-backfill-bbee9d0119965e09ce321500,real-shadow-event-2e90661acc743b60a45a7f5a,latentatlas_action_time_masked_evidence_adapter_v1,,,,,,,,,,
review-backfill-74edd9b16e1451552f88024a,real-shadow-event-30e89d7071c59d5650eeea9c,latentatlas_action_time_masked_evidence_adapter_v1,,,,,,,,,,
review-backfill-4c5ee85b8fd9c67800293def,real-shadow-event-312705c24163b14c9f23690e,latentatlas_action_time_masked_evidence_adapter_v1,,,,,,,,,,
review-backfill-f1dbff0ddb5ceba02e884999,real-shadow-event-31a3ea53d2be952dcc2b182b,latentatlas_action_time_masked_evidence_adapter_v1,,,,,,,,,,
review-backfill-2d1cc12eca510a1bb1a35630,real-shadow-event-34ed91d59b6512110a831f79,latentatlas_action_time_masked_evidence_adapter_v1,,,,,,,,,,
review-backfill-1ba43b83636340686e80bdf4,real-shadow-event-35f8107fa5463e2825a8225e,latentatlas_action_time_masked_evidence_adapter_v1,,,,,,,,,,
review-backfill-1516c13b305bc64867a774bc,real-shadow-event-3aed48ff27dde1eafaa32baa,latentatlas_action_time_masked_evidence_adapter_v1,,,,,,,,,,
review-backfill-6203f5c6dfcf999a8de7e862,real-shadow-event-3b2f8052b7ec31acf25e5e50,latentatlas_action_time_masked_evidence_adapter_v1,,,,,,,,,,
review-backfill-084db141bfd70a1860618fff,real-shadow-event-3e5aca12d15af4be958983fb,latentatlas_action_time_masked_evidence_adapter_v1,,,,,,,,,,
review-backfill-e9209fe22037c79b28db6543,real-shadow-event-3eb88d55f0c27278955fdb15,latentatlas_action_time_masked_evidence_adapter_v1,,,,,,,,,,
review-backfill-773d2cdab3c71b99e4eddf25,real-shadow-event-3ef8d401e8eadeae934535a3,latentatlas_action_time_masked_evidence_adapter_v1,,,,,,,,,,
review-backfill-5019f9b4972e147931cedad3,real-shadow-event-3f47d943756967bb16b44f69,latentatlas_action_time_masked_evidence_adapter_v1,,,,,,,,,,
review-backfill-fce8648668b63f5254783a40,real-shadow-event-40b5865cc5bc9db37934e6f6,latentatlas_action_time_masked_evidence_adapter_v1,,,,,,,,,,
review-backfill-4b97ae8662695667aa70cd54,real-shadow-event-4451a0ad8cd1703249d5a504,latentatlas_action_time_masked_evidence_adapter_v1,,,,,,,,,,
review-backfill-ac07f06ed317353757034f51,real-shadow-event-453cac2ad7d43b3817674f78,latentatlas_action_time_masked_evidence_adapter_v1,,,,,,,,,,
review-backfill-b9411af4b0e491cf7ea4c87d,real-shadow-event-4ae72455992aba9c8ed5a651,latentatlas_action_time_masked_evidence_adapter_v1,,,,,,,,,,
review-backfill-c3177227503b49dd163ac15b,real-shadow-event-4da7c3cf8964f594f67bc85d,latentatlas_action_time_masked_evidence_adapter_v1,,,,,,,,,,
review-backfill-dae1434f00d6d33c868c116c,real-shadow-event-51d9f782c46bfa53550070e2,latentatlas_action_time_masked_evidence_adapter_v1,,,,,,,,,,
review-backfill-ca5c986f2ab3d3bf314cdaaf,real-shadow-event-53f307ac20bf130be096ab68,latentatlas_action_time_masked_evidence_adapter_v1,,,,,,,,,,
review-backfill-0c8e1cd3c3308900b52619a6,real-shadow-event-55250c53aadedd4a017577e6,latentatlas_action_time_masked_evidence_adapter_v1,,,,,,,,,,
review-backfill-51a18e49f59504257ba71161,real-shadow-event-55e7ccff19a121ce317b48cf,latentatlas_action_time_masked_evidence_adapter_v1,,,,,,,,,,
review-backfill-7805c124d540f29c5f2cb085,real-shadow-event-563d832a9418becb11cd7acc,latentatlas_action_time_masked_evidence_adapter_v1,,,,,,,,,,
review-backfill-5ce7b4f86f6c105a05fe2ea8,real-shadow-event-579146f472550bd610b1777a,latentatlas_action_time_masked_evidence_adapter_v1,,,,,,,,,,
review-backfill-0a7f33cb956ca16f51d9070f,real-shadow-event-5c0ec092a49798eb7ae2cbc5,latentatlas_action_time_masked_evidence_adapter_v1,,,,,,,,,,
review-backfill-6fc687ea15173b20e76ec1b1,real-shadow-event-5c25886a5cddd1d8d088040a,latentatlas_action_time_masked_evidence_adapter_v1,,,,,,,,,,
review-backfill-d5a4210df17a2d89e6c22233,real-shadow-event-5c31228ad7869953a5ad33db,latentatlas_action_time_masked_evidence_adapter_v1,,,,,,,,,,
review-backfill-981c9d069a2cb842de0012e6,real-shadow-event-61265c8e0b66a126b8ce9fcb,latentatlas_action_time_masked_evidence_adapter_v1,,,,,,,,,,
review-backfill-f6281c9c16341bcd35b16510,real-shadow-event-612964b674719499015e0bcb,latentatlas_action_time_masked_evidence_adapter_v1,,,,,,,,,,
review-backfill-ed9b6b2890a080a0e705311c,real-shadow-event-633b8d87edd263e3d4abb9a1,latentatlas_action_time_masked_evidence_adapter_v1,,,,,,,,,,
review-backfill-d62e5d93dd272247a452d788,real-shadow-event-64038c97fdac908e928e31e3,latentatlas_action_time_masked_evidence_adapter_v1,,,,,,,,,,
review-backfill-a8e6464dcd7258b9768845fa,real-shadow-event-640c230c9324b0a147380543,latentatlas_action_time_masked_evidence_adapter_v1,,,,,,,,,,
review-backfill-fc945e5d6583d7729cda3527,real-shadow-event-64809de5f7de0c200c17aef3,latentatlas_action_time_masked_evidence_adapter_v1,,,,,,,,,,
review-backfill-4c04a85ba66314f79b08cf57,real-shadow-event-65a1295d520dc78be2f1fa8c,latentatlas_action_time_masked_evidence_adapter_v1,,,,,,,,,,
review-backfill-4f68ca1db1e8a1ddf3aa7416,real-shadow-event-69e8c4c8a38330a0bc58e82f,latentatlas_action_time_masked_evidence_adapter_v1,,,,,,,,,,
review-backfill-134d5d5743f45f28f2c551e8,real-shadow-event-6a786a886d2a8e7f0635cb1f,latentatlas_action_time_masked_evidence_adapter_v1,,,,,,,,,,
review-backfill-0d6f1d7d3304ac294059cc52,real-shadow-event-6add7f47af24070d3cdc509a,latentatlas_action_time_masked_evidence_adapter_v1,,,,,,,,,,
review-backfill-cdf90377d24f2ca9b394fbe7,real-shadow-event-6ca54f280ee6b1e771509b3a,latentatlas_action_time_masked_evidence_adapter_v1,,,,,,,,,,
review-backfill-1e1644821de63726ec5059d7,real-shadow-event-6d308cfe008366fe290ca69b,latentatlas_action_time_masked_evidence_adapter_v1,,,,,,,,,,
review-backfill-732e933f2711bc0eea0757d0,real-shadow-event-6f7ea9f561ec04e98c1d3715,latentatlas_action_time_masked_evidence_adapter_v1,,,,,,,,,,
review-backfill-ff7653fb8428c46b0e846d2b,real-shadow-event-6f9ef50ee453aaefd4548499,latentatlas_action_time_masked_evidence_adapter_v1,,,,,,,,,,
review-backfill-386b9fafd91f8b8f1a6d8f56,real-shadow-event-77f0e1357eddae354d787e1e,latentatlas_action_time_masked_evidence_adapter_v1,,,,,,,,,,
review-backfill-1d1d5cdf3d4bca4e44aa4e91,real-shadow-event-7ac6887b6366945fd7c86436,latentatlas_action_time_masked_evidence_adapter_v1,,,,,,,,,,
review-backfill-52ca9b2a8514f88e6e94bb9d,real-shadow-event-7c9d014f16c5ad8b86810616,latentatlas_action_time_masked_evidence_adapter_v1,,,,,,,,,,
review-backfill-d880decb0e59d6ad454cbc7b,real-shadow-event-7d806d50f1afeac6bac838af,latentatlas_action_time_masked_evidence_adapter_v1,,,,,,,,,,
review-backfill-8a1a34b6ba11a4b045e0759a,real-shadow-event-7e5b69d894098fc70b88f741,latentatlas_action_time_masked_evidence_adapter_v1,,,,,,,,,,
review-backfill-3184a1767b6cb61152e2f0ad,real-shadow-event-7f32beb89201fad5a2228c8f,latentatlas_action_time_masked_evidence_adapter_v1,,,,,,,,,,
review-backfill-d971e491d596c5c24220f5ca,real-shadow-event-80332d4da9ebbc9871f9ee15,latentatlas_action_time_masked_evidence_adapter_v1,,,,,,,,,,
review-backfill-f4cb66378741d45cccb56809,real-shadow-event-82b193ea5b12141c83b22070,latentatlas_action_time_masked_evidence_adapter_v1,,,,,,,,,,
review-backfill-afc27a2e376147df6936ce15,real-shadow-event-84dc63fd95ee38983b496d81,latentatlas_action_time_masked_evidence_adapter_v1,,,,,,,,,,
review-backfill-8d6f15c442ac2c20cf050d4b,real-shadow-event-887f0597a02e32f66daccca7,latentatlas_action_time_masked_evidence_adapter_v1,,,,,,,,,,
review-backfill-b250e4344c3b854d17962b29,real-shadow-event-892d6e1d4373466f58f2c2c2,latentatlas_action_time_masked_evidence_adapter_v1,,,,,,,,,,
review-backfill-d83fb9e31dc690ee15fbc91b,real-shadow-event-8a01bf6b9094a64bf7e3ce09,latentatlas_action_time_masked_evidence_adapter_v1,,,,,,,,,,
review-backfill-082241e46e00396b1be4146e,real-shadow-event-8afc5ece3298cd983d7a45ee,latentatlas_action_time_masked_evidence_adapter_v1,,,,,,,,,,
review-backfill-72adee62875bc6cec8bb09ad,real-shadow-event-8b7ad07e903f804cb4d979a1,latentatlas_action_time_masked_evidence_adapter_v1,,,,,,,,,,
review-backfill-13a46bf4d90592bc42347b41,real-shadow-event-8c25807f74852499fb41d7d8,latentatlas_action_time_masked_evidence_adapter_v1,,,,,,,,,,
review-backfill-14ff1622834669156357da40,real-shadow-event-921db58ecce917fab45c0549,latentatlas_action_time_masked_evidence_adapter_v1,,,,,,,,,,
review-backfill-fe1f3f5d9b1fada4409e3a5f,real-shadow-event-9233543990fd3c884ef5aa5f,latentatlas_action_time_masked_evidence_adapter_v1,,,,,,,,,,
review-backfill-aaeace9135c447052c5eed19,real-shadow-event-927af53c5afbd57e2c3bdf40,latentatlas_action_time_masked_evidence_adapter_v1,,,,,,,,,,
review-backfill-591e5b005376951d56afd360,real-shadow-event-93bb6e1c325b4794564de8cf,latentatlas_action_time_masked_evidence_adapter_v1,,,,,,,,,,
review-backfill-4cbc90599082f13f99ad388d,real-shadow-event-94e321271edd6dd3612ed48e,latentatlas_action_time_masked_evidence_adapter_v1,,,,,,,,,,
review-backfill-df4b02c680ed02501abbab1c,real-shadow-event-9a9c84fd7886ab86f85e6adf,latentatlas_action_time_masked_evidence_adapter_v1,,,,,,,,,,
review-backfill-a19fca2d86ae9315bde44e8d,real-shadow-event-9d479628d632ee4f2f893c43,latentatlas_action_time_masked_evidence_adapter_v1,,,,,,,,,,
review-backfill-c7a4692bb4c3b5c2b52d2f1e,real-shadow-event-9f378c5f82aea50f08812036,latentatlas_action_time_masked_evidence_adapter_v1,,,,,,,,,,
review-backfill-e4a0c2987bf5519999c0a836,real-shadow-event-9ffb5b1b35b92c31ce56bd1c,latentatlas_action_time_masked_evidence_adapter_v1,,,,,,,,,,
review-backfill-f4f97e927b232be7c38aff25,real-shadow-event-a056b253ff43cc3c6762d69b,latentatlas_action_time_masked_evidence_adapter_v1,,,,,,,,,,
review-backfill-4fece2f97ad87cecb265cb5d,real-shadow-event-a0ed1bbde601d45946cd358d,latentatlas_action_time_masked_evidence_adapter_v1,,,,,,,,,,
review-backfill-acd97ccae6da42fd6eeae304,real-shadow-event-a1c385b53424a436fceaac62,latentatlas_action_time_masked_evidence_adapter_v1,,,,,,,,,,
review-backfill-92606313aed9671db31ea599,real-shadow-event-a2023ac5d69f45aa80bca149,latentatlas_action_time_masked_evidence_adapter_v1,,,,,,,,,,
review-backfill-8c1b02026662af614bc14c7a,real-shadow-event-a3f367b5c910906a0d8cfb8f,latentatlas_action_time_masked_evidence_adapter_v1,,,,,,,,,,
review-backfill-ef2ab2f5becc51ebb1e41499,real-shadow-event-a963f1dea68a6625bb5b44c8,latentatlas_action_time_masked_evidence_adapter_v1,,,,,,,,,,
review-backfill-59356c18067708552e3fabef,real-shadow-event-aa5d2d907e45ac1a1ea9029e,latentatlas_action_time_masked_evidence_adapter_v1,,,,,,,,,,
review-backfill-26359a6d0c06b7be11385155,real-shadow-event-af0e74b6ccd717414920b35c,latentatlas_action_time_masked_evidence_adapter_v1,,,,,,,,,,
review-backfill-ac2cf42b0cf05a3bcf887dd2,real-shadow-event-afc1587a542613f674f7676a,latentatlas_action_time_masked_evidence_adapter_v1,,,,,,,,,,
review-backfill-ba14636f9ec61a6c9767b4d3,real-shadow-event-b383e029019fb82cf2cd852e,latentatlas_action_time_masked_evidence_adapter_v1,,,,,,,,,,
review-backfill-521116e59fc49c6a0909aa16,real-shadow-event-b850e78ce8722a5896097d65,latentatlas_action_time_masked_evidence_adapter_v1,,,,,,,,,,
review-backfill-b1341f9f6be1d4bffa3c406e,real-shadow-event-b8b59201a0d9234e5aa26868,latentatlas_action_time_masked_evidence_adapter_v1,,,,,,,,,,
review-backfill-06acb5675cbd8d5e26de17b9,real-shadow-event-bc369880ec47b0afc6f26701,latentatlas_action_time_masked_evidence_adapter_v1,,,,,,,,,,
review-backfill-864591aa51aa9069110538aa,real-shadow-event-bc76e5e8d2a51ffec80a4cad,latentatlas_action_time_masked_evidence_adapter_v1,,,,,,,,,,
review-backfill-44a4380f7465583de3fa94df,real-shadow-event-c0c3837079f8e6a28e7e080f,latentatlas_action_time_masked_evidence_adapter_v1,,,,,,,,,,
review-backfill-5c726fe8e2fb0e89e8468851,real-shadow-event-c0db34fd699720bcd8ac8594,latentatlas_action_time_masked_evidence_adapter_v1,,,,,,,,,,
review-backfill-9329d687451791da8bdf76e9,real-shadow-event-c37f45ee603df968c4447de7,latentatlas_action_time_masked_evidence_adapter_v1,,,,,,,,,,
review-backfill-d912c8dd8b5c8328df4d63f6,real-shadow-event-c3af2aadda7056efb0c78ef6,latentatlas_action_time_masked_evidence_adapter_v1,,,,,,,,,,
review-backfill-672be81eca9281010f810215,real-shadow-event-c49d67237652dfe346c5c7b9,latentatlas_action_time_masked_evidence_adapter_v1,,,,,,,,,,
review-backfill-3ca985e2d8fd16afcd8e103e,real-shadow-event-c4bc30635666c6d6070e5326,latentatlas_action_time_masked_evidence_adapter_v1,,,,,,,,,,
review-backfill-5fd5ed1937c32e35ce0fe3bd,real-shadow-event-c5464045252464819eb0fcff,latentatlas_action_time_masked_evidence_adapter_v1,,,,,,,,,,
review-backfill-1f02f7ba4e91af133efcfe5b,real-shadow-event-c7844e1e1f8f6355f3c06808,latentatlas_action_time_masked_evidence_adapter_v1,,,,,,,,,,
review-backfill-4f8d0aac67b5ed70789a208a,real-shadow-event-c9ee9d51be887f14a029283b,latentatlas_action_time_masked_evidence_adapter_v1,,,,,,,,,,
review-backfill-4ee539b4b274c0135b979197,real-shadow-event-cff35e50737a7075716e8a11,latentatlas_action_time_masked_evidence_adapter_v1,,,,,,,,,,
review-backfill-f81e0e2ab07ae2ec1e3ac32c,real-shadow-event-d2196b8e5806131fcbbddac0,latentatlas_action_time_masked_evidence_adapter_v1,,,,,,,,,,
review-backfill-10797690c2745da82949fdf6,real-shadow-event-d2d4d763d886332bb3dac134,latentatlas_action_time_masked_evidence_adapter_v1,,,,,,,,,,
review-backfill-aee6c81d076d4b0d6a3449c6,real-shadow-event-d3231d61efd10f2bd9ca2178,latentatlas_action_time_masked_evidence_adapter_v1,,,,,,,,,,
review-backfill-8811ba8ea1cee144a38c69fb,real-shadow-event-d414fafaca4f6e69e44dc18d,latentatlas_action_time_masked_evidence_adapter_v1,,,,,,,,,,
review-backfill-41bfe56b9b1aa03b35a1482c,real-shadow-event-d53d78cd157ebcae1bedb2af,latentatlas_action_time_masked_evidence_adapter_v1,,,,,,,,,,
review-backfill-d04b14c7f41a953f2e91a15c,real-shadow-event-d544817ece95ebbf9304cb09,latentatlas_action_time_masked_evidence_adapter_v1,,,,,,,,,,
review-backfill-1ab04d95aaba726cb1621ae4,real-shadow-event-d5b27c8a986cfd2ef158d90c,latentatlas_action_time_masked_evidence_adapter_v1,,,,,,,,,,
review-backfill-908dea8f316dd06281659494,real-shadow-event-d673ff75f8ca4a419c5bedb2,latentatlas_action_time_masked_evidence_adapter_v1,,,,,,,,,,
review-backfill-1ac75a818c5423945b12abf9,real-shadow-event-d752f007010db1707a0b1abd,latentatlas_action_time_masked_evidence_adapter_v1,,,,,,,,,,
review-backfill-0b9eff33379b232a165e6aca,real-shadow-event-dd3a176ddc3ef7839085d40d,latentatlas_action_time_masked_evidence_adapter_v1,,,,,,,,,,
review-backfill-c291950d1c54ab966cbaca44,real-shadow-event-dd879ba0b4cffbaea1cb2d30,latentatlas_action_time_masked_evidence_adapter_v1,,,,,,,,,,
review-backfill-2c3099a307592553a40ec707,real-shadow-event-df403b29dc5ab1dcbac25543,latentatlas_action_time_masked_evidence_adapter_v1,,,,,,,,,,
review-backfill-bebe7be11c657354e4653316,real-shadow-event-e01507ba41804cf02975369c,latentatlas_action_time_masked_evidence_adapter_v1,,,,,,,,,,
review-backfill-86689288dc121a56cea9dd10,real-shadow-event-e24f3c3ef29d41eeff541024,latentatlas_action_time_masked_evidence_adapter_v1,,,,,,,,,,
review-backfill-2abb9c8f44a21b72d6d8a349,real-shadow-event-e459434081f879e434febabe,latentatlas_action_time_masked_evidence_adapter_v1,,,,,,,,,,
review-backfill-4dd34384b9f4e381bb59f08c,real-shadow-event-e71e2f02ff04a18b1dd362be,latentatlas_action_time_masked_evidence_adapter_v1,,,,,,,,,,
review-backfill-bd786b2a7a853bb2c4ed5c64,real-shadow-event-e7c36abd47e5116061703f37,latentatlas_action_time_masked_evidence_adapter_v1,,,,,,,,,,
review-backfill-1a5e11aaab2238159be74f3e,real-shadow-event-ebff0651806f68acee347a5b,latentatlas_action_time_masked_evidence_adapter_v1,,,,,,,,,,
review-backfill-cb998559e1667e8772ca935b,real-shadow-event-ee4b825a2700dca8e364b91c,latentatlas_action_time_masked_evidence_adapter_v1,,,,,,,,,,
review-backfill-6f9d4a4e9549bf2225cb41fe,real-shadow-event-f0510a06e252bfb2cb0267bc,latentatlas_action_time_masked_evidence_adapter_v1,,,,,,,,,,
review-backfill-66b323385c35ad380b4dccde,real-shadow-event-f1b9e30f833cbd4e10c3e6ff,latentatlas_action_time_masked_evidence_adapter_v1,,,,,,,,,,
review-backfill-3fabc461b62bcf7ba611282e,real-shadow-event-f1e463077f35c13375ac94a9,latentatlas_action_time_masked_evidence_adapter_v1,,,,,,,,,,
review-backfill-8140b9c90a4f3f52c953ff4f,real-shadow-event-f8461de4308de81bc213616c,latentatlas_action_time_masked_evidence_adapter_v1,,,,,,,,,,
review-backfill-07d12d47242a5f22dd575b5b,real-shadow-event-fa448704fdb95f96fd42a5cf,latentatlas_action_time_masked_evidence_adapter_v1,,,,,,,,,,
review-backfill-2bd820ad4b23ea804c6d7e38,real-shadow-event-faa130c74822f0ae1710e0c9,latentatlas_action_time_masked_evidence_adapter_v1,,,,,,,,,,
review-backfill-8465e238cbb13cc1e73a3b1a,real-shadow-event-fae191813d79919659b9fa69,latentatlas_action_time_masked_evidence_adapter_v1,,,,,,,,,,
review-backfill-154b7d39e34ec4deeb6862a2,real-shadow-event-fd0644b1893cef4b24d72c2e,latentatlas_action_time_masked_evidence_adapter_v1,,,,,,,,,,
review-backfill-b2868fa137535e7af131881d,real-shadow-event-fe1dd0b2737bc9b4585728c8,latentatlas_action_time_masked_evidence_adapter_v1,,,,,,,,,,
review-backfill-d8a74a88c85934011d06e0b4,real-shadow-event-ff000b5385df76aaf6900f92,latentatlas_action_time_masked_evidence_adapter_v1,,,,,,,,,,
review-backfill-f8842571a6921fd0467a3bca,real-shadow-event-ff8de29daf5f8fd89abaa71a,latentatlas_action_time_masked_evidence_adapter_v1,,,,,,,,,,
review-backfill-64113e076e8e11c618124cd7,real-shadow-event-0027f0010d9ba0ad60cc4ed4,latentatlas_action_time_masked_evidence_adapter_v1,,,,,,,,,,
review-backfill-927fd7abe7df0d4ef4cc6336,real-shadow-event-005247113c907874021ddc02,latentatlas_action_time_masked_evidence_adapter_v1,,,,,,,,,,
review-backfill-efe7fab248519a63bf7c40e9,real-shadow-event-006450f858d04a1cf3a7753f,latentatlas_action_time_masked_evidence_adapter_v1,,,,,,,,,,
review-backfill-542aea0b632113efb3061d50,real-shadow-event-009a50305f926ab3eaac242c,latentatlas_action_time_masked_evidence_adapter_v1,,,,,,,,,,
review-backfill-09929ebc9e0d190881d56aa4,real-shadow-event-00a10ab3df9d24e5115a455a,latentatlas_action_time_masked_evidence_adapter_v1,,,,,,,,,,
review-backfill-f44d9ca02a9532585d7d6063,real-shadow-event-00ce302bad0004bac5d571d9,latentatlas_action_time_masked_evidence_adapter_v1,,,,,,,,,,
review-backfill-19b1d3a988a83c561b2e92ae,real-shadow-event-01105607c94361febe049f86,latentatlas_action_time_masked_evidence_adapter_v1,,,,,,,,,,
review-backfill-0923e51e2917b36fe600027e,real-shadow-event-0125274d662a76a5bd61b904,latentatlas_action_time_masked_evidence_adapter_v1,,,,,,,,,,
review-backfill-00acc01636f6d0b03f369b4f,real-shadow-event-0140cc1e43652c326811b9e1,latentatlas_action_time_masked_evidence_adapter_v1,,,,,,,,,,
review-backfill-9da8ec084c70956c795f6aeb,real-shadow-event-017cd28ab795fc9453956ba7,latentatlas_action_time_masked_evidence_adapter_v1,,,,,,,,,,
review-backfill-58388706f8824d3b3f690eea,real-shadow-event-01a823e27113c6bae6a48101,latentatlas_action_time_masked_evidence_adapter_v1,,,,,,,,,,
review-backfill-201f599b0033eeb5d45037f8,real-shadow-event-01ae0eb6a3b8b6076a439bcc,latentatlas_action_time_masked_evidence_adapter_v1,,,,,,,,,,
review-backfill-85d3613020426de34fb58e13,real-shadow-event-01bf140e247fcaadc5ee7b53,latentatlas_action_time_masked_evidence_adapter_v1,,,,,,,,,,
review-backfill-769ef9723106de04cba2a349,real-shadow-event-01d387c44d6172b55724433f,latentatlas_action_time_masked_evidence_adapter_v1,,,,,,,,,,
review-backfill-35f697f6796ac0676d307974,real-shadow-event-0216d2ea85c315cba88ce7e9,latentatlas_action_time_masked_evidence_adapter_v1,,,,,,,,,,
review-backfill-549a2fbf8e8695b7426dcf0d,real-shadow-event-022b82c06938dab14058bf8f,latentatlas_action_time_masked_evidence_adapter_v1,,,,,,,,,,
review-backfill-4ee2126c3d5374e78d862a5b,real-shadow-event-025b10736f6f44de7230810e,latentatlas_action_time_masked_evidence_adapter_v1,,,,,,,,,,
review-backfill-15f972dd24c68b1e062b884a,real-shadow-event-02821a41d9ec07995ea4f2ba,latentatlas_action_time_masked_evidence_adapter_v1,,,,,,,,,,
review-backfill-9d1a2f526b4e43c9e30239f6,real-shadow-event-0295e0701623225baad8a6fd,latentatlas_action_time_masked_evidence_adapter_v1,,,,,,,,,,
review-backfill-2cc934054a8bb321aefadf76,real-shadow-event-02f70ed4f2c9bbe180bc16b5,latentatlas_action_time_masked_evidence_adapter_v1,,,,,,,,,,
review-backfill-5a7333800662adc9a8604c65,real-shadow-event-03302f5b110beb016d1d5aad,latentatlas_action_time_masked_evidence_adapter_v1,,,,,,,,,,
review-backfill-fedacb4747e5c203f2e4642e,real-shadow-event-034311499e7cffb1adc76d9d,latentatlas_action_time_masked_evidence_adapter_v1,,,,,,,,,,
review-backfill-e741f48f1c29de5b863b3bec,real-shadow-event-035dbc70a7d92bec3bfee460,latentatlas_action_time_masked_evidence_adapter_v1,,,,,,,,,,
review-backfill-3d87c3f769ae74d48b961719,real-shadow-event-03e31e83ecbb6754437e906f,latentatlas_action_time_masked_evidence_adapter_v1,,,,,,,,,,
review-backfill-635642dacfbdec11ab628a50,real-shadow-event-03f5b291a3f7f116f87843c6,latentatlas_action_time_masked_evidence_adapter_v1,,,,,,,,,,
review-backfill-7dc8d742db497ef6572f7522,real-shadow-event-03fbfd2c306327eda7b21297,latentatlas_action_time_masked_evidence_adapter_v1,,,,,,,,,,
review-backfill-f9df1d2197552c0d5d6b9101,real-shadow-event-041941d8790d30603483d53d,latentatlas_action_time_masked_evidence_adapter_v1,,,,,,,,,,
review-backfill-429a0de3ab24915ed59c6974,real-shadow-event-042fec1e703d4650d64a8e6d,latentatlas_action_time_masked_evidence_adapter_v1,,,,,,,,,,
review-backfill-43a4eaddd0d67e398791b35b,real-shadow-event-043915d3c932b78f0b24b676,latentatlas_action_time_masked_evidence_adapter_v1,,,,,,,,,,
review-backfill-e56ccd6a75075990c74761c6,real-shadow-event-043facced1af4ee7ddda0144,latentatlas_action_time_masked_evidence_adapter_v1,,,,,,,,,,
review-backfill-9d400dd75af3787c5dcd2360,real-shadow-event-044cc6c6368f4bd50fabafa7,latentatlas_action_time_masked_evidence_adapter_v1,,,,,,,,,,
review-backfill-f430a9c4805f99464303f94c,real-shadow-event-046583bae89dbec1d8e6c0bc,latentatlas_action_time_masked_evidence_adapter_v1,,,,,,,,,,
review-backfill-22282088e7b0960cf8016806,real-shadow-event-0486437752f427387f44342e,latentatlas_action_time_masked_evidence_adapter_v1,,,,,,,,,,
review-backfill-30b9b9f20b5f8f20165cc743,real-shadow-event-04fe1612d3eac23927dda476,latentatlas_action_time_masked_evidence_adapter_v1,,,,,,,,,,
review-backfill-6d5defcc53b6beff5861f6f0,real-shadow-event-059f5077d7651b5bd2815eb7,latentatlas_action_time_masked_evidence_adapter_v1,,,,,,,,,,
review-backfill-7daf32bb8c80d37dceec4731,real-shadow-event-05a386a9a527dda2686a78ef,latentatlas_action_time_masked_evidence_adapter_v1,,,,,,,,,,
review-backfill-8b445039373fc97014d505c7,real-shadow-event-05b21ba11ff90011557e8cef,latentatlas_action_time_masked_evidence_adapter_v1,,,,,,,,,,
review-backfill-62de0fb4113400cbab2056b5,real-shadow-event-05b73da9be85ab9b69cbc802,latentatlas_action_time_masked_evidence_adapter_v1,,,,,,,,,,
review-backfill-ed1ac4d8c3f23bbca483509b,real-shadow-event-05dbe03184a01988bdb731d3,latentatlas_action_time_masked_evidence_adapter_v1,,,,,,,,,,
review-backfill-b1e02fd0bfd7ff54e3b3ab61,real-shadow-event-05dc224e79b1de131228a1f7,latentatlas_action_time_masked_evidence_adapter_v1,,,,,,,,,,
review-backfill-f307e20c2af9b91d6e1930e3,real-shadow-event-05dce7ad09b1ceb98d3474a5,latentatlas_action_time_masked_evidence_adapter_v1,,,,,,,,,,
review-backfill-d037e05f2dd9fe3caa0500f7,real-shadow-event-06239be65a2daaf7fc562306,latentatlas_action_time_masked_evidence_adapter_v1,,,,,,,,,,
review-backfill-31bfec0e5278dba15ff0e47c,real-shadow-event-0656e5cbfc7e819e96d79ec8,latentatlas_action_time_masked_evidence_adapter_v1,,,,,,,,,,
review-backfill-c0bdbd74482ca22fbbb402bf,real-shadow-event-0678f0fd8285226a1b3771c3,latentatlas_action_time_masked_evidence_adapter_v1,,,,,,,,,,
review-backfill-47d879a9d8874848d92c2a2a,real-shadow-event-06ac0673cc52c61a18f06585,latentatlas_action_time_masked_evidence_adapter_v1,,,,,,,,,,
review-backfill-ec27d029996e0c4f1042e74c,real-shadow-event-06d9512076700db88f9a43a5,latentatlas_action_time_masked_evidence_adapter_v1,,,,,,,,,,
review-backfill-2890c63305f6ad08e625d1a8,real-shadow-event-0718e6574ed104a915dcf1c1,latentatlas_action_time_masked_evidence_adapter_v1,,,,,,,,,,
review-backfill-d30adc8d51d5ad5a41a45f6e,real-shadow-event-073062cb319a339455b56d41,latentatlas_action_time_masked_evidence_adapter_v1,,,,,,,,,,
review-backfill-fc3a403bd20e416fd855b4de,real-shadow-event-0736b013c69a5577ebb21c86,latentatlas_action_time_masked_evidence_adapter_v1,,,,,,,,,,
review-backfill-da936bc8f69cbfb454ac9561,real-shadow-event-073fa7099bd5f6719719a23c,latentatlas_action_time_masked_evidence_adapter_v1,,,,,,,,,,
review-backfill-801a919bafc4002afce1dbc9,real-shadow-event-07735bca84c683997bdcff7c,latentatlas_action_time_masked_evidence_adapter_v1,,,,,,,,,,
review-backfill-f368f20d9bde463fcaec843c,real-shadow-event-077acec58d1b060685455025,latentatlas_action_time_masked_evidence_adapter_v1,,,,,,,,,,
review-backfill-e40ee48af57ba5eccdc6d399,real-shadow-event-078fa4ba4e06d4043669be94,latentatlas_action_time_masked_evidence_adapter_v1,,,,,,,,,,
review-backfill-963c53dac4852ab3cb75b080,real-shadow-event-079ba6dd2d3b021492ec3683,latentatlas_action_time_masked_evidence_adapter_v1,,,,,,,,,,
review-backfill-e744d1b09a6644fb24ea9e35,real-shadow-event-07a62339812775c8d3781994,latentatlas_action_time_masked_evidence_adapter_v1,,,,,,,,,,
review-backfill-5281b0f7f34fc603ff1ac2ad,real-shadow-event-07a9562fab4394a6fcd47e8f,latentatlas_action_time_masked_evidence_adapter_v1,,,,,,,,,,
review-backfill-fc8a3951e5d28d71cf9f51b9,real-shadow-event-07ad5c20147b096cc793ad2c,latentatlas_action_time_masked_evidence_adapter_v1,,,,,,,,,,
review-backfill-b54c12c23fa8fe7e8e97fd0e,real-shadow-event-0818400a57928116d005413a,latentatlas_action_time_masked_evidence_adapter_v1,,,,,,,,,,
review-backfill-bf934e8dfb0a0b2cc42bb723,real-shadow-event-08212a1229ee2282265b0234,latentatlas_action_time_masked_evidence_adapter_v1,,,,,,,,,,
review-backfill-2bef6e72178b380acee41099,real-shadow-event-084cf9bebdc91735c4c88f69,latentatlas_action_time_masked_evidence_adapter_v1,,,,,,,,,,
review-backfill-27e89ae41286cc182ef2fd36,real-shadow-event-08618b4e5ddd0d0c87750541,latentatlas_action_time_masked_evidence_adapter_v1,,,,,,,,,,
review-backfill-2050c6e9b45548ff8fa83da5,real-shadow-event-08751b081061068db46b3283,latentatlas_action_time_masked_evidence_adapter_v1,,,,,,,,,,
review-backfill-165ddbc5b6dd8f59974a2d3e,real-shadow-event-08c64302d7f4599d5210a833,latentatlas_action_time_masked_evidence_adapter_v1,,,,,,,,,,
review-backfill-8c48cdb2a9b27f153d8cc328,real-shadow-event-08e458981c56a00ffbb625dc,latentatlas_action_time_masked_evidence_adapter_v1,,,,,,,,,,
review-backfill-d0d75f477e23919a7f8829d3,real-shadow-event-08f1d04696e6896f039afc89,latentatlas_action_time_masked_evidence_adapter_v1,,,,,,,,,,
review-backfill-0f61f202ef041c2c18ab1e11,real-shadow-event-0973e83ed0851acdef20b3ca,latentatlas_action_time_masked_evidence_adapter_v1,,,,,,,,,,
review-backfill-ddd286192ed9bdf7db5db0d1,real-shadow-event-09afaca636d7ba86db609589,latentatlas_action_time_masked_evidence_adapter_v1,,,,,,,,,,
review-backfill-97feb955b715afd3bf26c8a9,real-shadow-event-09db38bdeaa3365db1d24cc0,latentatlas_action_time_masked_evidence_adapter_v1,,,,,,,,,,
review-backfill-547d2c8ba6f12507532b0266,real-shadow-event-09e90521f93280a880d1ee34,latentatlas_action_time_masked_evidence_adapter_v1,,,,,,,,,,
review-backfill-63000ee693dbeba02551a6cf,real-shadow-event-0a149d595c7b7ad511abb576,latentatlas_action_time_masked_evidence_adapter_v1,,,,,,,,,,
review-backfill-ade71164c0f31497ad3809c3,real-shadow-event-0a17e0868d56dc2805d26d76,latentatlas_action_time_masked_evidence_adapter_v1,,,,,,,,,,
review-backfill-781ede34645cc39eafb7672a,real-shadow-event-0a46cc1fdda0287433dc1087,latentatlas_action_time_masked_evidence_adapter_v1,,,,,,,,,,
review-backfill-b655f8c2765969797c298266,real-shadow-event-0a60b82c1b22499ee4880c95,latentatlas_action_time_masked_evidence_adapter_v1,,,,,,,,,,
review-backfill-b50de8d5b3d0410503a762b4,real-shadow-event-0a7512c3043f0f34d1b89a8f,latentatlas_action_time_masked_evidence_adapter_v1,,,,,,,,,,
review-backfill-ac24fdcc7921dd1c2ed93d70,real-shadow-event-0a9fb2be23ffe141eba0cf7d,latentatlas_action_time_masked_evidence_adapter_v1,,,,,,,,,,
review-backfill-11e2805ef7cfb2c3341c5212,real-shadow-event-0aa146660fd7c809a1e1d4d1,latentatlas_action_time_masked_evidence_adapter_v1,,,,,,,,,,
review-backfill-4cf33eae41b562064ff98a67,real-shadow-event-0aa668a43a22dbdb09547055,latentatlas_action_time_masked_evidence_adapter_v1,,,,,,,,,,
review-backfill-5d6de87b221936292a7f04f1,real-shadow-event-0aa755bd4341a5c7e638e1e4,latentatlas_action_time_masked_evidence_adapter_v1,,,,,,,,,,
review-backfill-a18b4157a2e45b6eb1f8c12b,real-shadow-event-0acd74e4ec305abb8a6298eb,latentatlas_action_time_masked_evidence_adapter_v1,,,,,,,,,,
review-backfill-08c6f74c08c6530dc49be5a7,real-shadow-event-0b04b7f76d047bf50bb6c43c,latentatlas_action_time_masked_evidence_adapter_v1,,,,,,,,,,
review-backfill-21e0cdec478aedd0c103bfe5,real-shadow-event-0b1188832ba37030cc7073eb,latentatlas_action_time_masked_evidence_adapter_v1,,,,,,,,,,
review-backfill-ae93d715a1f611be491e73c3,real-shadow-event-0b31a1f3e72463018679d881,latentatlas_action_time_masked_evidence_adapter_v1,,,,,,,,,,
review-backfill-7602991f3c80d92d915e0e3b,real-shadow-event-0ba136c255789b5f53ad554d,latentatlas_action_time_masked_evidence_adapter_v1,,,,,,,,,,
review-backfill-18125a4c821c8523e1cda5ba,real-shadow-event-0bbc502dfb7f3086e65b2ec0,latentatlas_action_time_masked_evidence_adapter_v1,,,,,,,,,,
review-backfill-fccfd4999e5fa9538594f6bf,real-shadow-event-0c250ccc6c0c446253613b43,latentatlas_action_time_masked_evidence_adapter_v1,,,,,,,,,,
review-backfill-eab2c212eb4201827605ef94,real-shadow-event-0c2ac6c2a808439303389a79,latentatlas_action_time_masked_evidence_adapter_v1,,,,,,,,,,
review-backfill-5328f46ddc93a46eb873add1,real-shadow-event-0c36a29378e41d666abb28e8,latentatlas_action_time_masked_evidence_adapter_v1,,,,,,,,,,
review-backfill-64b677e80325969a7e41ed1d,real-shadow-event-0c690b12efb1bbe66e86daf8,latentatlas_action_time_masked_evidence_adapter_v1,,,,,,,,,,
review-backfill-02fa6d02d6fb3b27f2bbb60e,real-shadow-event-0c8b2c276c74ded29a49189c,latentatlas_action_time_masked_evidence_adapter_v1,,,,,,,,,,
review-backfill-da0de4e49eff52d2123595ff,real-shadow-event-0cc3eff8a82e4f7c962e211c,latentatlas_action_time_masked_evidence_adapter_v1,,,,,,,,,,
review-backfill-66a07cefdb4c5409c40d2ac4,real-shadow-event-0cf9c3dc598e7e6ce654de3f,latentatlas_action_time_masked_evidence_adapter_v1,,,,,,,,,,
review-backfill-f5ff30dd7693b501aaa0b536,real-shadow-event-0d077478ba214c2ddcab43e2,latentatlas_action_time_masked_evidence_adapter_v1,,,,,,,,,,
review-backfill-82c2b56f0a4509d6229592d0,real-shadow-event-0d3cf0dc712deab1f5d956d9,latentatlas_action_time_masked_evidence_adapter_v1,,,,,,,,,,
review-backfill-89810489079cae1da743c0c9,real-shadow-event-0d8c128f0045841998ac1727,latentatlas_action_time_masked_evidence_adapter_v1,,,,,,,,,,
review-backfill-393a146e0e9c62f3ca19be2d,real-shadow-event-0df4ea377d06894e3edeb09b,latentatlas_action_time_masked_evidence_adapter_v1,,,,,,,,,,
review-backfill-46f1687490ab4912d7af06f3,real-shadow-event-0e117ee2f987f0b670c7d1d8,latentatlas_action_time_masked_evidence_adapter_v1,,,,,,,,,,
review-backfill-c0bf3308cc584203278df1d3,real-shadow-event-0e248bcc1fd8b4e8beea043f,latentatlas_action_time_masked_evidence_adapter_v1,,,,,,,,,,
review-backfill-af0a2800e8308a1225d47183,real-shadow-event-0e2b3a933902d40c25e9aee7,latentatlas_action_time_masked_evidence_adapter_v1,,,,,,,,,,
review-backfill-75420bdfe30295216abeb66d,real-shadow-event-0e55185c6676960baed80965,latentatlas_action_time_masked_evidence_adapter_v1,,,,,,,,,,
review-backfill-c03e07c97ca0ab1e04432edb,real-shadow-event-0e7a8d3387a002e820e71df7,latentatlas_action_time_masked_evidence_adapter_v1,,,,,,,,,,
review-backfill-230c11f43ff6d549ac84bf47,real-shadow-event-0e939bca7f65343a9b38aeb2,latentatlas_action_time_masked_evidence_adapter_v1,,,,,,,,,,
review-backfill-43d16f6444d93a9f68615050,real-shadow-event-0e9cbff751786f974c789096,latentatlas_action_time_masked_evidence_adapter_v1,,,,,,,,,,
review-backfill-e5a30a2534b693fe34e3d6ed,real-shadow-event-0eb660c3b144259e3fa1c5e5,latentatlas_action_time_masked_evidence_adapter_v1,,,,,,,,,,
review-backfill-73fa2c451696b7bde50763a9,real-shadow-event-0ebbf4d94f572c86f2901c43,latentatlas_action_time_masked_evidence_adapter_v1,,,,,,,,,,
review-backfill-b0c818cd2269e86913d6738b,real-shadow-event-0ece7e40fe708e46cc549642,latentatlas_action_time_masked_evidence_adapter_v1,,,,,,,,,,
review-backfill-9f2a04c509ddac8b73f34c4a,real-shadow-event-0f0fe0451076b5ca3c8bc839,latentatlas_action_time_masked_evidence_adapter_v1,,,,,,,,,,
review-backfill-fbfb6cd6e02ef4e08336465f,real-shadow-event-0f14b58118f21ece587ab0d0,latentatlas_action_time_masked_evidence_adapter_v1,,,,,,,,,,
review-backfill-202ae88d8e223b47d0a51518,real-shadow-event-0f16b2817086d286149b62b7,latentatlas_action_time_masked_evidence_adapter_v1,,,,,,,,,,
review-backfill-1f846be68fcc211ee9a51b26,real-shadow-event-0f3ba9c104c62bea6d03403c,latentatlas_action_time_masked_evidence_adapter_v1,,,,,,,,,,
review-backfill-57f5cb47b671a65716fa4cc9,real-shadow-event-0f5eebdda45e4713bd582671,latentatlas_action_time_masked_evidence_adapter_v1,,,,,,,,,,
review-backfill-739d561066591cdc00d17f12,real-shadow-event-0f962713b23e25bd7525c24d,latentatlas_action_time_masked_evidence_adapter_v1,,,,,,,,,,
review-backfill-bacec8b8a36b5bccc5f0dca8,real-shadow-event-0fd1fc3034492de029ef5d8b,latentatlas_action_time_masked_evidence_adapter_v1,,,,,,,,,,
review-backfill-51c352a4f2662aad20cd7bba,real-shadow-event-0fd50f43c4f683e957e0a043,latentatlas_action_time_masked_evidence_adapter_v1,,,,,,,,,,
review-backfill-0daab8aaed73f9be9ceec26f,real-shadow-event-0ff8e151bc3283bed1973b03,latentatlas_action_time_masked_evidence_adapter_v1,,,,,,,,,,
review-backfill-77bcacd60df834edd521dfa1,real-shadow-event-101fc93be4eebaa7b195afdd,latentatlas_action_time_masked_evidence_adapter_v1,,,,,,,,,,
review-backfill-c3113cf04e8c1a9695a482c4,real-shadow-event-1027c5cda3eb948eed0195d7,latentatlas_action_time_masked_evidence_adapter_v1,,,,,,,,,,
review-backfill-829104232190cc94bc3b3eac,real-shadow-event-1061120ac8f7bc3a55b7779f,latentatlas_action_time_masked_evidence_adapter_v1,,,,,,,,,,
review-backfill-4dc892fb4a3a9017959d5619,real-shadow-event-108f55999e397850726c8768,latentatlas_action_time_masked_evidence_adapter_v1,,,,,,,,,,
review-backfill-33c916688ff53010d5eab242,real-shadow-event-10a3bce71f62e7579af003d0,latentatlas_action_time_masked_evidence_adapter_v1,,,,,,,,,,
review-backfill-050f620ceec9b054824e40f9,real-shadow-event-10a5384d33430b20a26694b3,latentatlas_action_time_masked_evidence_adapter_v1,,,,,,,,,,
review-backfill-ba9d623b2a6ee8a213880ba2,real-shadow-event-10a76de079102f1bfd62b9d6,latentatlas_action_time_masked_evidence_adapter_v1,,,,,,,,,,
review-backfill-dcfb61c7e73a15f6e51191ea,real-shadow-event-11330a5fdc31006328f69648,latentatlas_action_time_masked_evidence_adapter_v1,,,,,,,,,,
review-backfill-0e6f5c88c8729973afdaa10f,real-shadow-event-116d9f5cee45ef72313bef7c,latentatlas_action_time_masked_evidence_adapter_v1,,,,,,,,,,
review-backfill-b6638aa0b32b0d7f849c96db,real-shadow-event-1178007deefb8b206eb976bd,latentatlas_action_time_masked_evidence_adapter_v1,,,,,,,,,,
review-backfill-ba8d1f1844d7e1184cdfe06c,real-shadow-event-1185188acea7271883233559,latentatlas_action_time_masked_evidence_adapter_v1,,,,,,,,,,
review-backfill-7abc73c34c6cbc31da48ecf6,real-shadow-event-118ace4b2de4451343faa8b9,latentatlas_action_time_masked_evidence_adapter_v1,,,,,,,,,,
review-backfill-8b6bd56942ed96cf4d88be16,real-shadow-event-11a6e18be6ecb7d22e164b5c,latentatlas_action_time_masked_evidence_adapter_v1,,,,,,,,,,
review-backfill-be302fa8b0318e75473091cb,real-shadow-event-11aa77507dad18af40964468,latentatlas_action_time_masked_evidence_adapter_v1,,,,,,,,,,
review-backfill-a73ee1ce30dcdc2ce5dba84e,real-shadow-event-11b2273394a749f3099b1aca,latentatlas_action_time_masked_evidence_adapter_v1,,,,,,,,,,
review-backfill-aed3a519e021fb7dc5f9b48d,real-shadow-event-11da75269a13f02c1d22b04a,latentatlas_action_time_masked_evidence_adapter_v1,,,,,,,,,,
review-backfill-775cba86854a9fa5c9a11f11,real-shadow-event-121447c20c861ded1063c29c,latentatlas_action_time_masked_evidence_adapter_v1,,,,,,,,,,
review-backfill-d63af001612869f18a9c0c9c,real-shadow-event-1259ee5aa03f611c3e43ed69,latentatlas_action_time_masked_evidence_adapter_v1,,,,,,,,,,
review-backfill-58f466c886367683a9be892f,real-shadow-event-125ab6a85324acbedb3f9fba,latentatlas_action_time_masked_evidence_adapter_v1,,,,,,,,,,
review-backfill-108a087b5c5badf509512a4d,real-shadow-event-126ffc7199bed8374fcbee52,latentatlas_action_time_masked_evidence_adapter_v1,,,,,,,,,,
review-backfill-6637cd5aaf6b615201c5a373,real-shadow-event-12b028cf9450aed983d476f6,latentatlas_action_time_masked_evidence_adapter_v1,,,,,,,,,,
review-backfill-d94658a73f80ae688e623386,real-shadow-event-12ba35f684040b4bf3a31376,latentatlas_action_time_masked_evidence_adapter_v1,,,,,,,,,,
review-backfill-e359c5cb177770f22d0282dc,real-shadow-event-12d4cff125f299e715df79d1,latentatlas_action_time_masked_evidence_adapter_v1,,,,,,,,,,
review-backfill-59874626e0841f3252a50fe8,real-shadow-event-130a31e8deccddc8ac86838e,latentatlas_action_time_masked_evidence_adapter_v1,,,,,,,,,,
review-backfill-021b2f804bd131f9a78e00ca,real-shadow-event-137ff1e1308a7b959aff3dd7,latentatlas_action_time_masked_evidence_adapter_v1,,,,,,,,,,
review-backfill-c352487a06a2a25a0a7e402a,real-shadow-event-138afb32d48da1e978303d1b,latentatlas_action_time_masked_evidence_adapter_v1,,,,,,,,,,
review-backfill-c54f9dca2026468ca51d3425,real-shadow-event-1393024a295514fc6de19d68,latentatlas_action_time_masked_evidence_adapter_v1,,,,,,,,,,
review-backfill-a86b6b034276c6c04a0e41cd,real-shadow-event-13d386a46d45334d2321d5d1,latentatlas_action_time_masked_evidence_adapter_v1,,,,,,,,,,
review-backfill-fc202c4b140815cbdca961ad,real-shadow-event-13f3db20df6ee240299d8abb,latentatlas_action_time_masked_evidence_adapter_v1,,,,,,,,,,
review-backfill-a50777e7d35fd40238c78d96,real-shadow-event-13ff33b9065b66b1ad276e59,latentatlas_action_time_masked_evidence_adapter_v1,,,,,,,,,,
review-backfill-cf9dd7058ba155910ba01b40,real-shadow-event-140ad88408b1ddb03f44187a,latentatlas_action_time_masked_evidence_adapter_v1,,,,,,,,,,
review-backfill-5a8053e8de2221cbb543fd79,real-shadow-event-148729a77f146a1077cf9236,latentatlas_action_time_masked_evidence_adapter_v1,,,,,,,,,,
review-backfill-9f173008ce9a1ce4059890c8,real-shadow-event-14c9c0a7a6053d873cc94df6,latentatlas_action_time_masked_evidence_adapter_v1,,,,,,,,,,
review-backfill-b60455675ccb547000855aae,real-shadow-event-14e5e4938c55969245eedc47,latentatlas_action_time_masked_evidence_adapter_v1,,,,,,,,,,
review-backfill-4154cf372af2fe28c99872a2,real-shadow-event-14ec429f72bac39010ac7755,latentatlas_action_time_masked_evidence_adapter_v1,,,,,,,,,,
review-backfill-05a3c4fc86d2ba0317c0e5d1,real-shadow-event-14fc238b7e4bea6f0923bed2,latentatlas_action_time_masked_evidence_adapter_v1,,,,,,,,,,
review-backfill-94c2c668de563869c1fff329,real-shadow-event-150b604b7b61234a67b62365,latentatlas_action_time_masked_evidence_adapter_v1,,,,,,,,,,
review-backfill-216038f7cef5a15f1fd467ca,real-shadow-event-151025bb5c3522ca79330c79,latentatlas_action_time_masked_evidence_adapter_v1,,,,,,,,,,
review-backfill-4498b1347edab5f147183081,real-shadow-event-152c9414e30c75ecef5a1f19,latentatlas_action_time_masked_evidence_adapter_v1,,,,,,,,,,
review-backfill-f427a741853c2e8c3e40cdad,real-shadow-event-1539df49f7f1bfd6c1fde39e,latentatlas_action_time_masked_evidence_adapter_v1,,,,,,,,,,
review-backfill-8c5d5023de603f50943ee1bf,real-shadow-event-153da59d4487846034d834c1,latentatlas_action_time_masked_evidence_adapter_v1,,,,,,,,,,
review-backfill-360d8f26aa7b5fbaab7c4e12,real-shadow-event-15678f0f99851c4989d73cd2,latentatlas_action_time_masked_evidence_adapter_v1,,,,,,,,,,
review-backfill-19bbd7df85344880689a7db1,real-shadow-event-157f38103bcab780485bb329,latentatlas_action_time_masked_evidence_adapter_v1,,,,,,,,,,
review-backfill-1f1257e037e9ea3a52edb872,real-shadow-event-15b1c8c994bb1cb3d03deb0e,latentatlas_action_time_masked_evidence_adapter_v1,,,,,,,,,,
review-backfill-695dada4994f2bb21b664078,real-shadow-event-1628db7de7b3c9126c13e20a,latentatlas_action_time_masked_evidence_adapter_v1,,,,,,,,,,
review-backfill-18e3b4272e301b92ae6be5e9,real-shadow-event-1668987f22fcd9c140ce63ba,latentatlas_action_time_masked_evidence_adapter_v1,,,,,,,,,,
review-backfill-ab2c05cf0523d6c7c00b5a8b,real-shadow-event-16819b9697d60790458d1d61,latentatlas_action_time_masked_evidence_adapter_v1,,,,,,,,,,
review-backfill-ce134b96ff7ce84db55edef9,real-shadow-event-16a7a76b6898d9f501071680,latentatlas_action_time_masked_evidence_adapter_v1,,,,,,,,,,
review-backfill-1868f43b3f3749a1c5467acc,real-shadow-event-16c2be31232dedd173425b47,latentatlas_action_time_masked_evidence_adapter_v1,,,,,,,,,,
review-backfill-7189f84e582d8099004394f3,real-shadow-event-17105270ca16c5512130c594,latentatlas_action_time_masked_evidence_adapter_v1,,,,,,,,,,
review-backfill-7a67a1bead2a87b72797294f,real-shadow-event-1725e6a5fffebecc71832506,latentatlas_action_time_masked_evidence_adapter_v1,,,,,,,,,,
review-backfill-685d1040fcc2f7f9c09a9e83,real-shadow-event-177066abc5335de8be190bcf,latentatlas_action_time_masked_evidence_adapter_v1,,,,,,,,,,
review-backfill-b3d78dbf464c893ff5f6a47c,real-shadow-event-17c3f284bfcbc200411bd6ac,latentatlas_action_time_masked_evidence_adapter_v1,,,,,,,,,,
review-backfill-c1a971ad34b1ca5e0812b751,real-shadow-event-17e8e3811b78d46eb8bb1a11,latentatlas_action_time_masked_evidence_adapter_v1,,,,,,,,,,
review-backfill-66b0208ab3a9a7cce89544b7,real-shadow-event-17f73f22fc09b45d7939ba49,latentatlas_action_time_masked_evidence_adapter_v1,,,,,,,,,,
review-backfill-67f3e399a6da7d66a7080109,real-shadow-event-17feead7c3fd9c152a9eb2e4,latentatlas_action_time_masked_evidence_adapter_v1,,,,,,,,,,
review-backfill-e428d3f701aadc9d6b2f9e27,real-shadow-event-1835c42d800278af5ec51fbb,latentatlas_action_time_masked_evidence_adapter_v1,,,,,,,,,,
review-backfill-551b22fcb8e158e0a9b32310,real-shadow-event-1873c413c9446d5308029869,latentatlas_action_time_masked_evidence_adapter_v1,,,,,,,,,,
review-backfill-f08394c7f613e1c02f28135a,real-shadow-event-1887845125c3ba627105cbb1,latentatlas_action_time_masked_evidence_adapter_v1,,,,,,,,,,
review-backfill-22b2c8559a96da416f987489,real-shadow-event-18a3f8be7834436eea4e5d0d,latentatlas_action_time_masked_evidence_adapter_v1,,,,,,,,,,
review-backfill-85caa28b332069637b43bf64,real-shadow-event-18ba268a62929d28872ad188,latentatlas_action_time_masked_evidence_adapter_v1,,,,,,,,,,
review-backfill-665647ca20ce0a07516ed3d8,real-shadow-event-18ba65f15aa71b644b5e97b2,latentatlas_action_time_masked_evidence_adapter_v1,,,,,,,,,,
review-backfill-704947accdff856c1eb31fd8,real-shadow-event-18d4c4594ab9015c9c4fce3c,latentatlas_action_time_masked_evidence_adapter_v1,,,,,,,,,,
review-backfill-e1010113b0b3d2b31fea5006,real-shadow-event-1919618519fde93852991a49,latentatlas_action_time_masked_evidence_adapter_v1,,,,,,,,,,
review-backfill-319a56ba18bd1cd91a894476,real-shadow-event-191fb1bd12628ae0eaf337ea,latentatlas_action_time_masked_evidence_adapter_v1,,,,,,,,,,
review-backfill-6829c4198eb03ce7d2e79b51,real-shadow-event-192f79fd0bf3359358e52f8a,latentatlas_action_time_masked_evidence_adapter_v1,,,,,,,,,,
review-backfill-96604ac98cfeb62d46c8c303,real-shadow-event-19bf19b1974fae0ea3dcda88,latentatlas_action_time_masked_evidence_adapter_v1,,,,,,,,,,
review-backfill-bf6187419cf10cc12dd2e5a0,real-shadow-event-19c30ebdce10d42441795444,latentatlas_action_time_masked_evidence_adapter_v1,,,,,,,,,,
review-backfill-2d253f07612a735fa3e6b1f9,real-shadow-event-19db5b881d09d785cd1a9f4c,latentatlas_action_time_masked_evidence_adapter_v1,,,,,,,,,,
review-backfill-91f3c7d2527bc097b07c0363,real-shadow-event-19dfdf7563c14ede94ce7002,latentatlas_action_time_masked_evidence_adapter_v1,,,,,,,,,,
review-backfill-4b1429b4730278c800015eb5,real-shadow-event-19e136b9264478eb2eddd819,latentatlas_action_time_masked_evidence_adapter_v1,,,,,,,,,,
review-backfill-b275957c6825925db9b6df54,real-shadow-event-1a11cf1e93ea6d8647fdb897,latentatlas_action_time_masked_evidence_adapter_v1,,,,,,,,,,
review-backfill-6e38d40d4be76718a64c404d,real-shadow-event-1a31e4caf653446c85f6cf54,latentatlas_action_time_masked_evidence_adapter_v1,,,,,,,,,,
review-backfill-6bbaf8bcaefc02b9e5bfaec6,real-shadow-event-1a627b1d61d96539b467ada8,latentatlas_action_time_masked_evidence_adapter_v1,,,,,,,,,,
review-backfill-b4bb85d38397709eee2fee50,real-shadow-event-1abe170b5d8b6175b556877b,latentatlas_action_time_masked_evidence_adapter_v1,,,,,,,,,,
review-backfill-1c98837971d2a41591cf4559,real-shadow-event-1ac1e13fcc4ed49841934917,latentatlas_action_time_masked_evidence_adapter_v1,,,,,,,,,,
review-backfill-2649126dd0b5064cc4b2cf87,real-shadow-event-1ac51b5d236bb8913157c32b,latentatlas_action_time_masked_evidence_adapter_v1,,,,,,,,,,
review-backfill-10095e0144f5100a9f28b318,real-shadow-event-1ac67bff442c3e4ba3b1bc2d,latentatlas_action_time_masked_evidence_adapter_v1,,,,,,,,,,
review-backfill-47d852e1062e816f54e573fb,real-shadow-event-1ad48475a195f8f200ea9292,latentatlas_action_time_masked_evidence_adapter_v1,,,,,,,,,,
review-backfill-22f1cea9d09cf8f5bdf957b2,real-shadow-event-1ad79fea44e7cd97071039e4,latentatlas_action_time_masked_evidence_adapter_v1,,,,,,,,,,
review-backfill-100a7316789563a05cffc571,real-shadow-event-1aea62b9237015c55ae62df4,latentatlas_action_time_masked_evidence_adapter_v1,,,,,,,,,,
review-backfill-03419c65dc3d0a16e8efaf0b,real-shadow-event-1b1a041752b43b365c205f9c,latentatlas_action_time_masked_evidence_adapter_v1,,,,,,,,,,
review-backfill-179c69b5ffe2e0934cf973d0,real-shadow-event-1b3448301fcea8762e7cbe4e,latentatlas_action_time_masked_evidence_adapter_v1,,,,,,,,,,
review-backfill-9886dc4573e521fe78753cff,real-shadow-event-1b384dab198959b335d2943f,latentatlas_action_time_masked_evidence_adapter_v1,,,,,,,,,,
review-backfill-8ce969403aa0dc15015a8995,real-shadow-event-1b70d604254ba6390726eb4b,latentatlas_action_time_masked_evidence_adapter_v1,,,,,,,,,,
review-backfill-5a81521c4b5c97256ff69798,real-shadow-event-1b7fc0163e90f0eaa30440b3,latentatlas_action_time_masked_evidence_adapter_v1,,,,,,,,,,
review-backfill-46445d28082e5d8375c6aed8,real-shadow-event-1b8910651a31250dd9084491,latentatlas_action_time_masked_evidence_adapter_v1,,,,,,,,,,
review-backfill-2c86ca54f0dcc0dc1aa6b8a2,real-shadow-event-1b97f11a8adebd12d818d5d4,latentatlas_action_time_masked_evidence_adapter_v1,,,,,,,,,,
review-backfill-90dbb1f012d326b21531d9dd,real-shadow-event-1bbd3f8c47853ac7e84c4296,latentatlas_action_time_masked_evidence_adapter_v1,,,,,,,,,,
review-backfill-105a33951dfe86bacea1d7a5,real-shadow-event-1bc7ed1406a72d154068d59b,latentatlas_action_time_masked_evidence_adapter_v1,,,,,,,,,,
review-backfill-18059d3d25c51c9de65f2780,real-shadow-event-1bed572d2672ee7968486858,latentatlas_action_time_masked_evidence_adapter_v1,,,,,,,,,,
review-backfill-6c0219232a4f6b4687129a13,real-shadow-event-1c2ffeaccb5b7a6997043a90,latentatlas_action_time_masked_evidence_adapter_v1,,,,,,,,,,
review-backfill-bb5a0c3843b921a53709dbc5,real-shadow-event-1c6d3c1eca538f1465eacac1,latentatlas_action_time_masked_evidence_adapter_v1,,,,,,,,,,
review-backfill-bc729357839df08a7f1f6955,real-shadow-event-1c7b4d76beba5b8bcc1d28ad,latentatlas_action_time_masked_evidence_adapter_v1,,,,,,,,,,
review-backfill-7ae0e8e1c032e73e53f30f75,real-shadow-event-1ce37dfcc156dbcab09af962,latentatlas_action_time_masked_evidence_adapter_v1,,,,,,,,,,
review-backfill-5c5b9a1011db156f1996c6a0,real-shadow-event-1d31d7d8fb70ee32dd362108,latentatlas_action_time_masked_evidence_adapter_v1,,,,,,,,,,
review-backfill-ebafab5dfaf877f834e6cd02,real-shadow-event-1d768937c6126b23f135e8e0,latentatlas_action_time_masked_evidence_adapter_v1,,,,,,,,,,
review-backfill-918dfc00908e69b48694f807,real-shadow-event-1d9241eb565ae5a1235c12f8,latentatlas_action_time_masked_evidence_adapter_v1,,,,,,,,,,
review-backfill-6c79349727c65809c622a352,real-shadow-event-1d9d9d7880f9389a2eedc67d,latentatlas_action_time_masked_evidence_adapter_v1,,,,,,,,,,
review-backfill-3fd8b51e621aa1589ebf386a,real-shadow-event-1da816b932dd70783169d4a8,latentatlas_action_time_masked_evidence_adapter_v1,,,,,,,,,,
review-backfill-938a4f14ed53dce8edeecacf,real-shadow-event-1dbea37aebf39507bcbdd085,latentatlas_action_time_masked_evidence_adapter_v1,,,,,,,,,,
review-backfill-f34ac4f261c37bd14c4db22e,real-shadow-event-1ddaa956b3524d92430a69f3,latentatlas_action_time_masked_evidence_adapter_v1,,,,,,,,,,
review-backfill-9e91a7628a26708ea2436ab2,real-shadow-event-1de46f85400028fb92c09e96,latentatlas_action_time_masked_evidence_adapter_v1,,,,,,,,,,
review-backfill-1fb063ac34907fda521a959f,real-shadow-event-1de69003fcdd980c7f4fd691,latentatlas_action_time_masked_evidence_adapter_v1,,,,,,,,,,
review-backfill-832d842af5d114a22b747fe0,real-shadow-event-1e28c00576e5376efd14990a,latentatlas_action_time_masked_evidence_adapter_v1,,,,,,,,,,
review-backfill-56d48edb2ec2134610226bb1,real-shadow-event-1e31ab4dd6649758ce62f3fb,latentatlas_action_time_masked_evidence_adapter_v1,,,,,,,,,,
review-backfill-daef62add23c673630b6f894,real-shadow-event-1e35ecc9079c9e4a6269332b,latentatlas_action_time_masked_evidence_adapter_v1,,,,,,,,,,
review-backfill-1ab9c98958b8ef9167c7ae4e,real-shadow-event-1ee95467f6d186aacbf80b34,latentatlas_action_time_masked_evidence_adapter_v1,,,,,,,,,,
review-backfill-09adfd727df59417e87084de,real-shadow-event-1ef609f8c37f32506b9c7598,latentatlas_action_time_masked_evidence_adapter_v1,,,,,,,,,,
review-backfill-1908945c6df24d7587c1e63a,real-shadow-event-1f15f1e466f64d7c0ecf6919,latentatlas_action_time_masked_evidence_adapter_v1,,,,,,,,,,
review-backfill-0f2d30eed004f08e2454482a,real-shadow-event-1f4d68821427fef18c46e963,latentatlas_action_time_masked_evidence_adapter_v1,,,,,,,,,,
review-backfill-d7b63091fa6ce030c16c5e71,real-shadow-event-1f6e0da827abc4482eab7543,latentatlas_action_time_masked_evidence_adapter_v1,,,,,,,,,,
review-backfill-3576f2fe6584c19a798a1838,real-shadow-event-1fadb7eaf5749fcf66d91703,latentatlas_action_time_masked_evidence_adapter_v1,,,,,,,,,,
review-backfill-b6be168e3b71ac726c35c5ac,real-shadow-event-202eebc6bf9a62214c94c989,latentatlas_action_time_masked_evidence_adapter_v1,,,,,,,,,,
review-backfill-8b7e024b046f16cda99e2fa8,real-shadow-event-20426aa5f326ef4e4c9543c3,latentatlas_action_time_masked_evidence_adapter_v1,,,,,,,,,,
review-backfill-36d836704668716cc473b4de,real-shadow-event-206f3671a7cec7fa82b4727e,latentatlas_action_time_masked_evidence_adapter_v1,,,,,,,,,,
review-backfill-83532af2ec4f6d9fa49a6b66,real-shadow-event-2097e295e6b48e8b3591debb,latentatlas_action_time_masked_evidence_adapter_v1,,,,,,,,,,
review-backfill-290713bee7420cafe542bcd4,real-shadow-event-209f97428b576db3c1517d4d,latentatlas_action_time_masked_evidence_adapter_v1,,,,,,,,,,
review-backfill-52932a2618ec4275a7b6267a,real-shadow-event-20baa1e5056c6685e65bfd16,latentatlas_action_time_masked_evidence_adapter_v1,,,,,,,,,,
review-backfill-edb85ae4718091d93d75db33,real-shadow-event-20edf012cca90a763c37a20d,latentatlas_action_time_masked_evidence_adapter_v1,,,,,,,,,,
review-backfill-c50500f9effa1557bc09961a,real-shadow-event-2121bd9ac0133d898de69d89,latentatlas_action_time_masked_evidence_adapter_v1,,,,,,,,,,
review-backfill-69cb85b6982143fb04593d15,real-shadow-event-21353c20bafbde136b4d8311,latentatlas_action_time_masked_evidence_adapter_v1,,,,,,,,,,
review-backfill-9f633c9048321449a5b56519,real-shadow-event-213a52a30f4865e0e49263ad,latentatlas_action_time_masked_evidence_adapter_v1,,,,,,,,,,
review-backfill-8e558e1b76b012d3e6c723d6,real-shadow-event-215a4e6c739695290cdba816,latentatlas_action_time_masked_evidence_adapter_v1,,,,,,,,,,
review-backfill-d24a327e92bfb512e9c4f5d2,real-shadow-event-219bae0ef48aa3c4bf2ca12c,latentatlas_action_time_masked_evidence_adapter_v1,,,,,,,,,,
review-backfill-1f3dfb7b1d13fc7c277101a0,real-shadow-event-21aab494548bb095524e45a8,latentatlas_action_time_masked_evidence_adapter_v1,,,,,,,,,,
review-backfill-0495f0dee45afbe03fe3ddee,real-shadow-event-21c94a162cb8a59b302abbbd,latentatlas_action_time_masked_evidence_adapter_v1,,,,,,,,,,
review-backfill-5626f0c0efa027b7afd5f350,real-shadow-event-21d6d38884935eccb5179e40,latentatlas_action_time_masked_evidence_adapter_v1,,,,,,,,,,
review-backfill-9c823e0c7c83cfa8e5308b76,real-shadow-event-2205cbf0802f9dcef44fc615,latentatlas_action_time_masked_evidence_adapter_v1,,,,,,,,,,
review-backfill-bffcef9007d0b8ddf49c46e8,real-shadow-event-2211fd343ae5d1f7a7d779f2,latentatlas_action_time_masked_evidence_adapter_v1,,,,,,,,,,
review-backfill-59937379adcaa050f386965b,real-shadow-event-226198425120846f9b162aea,latentatlas_action_time_masked_evidence_adapter_v1,,,,,,,,,,
review-backfill-31834d1690b7eaf55f5a57bb,real-shadow-event-2284bba1678c515d937d0134,latentatlas_action_time_masked_evidence_adapter_v1,,,,,,,,,,
review-backfill-ee375c46feabcd08d3e63767,real-shadow-event-2286f5c0d15ac0b9c6391630,latentatlas_action_time_masked_evidence_adapter_v1,,,,,,,,,,
review-backfill-a5f7509ac10df90ec2a1bbf3,real-shadow-event-22e728beae1979507f0e266d,latentatlas_action_time_masked_evidence_adapter_v1,,,,,,,,,,
review-backfill-e293cd8c25f9108270e47a57,real-shadow-event-230e6a58b07b90ba16837a56,latentatlas_action_time_masked_evidence_adapter_v1,,,,,,,,,,
review-backfill-3200f650490461ec53ba744b,real-shadow-event-232aa8bcec97c491fb66979a,latentatlas_action_time_masked_evidence_adapter_v1,,,,,,,,,,
review-backfill-d27472d9ff115ad053836aac,real-shadow-event-237b5493ad0cae45189f22e1,latentatlas_action_time_masked_evidence_adapter_v1,,,,,,,,,,
review-backfill-6994bc8ce9d1e8f3f545a4ee,real-shadow-event-23855ca9e87c458914382c5d,latentatlas_action_time_masked_evidence_adapter_v1,,,,,,,,,,
review-backfill-931fb006e161785489e139b7,real-shadow-event-23d8b47f05a6f972f37acb14,latentatlas_action_time_masked_evidence_adapter_v1,,,,,,,,,,
review-backfill-5ab1545fa077d79d6f650647,real-shadow-event-244353214bfd0d8833d0db82,latentatlas_action_time_masked_evidence_adapter_v1,,,,,,,,,,
review-backfill-8c7449c04a6f9c158c607198,real-shadow-event-2455a24627b70758a39d7d72,latentatlas_action_time_masked_evidence_adapter_v1,,,,,,,,,,
review-backfill-c7b21524bc8dbf406de3efa3,real-shadow-event-24615f15a2dac42601d7b107,latentatlas_action_time_masked_evidence_adapter_v1,,,,,,,,,,
review-backfill-20370c7d79d061440134c7b6,real-shadow-event-248910e43ea5a2e5dc7b7faf,latentatlas_action_time_masked_evidence_adapter_v1,,,,,,,,,,
review-backfill-c8b336c58991eb17661a5974,real-shadow-event-2496968f95f4cb63f6e8821e,latentatlas_action_time_masked_evidence_adapter_v1,,,,,,,,,,
review-backfill-9deebcbc73c422ffc25d0d75,real-shadow-event-24efd06e9b654e3cb6079a04,latentatlas_action_time_masked_evidence_adapter_v1,,,,,,,,,,
review-backfill-9d67ecfaa03e62fdd99d7fb3,real-shadow-event-24f2f4c4f3fc8131cdd54976,latentatlas_action_time_masked_evidence_adapter_v1,,,,,,,,,,
review-backfill-a4b7864414adc9458db5bde4,real-shadow-event-2505cf1c6c91d989a3e7cd69,latentatlas_action_time_masked_evidence_adapter_v1,,,,,,,,,,
review-backfill-87da2a50941366e45337b63d,real-shadow-event-251294211ee37f0604672b33,latentatlas_action_time_masked_evidence_adapter_v1,,,,,,,,,,
review-backfill-7e422b2f327b80bf432c8051,real-shadow-event-25268da7245f98d5597d4cec,latentatlas_action_time_masked_evidence_adapter_v1,,,,,,,,,,
review-backfill-19f05ede5e0b1796d33314ee,real-shadow-event-253ef0ee657092e5c4b97760,latentatlas_action_time_masked_evidence_adapter_v1,,,,,,,,,,
review-backfill-6ffcd28bfde5340da09ad9c9,real-shadow-event-2555ec861489a3a21edc975f,latentatlas_action_time_masked_evidence_adapter_v1,,,,,,,,,,
review-backfill-44497acea59e406c4e260b3d,real-shadow-event-256119aab2eceb6d76ebe619,latentatlas_action_time_masked_evidence_adapter_v1,,,,,,,,,,
review-backfill-90970d30322617d057eaf8ed,real-shadow-event-2576b63b8e1c5ddcdec9504a,latentatlas_action_time_masked_evidence_adapter_v1,,,,,,,,,,
review-backfill-c68abafea4643b3317a593b0,real-shadow-event-25842e23f00ebeea9dd7d0c9,latentatlas_action_time_masked_evidence_adapter_v1,,,,,,,,,,
review-backfill-0d2c353ad7343e3e04960650,real-shadow-event-25bf413e4f31ae9c17ca6f67,latentatlas_action_time_masked_evidence_adapter_v1,,,,,,,,,,
review-backfill-1dfad820059acad38807f49e,real-shadow-event-25dbfc0c2c5c962d7a7b7e74,latentatlas_action_time_masked_evidence_adapter_v1,,,,,,,,,,
review-backfill-fabfaee059fdc458bfa767bf,real-shadow-event-2609a1bde57a88b7ed7373b1,latentatlas_action_time_masked_evidence_adapter_v1,,,,,,,,,,
review-backfill-57ccd094c6f75fa3968f1e25,real-shadow-event-26505ac4832f97f3ab6a3648,latentatlas_action_time_masked_evidence_adapter_v1,,,,,,,,,,
review-backfill-80ee5320d45105aa5aeeff2f,real-shadow-event-267fec8c3e44123ad9225d92,latentatlas_action_time_masked_evidence_adapter_v1,,,,,,,,,,
review-backfill-3bdfd4616acae33d613f778f,real-shadow-event-268d8f240caefcbc0a28b46b,latentatlas_action_time_masked_evidence_adapter_v1,,,,,,,,,,
review-backfill-c80e249b6d61947489ff960e,real-shadow-event-26b6d5c82dd51cc9145cff16,latentatlas_action_time_masked_evidence_adapter_v1,,,,,,,,,,
review-backfill-375bb627195560a13fdfbde8,real-shadow-event-26feacdcd736f9f42fa68896,latentatlas_action_time_masked_evidence_adapter_v1,,,,,,,,,,
review-backfill-fe46bc03624b098876ebb77a,real-shadow-event-27060dbf67acbd932fa2542d,latentatlas_action_time_masked_evidence_adapter_v1,,,,,,,,,,
review-backfill-b0ae331031b79b1568b9eeea,real-shadow-event-2710517cb185fb1aaa929738,latentatlas_action_time_masked_evidence_adapter_v1,,,,,,,,,,
review-backfill-a43b597c24a59cf940ef271d,real-shadow-event-271a46fb8e61117810162138,latentatlas_action_time_masked_evidence_adapter_v1,,,,,,,,,,
review-backfill-377513b57d484b68ca30b8ab,real-shadow-event-27243e4704c55d0918491cf0,latentatlas_action_time_masked_evidence_adapter_v1,,,,,,,,,,
review-backfill-ccaa33a767fca3c755758982,real-shadow-event-272b292ff1a27e0aef10fef9,latentatlas_action_time_masked_evidence_adapter_v1,,,,,,,,,,
review-backfill-cc8ea454948662246d706587,real-shadow-event-2753a0cfc08910b957671c25,latentatlas_action_time_masked_evidence_adapter_v1,,,,,,,,,,
review-backfill-c1c5d75baa8cbd44777b45c8,real-shadow-event-276c6d3369878c0a4b81ac48,latentatlas_action_time_masked_evidence_adapter_v1,,,,,,,,,,
review-backfill-9af49abca9a6267ca4e17620,real-shadow-event-277f60532623717288d7357b,latentatlas_action_time_masked_evidence_adapter_v1,,,,,,,,,,
review-backfill-cc8a5595c8c35c90c320f973,real-shadow-event-27803cc247036cf0bb2cd628,latentatlas_action_time_masked_evidence_adapter_v1,,,,,,,,,,
review-backfill-98b1c45577c60fef97929a5d,real-shadow-event-279ffc3b53010f31fadc7901,latentatlas_action_time_masked_evidence_adapter_v1,,,,,,,,,,
review-backfill-2776f4eab555439136d6313d,real-shadow-event-27cec2ae61c8a0fb23c4c00a,latentatlas_action_time_masked_evidence_adapter_v1,,,,,,,,,,
review-backfill-40c413f6e05dff825924098d,real-shadow-event-27ee70702f1fc81f2cd2e781,latentatlas_action_time_masked_evidence_adapter_v1,,,,,,,,,,
review-backfill-c240e7d292a26956ad5c8f2c,real-shadow-event-27fb42781d8e7544fdcd7930,latentatlas_action_time_masked_evidence_adapter_v1,,,,,,,,,,
review-backfill-ae1f31f1faa6d07b3f6ecd78,real-shadow-event-2860498255b4d1bdb78ff715,latentatlas_action_time_masked_evidence_adapter_v1,,,,,,,,,,
review-backfill-234242310649de4447be3a4e,real-shadow-event-2861eda8465b259a3f1e34bc,latentatlas_action_time_masked_evidence_adapter_v1,,,,,,,,,,
review-backfill-06cab14007cbc3cbb10a766c,real-shadow-event-287b354afdbfc5909193c04a,latentatlas_action_time_masked_evidence_adapter_v1,,,,,,,,,,
review-backfill-4799da874005f89ce7d18f8a,real-shadow-event-28b4ffb56cda7ebe067d0c54,latentatlas_action_time_masked_evidence_adapter_v1,,,,,,,,,,
review-backfill-8ddff8a5a0f946347a93d32f,real-shadow-event-28b535a5ffab1361502427fe,latentatlas_action_time_masked_evidence_adapter_v1,,,,,,,,,,
review-backfill-011cc643959a1497039acb47,real-shadow-event-28f07149a92d59e376127dc5,latentatlas_action_time_masked_evidence_adapter_v1,,,,,,,,,,
review-backfill-1423ea3d31399e409e4c1fae,real-shadow-event-28fe4c5de6a3b81f3d6f3f3c,latentatlas_action_time_masked_evidence_adapter_v1,,,,,,,,,,
review-backfill-0b1d12e033a18054b00de790,real-shadow-event-2947292cc00e21b6d2d1818c,latentatlas_action_time_masked_evidence_adapter_v1,,,,,,,,,,
review-backfill-ce24a491d1d8d8f6b88bbaa5,real-shadow-event-295c00c424426913ef8ccbb0,latentatlas_action_time_masked_evidence_adapter_v1,,,,,,,,,,
review-backfill-e88479afe65ccf1d3eff8973,real-shadow-event-29e98c905653bd511dca228d,latentatlas_action_time_masked_evidence_adapter_v1,,,,,,,,,,
review-backfill-0983d620ce4d0720d9774361,real-shadow-event-2a0e657efd1db651f96866f3,latentatlas_action_time_masked_evidence_adapter_v1,,,,,,,,,,
review-backfill-26c0e899cfe662f9794d987d,real-shadow-event-2a5f895c8b99814a17eccd31,latentatlas_action_time_masked_evidence_adapter_v1,,,,,,,,,,
review-backfill-f084fdaac3c5bfd3608e1ce3,real-shadow-event-2a710921d72fe3fa20270b8e,latentatlas_action_time_masked_evidence_adapter_v1,,,,,,,,,,
review-backfill-35713d1b1d895077b3119af4,real-shadow-event-2aa1ad954812c2ee757dbf99,latentatlas_action_time_masked_evidence_adapter_v1,,,,,,,,,,
review-backfill-8150bae2c6df771255b92881,real-shadow-event-2ab2e5fb7022b768a2e8341b,latentatlas_action_time_masked_evidence_adapter_v1,,,,,,,,,,
review-backfill-a9a3cc8f444bb3559936917d,real-shadow-event-2ac32d5d9ccb61fd6a7666c5,latentatlas_action_time_masked_evidence_adapter_v1,,,,,,,,,,
review-backfill-0332a5e7b6d6397b46a76eb9,real-shadow-event-2b2867ca6fed09f4a92684f7,latentatlas_action_time_masked_evidence_adapter_v1,,,,,,,,,,
review-backfill-9270919d4ac4c26233f2956b,real-shadow-event-2b446fc87217af38d61187d6,latentatlas_action_time_masked_evidence_adapter_v1,,,,,,,,,,
review-backfill-87c45b2bbff81350c1a3bab7,real-shadow-event-2b8360a6c2a19416da8d839c,latentatlas_action_time_masked_evidence_adapter_v1,,,,,,,,,,
review-backfill-3ef716d140d4075f4b38a898,real-shadow-event-2b8fcfd8e10b11683d5f7112,latentatlas_action_time_masked_evidence_adapter_v1,,,,,,,,,,
review-backfill-8ee141e4551302cc91ae8626,real-shadow-event-2b936ae509bff7204bcfe2b8,latentatlas_action_time_masked_evidence_adapter_v1,,,,,,,,,,
review-backfill-2c99c5037ee80bd654176187,real-shadow-event-2b9e2f8c0adb568caca0d757,latentatlas_action_time_masked_evidence_adapter_v1,,,,,,,,,,
review-backfill-29955172a63c89adea9d9e1d,real-shadow-event-2b9ec00ab8990c2c165c2cce,latentatlas_action_time_masked_evidence_adapter_v1,,,,,,,,,,
review-backfill-c623f48ded46b92f7faa0396,real-shadow-event-2ba25efd8703f6bfc45a7d86,latentatlas_action_time_masked_evidence_adapter_v1,,,,,,,,,,
review-backfill-30a2d42e6766960783964f43,real-shadow-event-2c9fc4159c91199e69b54372,latentatlas_action_time_masked_evidence_adapter_v1,,,,,,,,,,
review-backfill-8603d681198cbcf4d36b14f0,real-shadow-event-2ca2cb65fa2660fb587fdc6d,latentatlas_action_time_masked_evidence_adapter_v1,,,,,,,,,,
review-backfill-9cecc57cf32717156c90c577,real-shadow-event-2cb4e24c0e679c09fc10a39c,latentatlas_action_time_masked_evidence_adapter_v1,,,,,,,,,,
review-backfill-351fa760698b4b239689f239,real-shadow-event-2cd30d2d734c13e020290c9d,latentatlas_action_time_masked_evidence_adapter_v1,,,,,,,,,,
review-backfill-db2ca48abbce2f77f9d7384f,real-shadow-event-2cd966757a1219cda5298022,latentatlas_action_time_masked_evidence_adapter_v1,,,,,,,,,,
review-backfill-f4eaf519874e227b78fcc001,real-shadow-event-2cfacb9eb2399e73ceddcc24,latentatlas_action_time_masked_evidence_adapter_v1,,,,,,,,,,
review-backfill-341f17a34ae518e8768a666d,real-shadow-event-2cff246570674cb54220fc64,latentatlas_action_time_masked_evidence_adapter_v1,,,,,,,,,,
review-backfill-26c4520d583ac417ebb8cb47,real-shadow-event-2d4281b834a4ce93fbeaec6a,latentatlas_action_time_masked_evidence_adapter_v1,,,,,,,,,,
review-backfill-7df7ed8deb35791428e3d9e3,real-shadow-event-2d5263be084fe796b3b3e930,latentatlas_action_time_masked_evidence_adapter_v1,,,,,,,,,,
review-backfill-d26eb5b4202b04bbbf180c7b,real-shadow-event-2d9e191757571f3b19ee1e89,latentatlas_action_time_masked_evidence_adapter_v1,,,,,,,,,,
review-backfill-24d0d99caad1653def25b9b9,real-shadow-event-2da74b0c3b91068629c27b9a,latentatlas_action_time_masked_evidence_adapter_v1,,,,,,,,,,
review-backfill-8cff1aed715ef5ac0068c2c4,real-shadow-event-2dce4c9184979389cc22914d,latentatlas_action_time_masked_evidence_adapter_v1,,,,,,,,,,
review-backfill-5b30dd7873f185c238275fd4,real-shadow-event-2e4d85e38b4952f3241ff338,latentatlas_action_time_masked_evidence_adapter_v1,,,,,,,,,,
review-backfill-33f1870cb8607fb57a85b55a,real-shadow-event-2e99beeb5ba08e5546b62bcb,latentatlas_action_time_masked_evidence_adapter_v1,,,,,,,,,,
review-backfill-244dad4b119dcb11a82ade6b,real-shadow-event-2ea10e69a7eb5aa08c504432,latentatlas_action_time_masked_evidence_adapter_v1,,,,,,,,,,
review-backfill-991ea2480c29dcd0819ff243,real-shadow-event-2ea648c0a5c7c997bb478901,latentatlas_action_time_masked_evidence_adapter_v1,,,,,,,,,,
review-backfill-ff4756e13698a33fb5a608f6,real-shadow-event-2f0315588f220f1a172ec48b,latentatlas_action_time_masked_evidence_adapter_v1,,,,,,,,,,
review-backfill-ef124ff9b0b7827a55333aa0,real-shadow-event-2f1923baccb9dc2af2db3bf1,latentatlas_action_time_masked_evidence_adapter_v1,,,,,,,,,,
review-backfill-c455dcdc03f2773c31cec4d3,real-shadow-event-2f507c5abb3d0316f4a9cdef,latentatlas_action_time_masked_evidence_adapter_v1,,,,,,,,,,
review-backfill-bf26cec2f89bed09560f99ea,real-shadow-event-2f80d7de3df60ba846058f07,latentatlas_action_time_masked_evidence_adapter_v1,,,,,,,,,,
review-backfill-15486f2f6227e1355b1e73d5,real-shadow-event-2fdc43d1a5b7c0fe7456eee3,latentatlas_action_time_masked_evidence_adapter_v1,,,,,,,,,,
review-backfill-ef59740baa4567ae02503428,real-shadow-event-300ddd87e4731853c61d3762,latentatlas_action_time_masked_evidence_adapter_v1,,,,,,,,,,
review-backfill-86dcbd8cb8fea082a900e41f,real-shadow-event-30378d80e71cbaa7b78d5a78,latentatlas_action_time_masked_evidence_adapter_v1,,,,,,,,,,
review-backfill-2a4c65764abdb8394df654b6,real-shadow-event-3066e545e4fe5e8963b43e4c,latentatlas_action_time_masked_evidence_adapter_v1,,,,,,,,,,
review-backfill-19d487b77d163282cff4436d,real-shadow-event-306af6073ea00128b14b3569,latentatlas_action_time_masked_evidence_adapter_v1,,,,,,,,,,
review-backfill-cd624dd31ec69b87e4aaaf95,real-shadow-event-308d3b8be73de3f163adf9bd,latentatlas_action_time_masked_evidence_adapter_v1,,,,,,,,,,
review-backfill-013e4c74aeb2ec7c13738456,real-shadow-event-30a4501aa613f270ca469e77,latentatlas_action_time_masked_evidence_adapter_v1,,,,,,,,,,
review-backfill-0d59065ddd4765c123618e7b,real-shadow-event-30aa45a1a467399fc1cd53fd,latentatlas_action_time_masked_evidence_adapter_v1,,,,,,,,,,
review-backfill-320f5e3578e91d35e2db7b92,real-shadow-event-30c2f1480ee2e6f64982e73d,latentatlas_action_time_masked_evidence_adapter_v1,,,,,,,,,,
review-backfill-86873ad164f4a7924e813b6c,real-shadow-event-31696263b88d8148c268820a,latentatlas_action_time_masked_evidence_adapter_v1,,,,,,,,,,
review-backfill-d5e6fc5255e6377276689aad,real-shadow-event-3171347fffd7abf425c65b64,latentatlas_action_time_masked_evidence_adapter_v1,,,,,,,,,,
review-backfill-83edc036623c1f722a0645c3,real-shadow-event-31762eb14289fbf82cdbf32e,latentatlas_action_time_masked_evidence_adapter_v1,,,,,,,,,,
review-backfill-47d4834ba19ea836536b01b7,real-shadow-event-3184dd67d2366e0be8ff93ff,latentatlas_action_time_masked_evidence_adapter_v1,,,,,,,,,,
review-backfill-5cee5570181fcb35d410528f,real-shadow-event-31b6c965a0e822f1c1c7e222,latentatlas_action_time_masked_evidence_adapter_v1,,,,,,,,,,
review-backfill-95f0aae50bba35962c1c0242,real-shadow-event-31ef50ecda76a13d828f9309,latentatlas_action_time_masked_evidence_adapter_v1,,,,,,,,,,
review-backfill-9cd34959b15e9f6b90e5942f,real-shadow-event-31fbde2fa3065ee730df7bda,latentatlas_action_time_masked_evidence_adapter_v1,,,,,,,,,,
review-backfill-689033075e25d01404c67e4c,real-shadow-event-320d8b146ee8f9692481629f,latentatlas_action_time_masked_evidence_adapter_v1,,,,,,,,,,
review-backfill-b59eaedfdc6adf4e9c1fff1a,real-shadow-event-321aeb57838b668d47f0642a,latentatlas_action_time_masked_evidence_adapter_v1,,,,,,,,,,
review-backfill-29d14845a7fc6ea6b0a1dd1f,real-shadow-event-32343ff095668534f2196678,latentatlas_action_time_masked_evidence_adapter_v1,,,,,,,,,,
review-backfill-74c74e8358dbf3bbe51b07b8,real-shadow-event-328e205a2cb56b05cd29c499,latentatlas_action_time_masked_evidence_adapter_v1,,,,,,,,,,
review-backfill-f2a48fec1f7bb0092592d57b,real-shadow-event-32ffa59ca5463e7d3603d13a,latentatlas_action_time_masked_evidence_adapter_v1,,,,,,,,,,
review-backfill-b502e6013d8fe9b4b6586044,real-shadow-event-331aa5478c33776c47f01796,latentatlas_action_time_masked_evidence_adapter_v1,,,,,,,,,,
review-backfill-391ef767be8d8304f7f66a88,real-shadow-event-3323239cf91ae00a41fb6c1c,latentatlas_action_time_masked_evidence_adapter_v1,,,,,,,,,,
review-backfill-2422111711f9f855fbbdac06,real-shadow-event-3332b7490a467d05e2285d52,latentatlas_action_time_masked_evidence_adapter_v1,,,,,,,,,,
review-backfill-0259aa915e64b438ebd67846,real-shadow-event-3345eae3c5b7701c557873bf,latentatlas_action_time_masked_evidence_adapter_v1,,,,,,,,,,
review-backfill-7bb4f4c3e956e544148c63ee,real-shadow-event-335d96ad3092baf83aec336b,latentatlas_action_time_masked_evidence_adapter_v1,,,,,,,,,,
review-backfill-510e388d69c38857e17a8454,real-shadow-event-3364b8eb14c17afde3171ba4,latentatlas_action_time_masked_evidence_adapter_v1,,,,,,,,,,
review-backfill-a08d7a901dc65ad6ef363f29,real-shadow-event-337993e9e11163389d7293bc,latentatlas_action_time_masked_evidence_adapter_v1,,,,,,,,,,
review-backfill-c3a35d71d8f64b73168ed843,real-shadow-event-338319a497c069847d30a9d7,latentatlas_action_time_masked_evidence_adapter_v1,,,,,,,,,,
review-backfill-e6f5bb6c62d1ea63f05c60fe,real-shadow-event-33a00ed6571de4b211f39540,latentatlas_action_time_masked_evidence_adapter_v1,,,,,,,,,,
review-backfill-f5b8e70c4b3f1d26809e2155,real-shadow-event-33b90514237ec796f9b7495c,latentatlas_action_time_masked_evidence_adapter_v1,,,,,,,,,,
review-backfill-70c007645dce5e249ebc0466,real-shadow-event-33f29dcbb655f5c00de5f927,latentatlas_action_time_masked_evidence_adapter_v1,,,,,,,,,,
review-backfill-4f8f5ce0d142a6c39fbe8cc7,real-shadow-event-346137e0ad187209e13ef9d1,latentatlas_action_time_masked_evidence_adapter_v1,,,,,,,,,,
review-backfill-4b6df81bf4e02c4d365a0ed3,real-shadow-event-347885b30574ff1dc390f7e5,latentatlas_action_time_masked_evidence_adapter_v1,,,,,,,,,,
review-backfill-16f7c5d0f3cd42a5af0c8bd6,real-shadow-event-348d8f362c6b3b82ece8ba63,latentatlas_action_time_masked_evidence_adapter_v1,,,,,,,,,,
review-backfill-976fb51f003b1871ccadbedc,real-shadow-event-34bed72a448d2fcac5a0bf84,latentatlas_action_time_masked_evidence_adapter_v1,,,,,,,,,,
review-backfill-d8942465781a8b7ae2b3e043,real-shadow-event-34e3025e4ed513a83891299c,latentatlas_action_time_masked_evidence_adapter_v1,,,,,,,,,,
review-backfill-e58459d7215bcc1165261274,real-shadow-event-34fea04360e23bf6ebfc544b,latentatlas_action_time_masked_evidence_adapter_v1,,,,,,,,,,
review-backfill-b6377ab83ecb430afa685dd9,real-shadow-event-351a799b88d3eb5a77eac841,latentatlas_action_time_masked_evidence_adapter_v1,,,,,,,,,,
review-backfill-fe92a63403ba4b4889bfce33,real-shadow-event-3532b93e3032380d6ffaeeca,latentatlas_action_time_masked_evidence_adapter_v1,,,,,,,,,,
review-backfill-72dc521fd1750c3b54504110,real-shadow-event-35509c5a142384c218c65e23,latentatlas_action_time_masked_evidence_adapter_v1,,,,,,,,,,
review-backfill-5496092c141b0d09d900bf8c,real-shadow-event-35b9df3469410de5236e9af4,latentatlas_action_time_masked_evidence_adapter_v1,,,,,,,,,,
review-backfill-de3f672fdb7e22f069fb56f0,real-shadow-event-35d88791f498f6dd1b6145d3,latentatlas_action_time_masked_evidence_adapter_v1,,,,,,,,,,
review-backfill-29cb923a4ebcef45355b303a,real-shadow-event-35dbd87cbfb6553a5bccd5b5,latentatlas_action_time_masked_evidence_adapter_v1,,,,,,,,,,
review-backfill-3e87b16532c493b195ca554b,real-shadow-event-3605a1c0cc2e87215020cbf4,latentatlas_action_time_masked_evidence_adapter_v1,,,,,,,,,,
review-backfill-e8e8e83bc59d7337d344434c,real-shadow-event-36173056c8b6eb33a7c7dfa7,latentatlas_action_time_masked_evidence_adapter_v1,,,,,,,,,,
review-backfill-1427fb493fc113b480a7cc23,real-shadow-event-362c1ac2180308c3d8790b07,latentatlas_action_time_masked_evidence_adapter_v1,,,,,,,,,,
review-backfill-3b900c78660b961a79cd8ef7,real-shadow-event-36391666fa7247f0c4b5a64a,latentatlas_action_time_masked_evidence_adapter_v1,,,,,,,,,,
review-backfill-c43cc010e934aca860283052,real-shadow-event-36397bbb3629f90272c963b7,latentatlas_action_time_masked_evidence_adapter_v1,,,,,,,,,,
review-backfill-ae1f7730aa28c1a92561b485,real-shadow-event-36a4484d43950f3348d120ca,latentatlas_action_time_masked_evidence_adapter_v1,,,,,,,,,,
review-backfill-3fbf6b175828640ffa687e1f,real-shadow-event-371b347c9b19abf4f88802d9,latentatlas_action_time_masked_evidence_adapter_v1,,,,,,,,,,
review-backfill-7e4523a5ba0b1358a5337f36,real-shadow-event-37854f69edba9887704ad0a7,latentatlas_action_time_masked_evidence_adapter_v1,,,,,,,,,,
review-backfill-aa679772d66f4a1124909969,real-shadow-event-37d1fe0314c4dc966d5739ef,latentatlas_action_time_masked_evidence_adapter_v1,,,,,,,,,,
review-backfill-1d8b778e8c8cc7d336cc69a8,real-shadow-event-37e03848305b51a497a74e6d,latentatlas_action_time_masked_evidence_adapter_v1,,,,,,,,,,
review-backfill-be480f554c9bd3dfa55448ad,real-shadow-event-37e05d2707d26946bb2edfd5,latentatlas_action_time_masked_evidence_adapter_v1,,,,,,,,,,
review-backfill-8c61c29dadcaeeef5552aaf1,real-shadow-event-380f05d4d1fe7cf32fa34683,latentatlas_action_time_masked_evidence_adapter_v1,,,,,,,,,,
review-backfill-90de88ab2641933a4d6ae25a,real-shadow-event-383280d732adc92213a6c9a4,latentatlas_action_time_masked_evidence_adapter_v1,,,,,,,,,,
review-backfill-65fa2b38b217dd733ff56a12,real-shadow-event-3837f05ab8161e4990b442f4,latentatlas_action_time_masked_evidence_adapter_v1,,,,,,,,,,
review-backfill-e55fcdeb92ab0e27d4c29e25,real-shadow-event-386d9fc6abd691624fc813af,latentatlas_action_time_masked_evidence_adapter_v1,,,,,,,,,,
review-backfill-917491ac0b1c95db67061b8a,real-shadow-event-3894e752206cf3fbf82781c8,latentatlas_action_time_masked_evidence_adapter_v1,,,,,,,,,,
review-backfill-cb1b7967ee15ad8f815b8035,real-shadow-event-38a56f0a3a487de9bf13cecc,latentatlas_action_time_masked_evidence_adapter_v1,,,,,,,,,,
review-backfill-e59a59adfc835e18a1490d58,real-shadow-event-390c801edfebfa8d9f17cc82,latentatlas_action_time_masked_evidence_adapter_v1,,,,,,,,,,
review-backfill-14a728ffbc06a1297cd839d8,real-shadow-event-392f104f50377d986d2aee0b,latentatlas_action_time_masked_evidence_adapter_v1,,,,,,,,,,
review-backfill-213871a542c7dabd7bf6b8cf,real-shadow-event-39ba86cca6b356f6f3badba5,latentatlas_action_time_masked_evidence_adapter_v1,,,,,,,,,,
review-backfill-ac2b0cd17d8ee94a6231c5bc,real-shadow-event-39ee290f883940e30793ab54,latentatlas_action_time_masked_evidence_adapter_v1,,,,,,,,,,
review-backfill-ed6ed1572ac924291216b9f9,real-shadow-event-39f99b86d231dddc6c112b4f,latentatlas_action_time_masked_evidence_adapter_v1,,,,,,,,,,
review-backfill-0a102cb453aa81a12a97569f,real-shadow-event-3a402cb54696168ec67ed55c,latentatlas_action_time_masked_evidence_adapter_v1,,,,,,,,,,
review-backfill-ccbc12992e04ca70a8e87257,real-shadow-event-3a7852d154116956c5168ba6,latentatlas_action_time_masked_evidence_adapter_v1,,,,,,,,,,
review-backfill-76f10be5906b2ea3deb78997,real-shadow-event-3aabe32669b25a32f1fa9a0a,latentatlas_action_time_masked_evidence_adapter_v1,,,,,,,,,,
review-backfill-004e38f56f274bbeedfbe583,real-shadow-event-3ab41cec681e90015ee80a21,latentatlas_action_time_masked_evidence_adapter_v1,,,,,,,,,,
review-backfill-311d638b9790ee9d8c620300,real-shadow-event-3afc3cedea381ce6d6d75045,latentatlas_action_time_masked_evidence_adapter_v1,,,,,,,,,,
review-backfill-d79b016d1ee5ec3d419e29dd,real-shadow-event-3b207ad22564ecc00288f18c,latentatlas_action_time_masked_evidence_adapter_v1,,,,,,,,,,
review-backfill-f5ed1f27bb1a06a50b324013,real-shadow-event-3b5a853473b0eb7475d7860f,latentatlas_action_time_masked_evidence_adapter_v1,,,,,,,,,,
review-backfill-38c0a16711ee6ea130feb406,real-shadow-event-3bb3dc561ba5eef8401af3a1,latentatlas_action_time_masked_evidence_adapter_v1,,,,,,,,,,
review-backfill-f0be53b69238f416f0a4f869,real-shadow-event-3bdb77781ebf94d52cc6af6f,latentatlas_action_time_masked_evidence_adapter_v1,,,,,,,,,,
review-backfill-511a52529c82e0268e9f52c4,real-shadow-event-3c4bc535f225a4c10eab6d5a,latentatlas_action_time_masked_evidence_adapter_v1,,,,,,,,,,
review-backfill-e753ffb8fa49b7762e0a7949,real-shadow-event-3c9587d13651e371c5789de8,latentatlas_action_time_masked_evidence_adapter_v1,,,,,,,,,,
review-backfill-7e9d62b04b991ef394ea8225,real-shadow-event-3cbad6225f67a35f89561737,latentatlas_action_time_masked_evidence_adapter_v1,,,,,,,,,,
review-backfill-525ad416dc7713075529a986,real-shadow-event-3d18860f017c3b2bc8a085c8,latentatlas_action_time_masked_evidence_adapter_v1,,,,,,,,,,
review-backfill-eb58725f2dbee49c439f8d24,real-shadow-event-3d4351230247c7816b221e98,latentatlas_action_time_masked_evidence_adapter_v1,,,,,,,,,,
review-backfill-699547ab2ea562999533fa24,real-shadow-event-3d44210935f2d09341eef2e6,latentatlas_action_time_masked_evidence_adapter_v1,,,,,,,,,,
review-backfill-10fbc9c285ddd766dd96715f,real-shadow-event-3d563aa794a0685152046081,latentatlas_action_time_masked_evidence_adapter_v1,,,,,,,,,,
review-backfill-03cb360f0e97acf276f9ff5b,real-shadow-event-3d6a6a1b12a05bc13a65cacb,latentatlas_action_time_masked_evidence_adapter_v1,,,,,,,,,,
review-backfill-ea3183a6b73dde2526836360,real-shadow-event-3dc991c5e28be4ad41d7127e,latentatlas_action_time_masked_evidence_adapter_v1,,,,,,,,,,
review-backfill-61d8bb61be15345b531622d5,real-shadow-event-3dcd374accb203b4afe3a19b,latentatlas_action_time_masked_evidence_adapter_v1,,,,,,,,,,
review-backfill-985a904c42a1cb5868b863c9,real-shadow-event-3dd70cd54e87a6f9297f5e12,latentatlas_action_time_masked_evidence_adapter_v1,,,,,,,,,,
review-backfill-c17efca6e4fb100df3b2794f,real-shadow-event-3de8b1a6c4812a23a0a1d43d,latentatlas_action_time_masked_evidence_adapter_v1,,,,,,,,,,
review-backfill-eda38406a4d965b5cb606cb0,real-shadow-event-3e0ca67c72bc92f490bc3fa4,latentatlas_action_time_masked_evidence_adapter_v1,,,,,,,,,,
review-backfill-fa2e64db2eac59d1b6626fd7,real-shadow-event-3e313ee8e7d2b388603dcc52,latentatlas_action_time_masked_evidence_adapter_v1,,,,,,,,,,
review-backfill-c73177f87bc45db870704a50,real-shadow-event-3e326058674827c6b801202c,latentatlas_action_time_masked_evidence_adapter_v1,,,,,,,,,,
review-backfill-5fbde72e7431c6bb9f5092e0,real-shadow-event-3e761b204a351ac954b60f63,latentatlas_action_time_masked_evidence_adapter_v1,,,,,,,,,,
review-backfill-c6991fea1f363ad540633d18,real-shadow-event-3e7f1a51a91c4b0969a030e7,latentatlas_action_time_masked_evidence_adapter_v1,,,,,,,,,,
review-backfill-32763d47f9470fa4c611248c,real-shadow-event-3e8100910c7e4b176a42340e,latentatlas_action_time_masked_evidence_adapter_v1,,,,,,,,,,
review-backfill-1d02bf6cb03c8410f343b9e8,real-shadow-event-3e81edeabbcd27847e680575,latentatlas_action_time_masked_evidence_adapter_v1,,,,,,,,,,
review-backfill-1f4574a648b70fff71820471,real-shadow-event-3ec4eaf578dec914fc2f4665,latentatlas_action_time_masked_evidence_adapter_v1,,,,,,,,,,
review-backfill-06a836b0732656a2187c6669,real-shadow-event-3f177d3bb314b3f323758f93,latentatlas_action_time_masked_evidence_adapter_v1,,,,,,,,,,
review-backfill-c9cc548999ee072ccd8626e7,real-shadow-event-3f46d2e6b36e95579bf93b8c,latentatlas_action_time_masked_evidence_adapter_v1,,,,,,,,,,
review-backfill-e8a6e341fa6f80f98c7c90c4,real-shadow-event-3f76f26de14d19c19a58cd74,latentatlas_action_time_masked_evidence_adapter_v1,,,,,,,,,,
review-backfill-23b44a7faccd575fcbd5622d,real-shadow-event-3fbf3c1142e6d874ee8093ec,latentatlas_action_time_masked_evidence_adapter_v1,,,,,,,,,,
review-backfill-61bc1926bb169a1e44c95e79,real-shadow-event-404108f29d56096ae68aee41,latentatlas_action_time_masked_evidence_adapter_v1,,,,,,,,,,
review-backfill-6516ecddb8c5b31749571c3f,real-shadow-event-4054adf7ed95a3cf7d4af006,latentatlas_action_time_masked_evidence_adapter_v1,,,,,,,,,,
review-backfill-84572322b505d743bb6e6f2b,real-shadow-event-4092ef3042a620abbf90cb86,latentatlas_action_time_masked_evidence_adapter_v1,,,,,,,,,,
review-backfill-521504e9f65d2c56d7f512bf,real-shadow-event-40a569e61bc29c9172a34088,latentatlas_action_time_masked_evidence_adapter_v1,,,,,,,,,,
review-backfill-94ea4fc4bc540064fd376807,real-shadow-event-40adc45c8b9c15df1c8b412b,latentatlas_action_time_masked_evidence_adapter_v1,,,,,,,,,,
review-backfill-af082f65f6697edfffd98aee,real-shadow-event-40bc0fa13d041206b2c6ddad,latentatlas_action_time_masked_evidence_adapter_v1,,,,,,,,,,
review-backfill-0669c89effc2e145bb1702e9,real-shadow-event-4105b2179bdf1133242190f8,latentatlas_action_time_masked_evidence_adapter_v1,,,,,,,,,,
review-backfill-2f1ae3722fac18e7d41ff454,real-shadow-event-410ed990947030c9a4e32117,latentatlas_action_time_masked_evidence_adapter_v1,,,,,,,,,,
review-backfill-57a8273eb384696640db6eef,real-shadow-event-411c96a5ef5ef0719f3f22e6,latentatlas_action_time_masked_evidence_adapter_v1,,,,,,,,,,
review-backfill-e3e17e3dfa528930c3ee2f89,real-shadow-event-4161ad474afd49e00fbfa5d1,latentatlas_action_time_masked_evidence_adapter_v1,,,,,,,,,,
review-backfill-3c585942bca0bd8614dafd8e,real-shadow-event-418fd9d43978a36f62680e4b,latentatlas_action_time_masked_evidence_adapter_v1,,,,,,,,,,
review-backfill-2baf617c143efc167fdf5fc0,real-shadow-event-41d4233d7cf73addd57c0c5f,latentatlas_action_time_masked_evidence_adapter_v1,,,,,,,,,,
review-backfill-c06289df2fdcc6bc00a8940e,real-shadow-event-4251bd012822f740fca4025e,latentatlas_action_time_masked_evidence_adapter_v1,,,,,,,,,,
review-backfill-7a07a3a2278ebdf0e6992ab1,real-shadow-event-42590cfe2f671dda285ae738,latentatlas_action_time_masked_evidence_adapter_v1,,,,,,,,,,
review-backfill-1796f317e34edc206d1616a2,real-shadow-event-42759d4e16af794f07bfd076,latentatlas_action_time_masked_evidence_adapter_v1,,,,,,,,,,
review-backfill-264d8433742518acc1731c8f,real-shadow-event-42a8125baf7c8a093f6fef64,latentatlas_action_time_masked_evidence_adapter_v1,,,,,,,,,,
review-backfill-fcfb78d97e9d14c29968b49e,real-shadow-event-42b9e9193011aa9594e0932e,latentatlas_action_time_masked_evidence_adapter_v1,,,,,,,,,,
review-backfill-6060b260d1220b664391302c,real-shadow-event-42cbbd2a9d6f1e3558af7edb,latentatlas_action_time_masked_evidence_adapter_v1,,,,,,,,,,
review-backfill-0877fd5dc1dca5a6ee38e28c,real-shadow-event-42d2e473699928c2f9cc5eb1,latentatlas_action_time_masked_evidence_adapter_v1,,,,,,,,,,
review-backfill-6e548860a6ee2e02d6615c30,real-shadow-event-435342dfb325f413608d7ad1,latentatlas_action_time_masked_evidence_adapter_v1,,,,,,,,,,
review-backfill-fd9fb01d9a4da1059a713c59,real-shadow-event-436431e48db7b3a76306d46d,latentatlas_action_time_masked_evidence_adapter_v1,,,,,,,,,,
review-backfill-05c2bc57629635e2ee9631b2,real-shadow-event-43703dbdcd165dbe50f1a69c,latentatlas_action_time_masked_evidence_adapter_v1,,,,,,,,,,
review-backfill-d42b9af8e16d0883ecbf13ad,real-shadow-event-43a211fc729e4de57f7b2474,latentatlas_action_time_masked_evidence_adapter_v1,,,,,,,,,,
review-backfill-7b71a700bb96208800c3244c,real-shadow-event-43d6c8c1e3aa661e344db6b5,latentatlas_action_time_masked_evidence_adapter_v1,,,,,,,,,,
review-backfill-5ecf49d4b8bc5dc64d8f3e7d,real-shadow-event-4437f10fa122d1e7b4c815c2,latentatlas_action_time_masked_evidence_adapter_v1,,,,,,,,,,
review-backfill-ec5a1b1abb63ad98faff3bd1,real-shadow-event-444c8fd90bf1f9be0222dae2,latentatlas_action_time_masked_evidence_adapter_v1,,,,,,,,,,
review-backfill-e554dceda6aabbb432752f88,real-shadow-event-447212a036a00b0355e46f36,latentatlas_action_time_masked_evidence_adapter_v1,,,,,,,,,,
review-backfill-605935855f20a8cef33691e8,real-shadow-event-447ef76c0b1dcf18004c61b2,latentatlas_action_time_masked_evidence_adapter_v1,,,,,,,,,,
review-backfill-c9cef42879ebbaac37609a80,real-shadow-event-44ac2104ff31375e67e3a9bc,latentatlas_action_time_masked_evidence_adapter_v1,,,,,,,,,,
review-backfill-e85071d968dd188d634e267f,real-shadow-event-44b96fcc30694865b86ce513,latentatlas_action_time_masked_evidence_adapter_v1,,,,,,,,,,
review-backfill-cab233158d824a67e01b7e16,real-shadow-event-44c6061d3ad53ce7f5096043,latentatlas_action_time_masked_evidence_adapter_v1,,,,,,,,,,
review-backfill-75555326422582c0d67ad448,real-shadow-event-4523c49425992b0c5b32707c,latentatlas_action_time_masked_evidence_adapter_v1,,,,,,,,,,
review-backfill-220d4fa587d8ce02ac86e29d,real-shadow-event-45584b8f66ff35f9c480d779,latentatlas_action_time_masked_evidence_adapter_v1,,,,,,,,,,
review-backfill-28106314579e7a436e5373fb,real-shadow-event-456438505ba4d5414b618ec5,latentatlas_action_time_masked_evidence_adapter_v1,,,,,,,,,,
review-backfill-22c0725cf0f5c571296a7c31,real-shadow-event-45a0c416cba8a123dc2efdac,latentatlas_action_time_masked_evidence_adapter_v1,,,,,,,,,,
review-backfill-c2c5fb62a671b86ce71a97fa,real-shadow-event-45b8eeca1d77f26b9757d4a7,latentatlas_action_time_masked_evidence_adapter_v1,,,,,,,,,,
review-backfill-44cdd99dc038fe4ef05581ac,real-shadow-event-464da5ab5c19ce020ad0bf12,latentatlas_action_time_masked_evidence_adapter_v1,,,,,,,,,,
review-backfill-2f80722826cb6c2ef8dc45ba,real-shadow-event-464e6c4d9e8b509b277dbeb1,latentatlas_action_time_masked_evidence_adapter_v1,,,,,,,,,,
review-backfill-7ce8a4be483e11f962843a4d,real-shadow-event-4692d9f1d599232e2295e75f,latentatlas_action_time_masked_evidence_adapter_v1,,,,,,,,,,
review-backfill-92d34f68e886ff20f1a27a69,real-shadow-event-469d4e88fda302c31538aab7,latentatlas_action_time_masked_evidence_adapter_v1,,,,,,,,,,
review-backfill-ff44c5e164a75cf6a5011457,real-shadow-event-46b0786f63b3f82312b53415,latentatlas_action_time_masked_evidence_adapter_v1,,,,,,,,,,
review-backfill-17420d8c21ae6f64bddad172,real-shadow-event-46e99f2fc0b7d58dafd6b940,latentatlas_action_time_masked_evidence_adapter_v1,,,,,,,,,,
review-backfill-b7dd3b63a670c54867a33429,real-shadow-event-477488722ccb711625113e05,latentatlas_action_time_masked_evidence_adapter_v1,,,,,,,,,,
review-backfill-db64475fd3a2b5f444d75a54,real-shadow-event-47aef0a92b560fffec2b63d4,latentatlas_action_time_masked_evidence_adapter_v1,,,,,,,,,,
review-backfill-3119e05ce1a2526402b94ed9,real-shadow-event-47e441118c25ba0354bdd09c,latentatlas_action_time_masked_evidence_adapter_v1,,,,,,,,,,
review-backfill-33032d671e9cf9ac536d05f4,real-shadow-event-4804c9b810da809137bd643b,latentatlas_action_time_masked_evidence_adapter_v1,,,,,,,,,,
review-backfill-003ba17dd9b6805c27104c2f,real-shadow-event-4809380a63773f23f3af25cf,latentatlas_action_time_masked_evidence_adapter_v1,,,,,,,,,,
review-backfill-13b7b5c3a84aba37e281fd99,real-shadow-event-48108c9428b2aad46a66a02a,latentatlas_action_time_masked_evidence_adapter_v1,,,,,,,,,,
review-backfill-dd0b21324c0461f2d2b12e37,real-shadow-event-48417615ad1ee75213c18c4f,latentatlas_action_time_masked_evidence_adapter_v1,,,,,,,,,,
review-backfill-eb801f092b34d80c8a92b610,real-shadow-event-485a47c82e04658465ed7ad9,latentatlas_action_time_masked_evidence_adapter_v1,,,,,,,,,,
review-backfill-e8e2ffd3c86bdd78724ca940,real-shadow-event-489125e1db6bc19ebc791d31,latentatlas_action_time_masked_evidence_adapter_v1,,,,,,,,,,
review-backfill-f86032cfb33c69a061ac6b73,real-shadow-event-48a1d85f2004f183f7d0e9a7,latentatlas_action_time_masked_evidence_adapter_v1,,,,,,,,,,
review-backfill-6a4236657a7fd4bcc97ab657,real-shadow-event-48c1809c8c931c3d641028ab,latentatlas_action_time_masked_evidence_adapter_v1,,,,,,,,,,
review-backfill-bf99b9d8fdd8086f7b39bd4d,real-shadow-event-48cdb80dd360e9555fb9b25d,latentatlas_action_time_masked_evidence_adapter_v1,,,,,,,,,,
review-backfill-356b9eeb51f03601ecc55a1b,real-shadow-event-48f58cc6a25c98fea72f1d81,latentatlas_action_time_masked_evidence_adapter_v1,,,,,,,,,,
review-backfill-9a78ece25821e0f015f6395b,real-shadow-event-49471370008a07a4c9f3030d,latentatlas_action_time_masked_evidence_adapter_v1,,,,,,,,,,
review-backfill-752f14545ed7ca2fc01df8c6,real-shadow-event-494e0c2dd3ef9b7ad9bbcfaa,latentatlas_action_time_masked_evidence_adapter_v1,,,,,,,,,,
review-backfill-a26b7beabf3e195a3e545aa4,real-shadow-event-497115eabef301b7db6c8d27,latentatlas_action_time_masked_evidence_adapter_v1,,,,,,,,,,
review-backfill-e058b4ca39221c3598c309ec,real-shadow-event-49730506ba05d0a481e5425f,latentatlas_action_time_masked_evidence_adapter_v1,,,,,,,,,,
review-backfill-d54aa7a702ec2fc786924afd,real-shadow-event-4974ac9a18fbadcf8dd00891,latentatlas_action_time_masked_evidence_adapter_v1,,,,,,,,,,
review-backfill-0d763b68a864a1ad7fe46115,real-shadow-event-499e1bc622fb42e4cc01fd49,latentatlas_action_time_masked_evidence_adapter_v1,,,,,,,,,,
review-backfill-93ac21c76bcde3d9a9872361,real-shadow-event-499f8f61c172997583fa6438,latentatlas_action_time_masked_evidence_adapter_v1,,,,,,,,,,
review-backfill-9644856c8a216a4b64620e04,real-shadow-event-49a6b1ef136155acd20aa105,latentatlas_action_time_masked_evidence_adapter_v1,,,,,,,,,,
review-backfill-16b859e86579ed9b1187755e,real-shadow-event-49b5cc37566ad9cea58ce174,latentatlas_action_time_masked_evidence_adapter_v1,,,,,,,,,,
review-backfill-d449e6e92f78ee91d2823a82,real-shadow-event-49c2e698595a0f82f26b56c5,latentatlas_action_time_masked_evidence_adapter_v1,,,,,,,,,,
review-backfill-9da2e2e498582f4e741f1ba4,real-shadow-event-4a08c344008623b29f8d9734,latentatlas_action_time_masked_evidence_adapter_v1,,,,,,,,,,
review-backfill-a2c9a94593d046dc5e6c5304,real-shadow-event-4a0eca01d75f27cc40f34848,latentatlas_action_time_masked_evidence_adapter_v1,,,,,,,,,,
review-backfill-833617580a5c0c1dafa4b624,real-shadow-event-4a3b35d34ad19f052ad4fc48,latentatlas_action_time_masked_evidence_adapter_v1,,,,,,,,,,
review-backfill-46b034ae9c56e96f9d1aa6ee,real-shadow-event-4a703897889196b916800660,latentatlas_action_time_masked_evidence_adapter_v1,,,,,,,,,,
review-backfill-774e6af43ff122a80d8ae11a,real-shadow-event-4a74266c1c512b142684be74,latentatlas_action_time_masked_evidence_adapter_v1,,,,,,,,,,
review-backfill-f29fed3630ad703e43607f5d,real-shadow-event-4a7725a7c54374d94efe4786,latentatlas_action_time_masked_evidence_adapter_v1,,,,,,,,,,
review-backfill-72e21524d8002df474c728f0,real-shadow-event-4a8831a868d8f77650a4cca0,latentatlas_action_time_masked_evidence_adapter_v1,,,,,,,,,,
review-backfill-c97a0f68fa72b4ad9346f8a3,real-shadow-event-4a8b9742ec7785969fbd8cc2,latentatlas_action_time_masked_evidence_adapter_v1,,,,,,,,,,
review-backfill-44182006726ca938d1a01101,real-shadow-event-4a8bd82808339e482b1fdaf7,latentatlas_action_time_masked_evidence_adapter_v1,,,,,,,,,,
review-backfill-ae6fe33ddd2f2b8942fc95d5,real-shadow-event-4a926ee2cd6fbbf386d67f08,latentatlas_action_time_masked_evidence_adapter_v1,,,,,,,,,,
review-backfill-03d1f3d864a458bdcf71dfa4,real-shadow-event-4a92d73c5e018c1efd00e2c1,latentatlas_action_time_masked_evidence_adapter_v1,,,,,,,,,,
review-backfill-462586dc622c73164f15dea6,real-shadow-event-4aadf6599b25bdcb1496bb17,latentatlas_action_time_masked_evidence_adapter_v1,,,,,,,,,,
review-backfill-730b5e9d84efa2f1baea25b0,real-shadow-event-4ab5aff8484054c8eb4ad00c,latentatlas_action_time_masked_evidence_adapter_v1,,,,,,,,,,
review-backfill-6ff0c43e8856add7ca678870,real-shadow-event-4acd078c57d43934d02704c6,latentatlas_action_time_masked_evidence_adapter_v1,,,,,,,,,,
review-backfill-445f8b21981a6b19194ce123,real-shadow-event-4ae27f07c928a7f2279260fa,latentatlas_action_time_masked_evidence_adapter_v1,,,,,,,,,,
review-backfill-80e0af6798f791fdec2dbfd6,real-shadow-event-4b0f73fcbb01f7e86e3ed2ee,latentatlas_action_time_masked_evidence_adapter_v1,,,,,,,,,,
review-backfill-3f14d1a3b8729bb66cf4fca1,real-shadow-event-4b4484b9ea2e28e10d952139,latentatlas_action_time_masked_evidence_adapter_v1,,,,,,,,,,
review-backfill-6a6e6a8a484dc2b2d08e386e,real-shadow-event-4b45fa882c9634d66184af6f,latentatlas_action_time_masked_evidence_adapter_v1,,,,,,,,,,
review-backfill-a8b559091a027d972b36bae0,real-shadow-event-4bbc2a442bd288b447bbb9a3,latentatlas_action_time_masked_evidence_adapter_v1,,,,,,,,,,
review-backfill-e3a182aac724ef3f747bdf40,real-shadow-event-4c0f2cf14670a58d6a77f3b0,latentatlas_action_time_masked_evidence_adapter_v1,,,,,,,,,,
review-backfill-771f6f2db451886406f5698d,real-shadow-event-4c39bc555b654890e46e73a7,latentatlas_action_time_masked_evidence_adapter_v1,,,,,,,,,,
review-backfill-f785f48002b6766baeac50c7,real-shadow-event-4c5a420335266bed5664b834,latentatlas_action_time_masked_evidence_adapter_v1,,,,,,,,,,
review-backfill-d5972650e65b0b4161f635c4,real-shadow-event-4c698930d8a627496effc3ed,latentatlas_action_time_masked_evidence_adapter_v1,,,,,,,,,,
review-backfill-a21faf50d26e3654b11d0e87,real-shadow-event-4c7c81c03b0edc629fc40431,latentatlas_action_time_masked_evidence_adapter_v1,,,,,,,,,,
review-backfill-4c4838d604b8e1e972a13fe3,real-shadow-event-4ccc95fd5ff9257edbc00fd2,latentatlas_action_time_masked_evidence_adapter_v1,,,,,,,,,,
review-backfill-f499f606b6ab886870f6a2c7,real-shadow-event-4ce8aa1c9c118e058cbdc91d,latentatlas_action_time_masked_evidence_adapter_v1,,,,,,,,,,
review-backfill-74eec48dce89ee66bb417a00,real-shadow-event-4d109cbbbd296873bb10d89b,latentatlas_action_time_masked_evidence_adapter_v1,,,,,,,,,,
review-backfill-58be6def7e614a2b72e78531,real-shadow-event-4d5d629ecaa3b12b2a15c5f3,latentatlas_action_time_masked_evidence_adapter_v1,,,,,,,,,,
review-backfill-6bde9b5ea7caeb32343e3b36,real-shadow-event-4d7dfd63a0bfd234441ac238,latentatlas_action_time_masked_evidence_adapter_v1,,,,,,,,,,
review-backfill-f1b0393ee189c04d28362004,real-shadow-event-4dcf4a7adabe6cbe205230df,latentatlas_action_time_masked_evidence_adapter_v1,,,,,,,,,,
review-backfill-7e5d67b43a2a5a14f21aaa17,real-shadow-event-4dd2ac9bddf4a21ec8b457c6,latentatlas_action_time_masked_evidence_adapter_v1,,,,,,,,,,
review-backfill-29712143161fa9f585639701,real-shadow-event-4e06e7f2e8697f4cca564087,latentatlas_action_time_masked_evidence_adapter_v1,,,,,,,,,,
review-backfill-6449fd212db072746bc453fd,real-shadow-event-4e0eac53769757c4fc134375,latentatlas_action_time_masked_evidence_adapter_v1,,,,,,,,,,
review-backfill-2b7e1027db0324c5ef4cb53e,real-shadow-event-4eb380174c1527a5dcdd602c,latentatlas_action_time_masked_evidence_adapter_v1,,,,,,,,,,
review-backfill-12f001736b43f1b4537a4847,real-shadow-event-4ec8bad495c76ef2d54f803c,latentatlas_action_time_masked_evidence_adapter_v1,,,,,,,,,,
review-backfill-8ba0301e2642db35c36f8bf1,real-shadow-event-4eed8943b0d9136778f42548,latentatlas_action_time_masked_evidence_adapter_v1,,,,,,,,,,
review-backfill-c903a3cf49e47382dc303bef,real-shadow-event-4f12210684887b19a7621767,latentatlas_action_time_masked_evidence_adapter_v1,,,,,,,,,,
review-backfill-f65dbaa5ecf40fc4c8496286,real-shadow-event-4f127ef659283302c2daf89e,latentatlas_action_time_masked_evidence_adapter_v1,,,,,,,,,,
review-backfill-c56e75d8989ccf755548caa9,real-shadow-event-4f1573b6d83b3ba10be35c91,latentatlas_action_time_masked_evidence_adapter_v1,,,,,,,,,,
review-backfill-f33f81ef9213291f1c818beb,real-shadow-event-4f54392c4ce8efb62f264fb7,latentatlas_action_time_masked_evidence_adapter_v1,,,,,,,,,,
review-backfill-e15c1b512b1352475967bc16,real-shadow-event-4f6176516de07affefab5e85,latentatlas_action_time_masked_evidence_adapter_v1,,,,,,,,,,
review-backfill-074051381e93f6c7d950b439,real-shadow-event-4f7f023b3282190cbcf4c1e8,latentatlas_action_time_masked_evidence_adapter_v1,,,,,,,,,,
review-backfill-25571619de41a8ee97a4780f,real-shadow-event-4f8e215d2cab8e5abfea0fbc,latentatlas_action_time_masked_evidence_adapter_v1,,,,,,,,,,
review-backfill-a76298db3ab00b84cf32a4c6,real-shadow-event-4fc14da970b5e6836780df28,latentatlas_action_time_masked_evidence_adapter_v1,,,,,,,,,,
review-backfill-504d1cea2c017f12a2547b10,real-shadow-event-4fd7598e068ef1d9376fefd8,latentatlas_action_time_masked_evidence_adapter_v1,,,,,,,,,,
review-backfill-1506e540795553d89c41acd2,real-shadow-event-4fdab3fe6ebf2d22210a45e3,latentatlas_action_time_masked_evidence_adapter_v1,,,,,,,,,,
review-backfill-229b8a639f7d79366879b972,real-shadow-event-5005270dafcf377ec048502d,latentatlas_action_time_masked_evidence_adapter_v1,,,,,,,,,,
review-backfill-5ba7e9fac2b61fc22001758a,real-shadow-event-502d9d7431ca9be21f84da43,latentatlas_action_time_masked_evidence_adapter_v1,,,,,,,,,,
review-backfill-975bc4cc0a94e3bd7f7912c1,real-shadow-event-5037f4609d0c23d5a4761441,latentatlas_action_time_masked_evidence_adapter_v1,,,,,,,,,,
review-backfill-85a51e600ed91a675d481bfa,real-shadow-event-503cc5fb20dc426b1ed8a3c8,latentatlas_action_time_masked_evidence_adapter_v1,,,,,,,,,,
review-backfill-746e27ee9e4466427b3790d8,real-shadow-event-507bfa47be455b4ae3e639df,latentatlas_action_time_masked_evidence_adapter_v1,,,,,,,,,,
review-backfill-81f6e377297d268ddc6d9cb3,real-shadow-event-509e8ebabc9022effce8f244,latentatlas_action_time_masked_evidence_adapter_v1,,,,,,,,,,
review-backfill-d9f49fa4d790fbf1ffcfe36c,real-shadow-event-509f1d762b7bb3ae0020c42d,latentatlas_action_time_masked_evidence_adapter_v1,,,,,,,,,,
review-backfill-28ce54619c8f1f7a94ceefaa,real-shadow-event-50ce403bb2d9888a7b7ffd68,latentatlas_action_time_masked_evidence_adapter_v1,,,,,,,,,,
review-backfill-49f299cdbf3e80e5a1c4dba2,real-shadow-event-50de5a6419ee3a9e11a5ebe7,latentatlas_action_time_masked_evidence_adapter_v1,,,,,,,,,,
review-backfill-c84e01c0cda698c7db0e36c0,real-shadow-event-51525cf0c8d2432c7d544c8c,latentatlas_action_time_masked_evidence_adapter_v1,,,,,,,,,,
review-backfill-3e440af13679d13f88ac9405,real-shadow-event-51648fe5b0a3b291de0f23d0,latentatlas_action_time_masked_evidence_adapter_v1,,,,,,,,,,
review-backfill-f953dd475cbe7b70e57fa987,real-shadow-event-51667a11ec77ce5e6df7921f,latentatlas_action_time_masked_evidence_adapter_v1,,,,,,,,,,
review-backfill-85a975df412192681c32728d,real-shadow-event-51981c90dc92576ba81352f3,latentatlas_action_time_masked_evidence_adapter_v1,,,,,,,,,,
review-backfill-e81e45cdc88ede599399a7d2,real-shadow-event-51a2996a567c2bf5f58cc9e7,latentatlas_action_time_masked_evidence_adapter_v1,,,,,,,,,,
review-backfill-262d34b444570f744d077959,real-shadow-event-51d39c28e63366fc05bd4823,latentatlas_action_time_masked_evidence_adapter_v1,,,,,,,,,,
review-backfill-60b156c7bc80c68abd7975d6,real-shadow-event-51e4153217d5bc7a2e24434b,latentatlas_action_time_masked_evidence_adapter_v1,,,,,,,,,,
review-backfill-162a66c997b9f1d08763f97d,real-shadow-event-51ee146ce0f81e41e341f4fc,latentatlas_action_time_masked_evidence_adapter_v1,,,,,,,,,,
review-backfill-40458359f87aa15ffddfaa57,real-shadow-event-51fa4bb4d7be13aa11f97974,latentatlas_action_time_masked_evidence_adapter_v1,,,,,,,,,,
review-backfill-f083e352249609eba03b935c,real-shadow-event-5248c04dcb2f532a042999e8,latentatlas_action_time_masked_evidence_adapter_v1,,,,,,,,,,
review-backfill-bdd4550412e095a69036833e,real-shadow-event-52551ef904fa6c20b7bb015c,latentatlas_action_time_masked_evidence_adapter_v1,,,,,,,,,,
review-backfill-c321440ac2f4cb0a7f3890c5,real-shadow-event-52fa94b33004d28afcce082b,latentatlas_action_time_masked_evidence_adapter_v1,,,,,,,,,,
review-backfill-3959d41d4bd20eea6bf4cd1b,real-shadow-event-53038796ada0b8eff15a3ec2,latentatlas_action_time_masked_evidence_adapter_v1,,,,,,,,,,
review-backfill-8c90b852c967c61270b44630,real-shadow-event-533f92b47553d3d41e8215fe,latentatlas_action_time_masked_evidence_adapter_v1,,,,,,,,,,
review-backfill-560b6b0e422a1dc742754e5f,real-shadow-event-534569b40ee1581d9ddcd790,latentatlas_action_time_masked_evidence_adapter_v1,,,,,,,,,,
review-backfill-39dc62bbf60474d214d48741,real-shadow-event-534eb2a30b223bf2d9b813b0,latentatlas_action_time_masked_evidence_adapter_v1,,,,,,,,,,
review-backfill-7774ec86ee45c701826cb93e,real-shadow-event-5397b0c68b1c3048f03194c1,latentatlas_action_time_masked_evidence_adapter_v1,,,,,,,,,,
review-backfill-5e98633837f1d89c1b10fa8d,real-shadow-event-539eb2200b0e9fcbd66f9066,latentatlas_action_time_masked_evidence_adapter_v1,,,,,,,,,,
review-backfill-2822379edbc3194aa7f23920,real-shadow-event-5437d2481af1d5a042291dc3,latentatlas_action_time_masked_evidence_adapter_v1,,,,,,,,,,
review-backfill-5659ccc61605383ed1757ab2,real-shadow-event-5442c29db392fd3a6545e3fd,latentatlas_action_time_masked_evidence_adapter_v1,,,,,,,,,,
review-backfill-6321733eaabb15437b6d0e90,real-shadow-event-54a220fe5016a4773b6395b6,latentatlas_action_time_masked_evidence_adapter_v1,,,,,,,,,,
review-backfill-2e2746c137f30a77ab2afeeb,real-shadow-event-54b21d14566b37501deb8e83,latentatlas_action_time_masked_evidence_adapter_v1,,,,,,,,,,
review-backfill-7620a233b0fadd2713b72d51,real-shadow-event-55103155bcf656d111c88a5a,latentatlas_action_time_masked_evidence_adapter_v1,,,,,,,,,,
review-backfill-7fbb7aa0dfd2eb10a4887b9e,real-shadow-event-551a7fddc3b37424d105bac2,latentatlas_action_time_masked_evidence_adapter_v1,,,,,,,,,,
review-backfill-f2b6f3af6d3811a4faa846ef,real-shadow-event-551eddbcf40771b4fbdb3026,latentatlas_action_time_masked_evidence_adapter_v1,,,,,,,,,,
review-backfill-095509b3d98c8f345e47ace9,real-shadow-event-552ce4052f9bdd76a481edc7,latentatlas_action_time_masked_evidence_adapter_v1,,,,,,,,,,
review-backfill-18396a2ac8aa03c045839b26,real-shadow-event-553b29c39695eed810fd51bf,latentatlas_action_time_masked_evidence_adapter_v1,,,,,,,,,,
review-backfill-6cb49d7340ccae067e3cd2e7,real-shadow-event-5547280ee1870ce816092eb9,latentatlas_action_time_masked_evidence_adapter_v1,,,,,,,,,,
review-backfill-5fe05ff3a34921bd2f8f4754,real-shadow-event-55706b6f4b4685708963b442,latentatlas_action_time_masked_evidence_adapter_v1,,,,,,,,,,
review-backfill-fa8a811955ba8523697f5120,real-shadow-event-557dcc1cd02d00d92778b87a,latentatlas_action_time_masked_evidence_adapter_v1,,,,,,,,,,
review-backfill-d8de7d120e589755b5adb122,real-shadow-event-5598916e8765e0655c50c747,latentatlas_action_time_masked_evidence_adapter_v1,,,,,,,,,,
review-backfill-f5ff1fd918a55ca85f5ed8e5,real-shadow-event-55bcc1ad667330687f0eb3d4,latentatlas_action_time_masked_evidence_adapter_v1,,,,,,,,,,
review-backfill-67072380da62391d0e09295e,real-shadow-event-55f27736c1575692feeea274,latentatlas_action_time_masked_evidence_adapter_v1,,,,,,,,,,
review-backfill-01da6483e206a67035edd00d,real-shadow-event-56098006b3d059b397f2a53b,latentatlas_action_time_masked_evidence_adapter_v1,,,,,,,,,,
review-backfill-e8deeaa1c281db586f2974fd,real-shadow-event-561e0dd65b1035b915183e01,latentatlas_action_time_masked_evidence_adapter_v1,,,,,,,,,,
review-backfill-0d7645ee99509c1930a09f14,real-shadow-event-56c108f418eda283e8e382e1,latentatlas_action_time_masked_evidence_adapter_v1,,,,,,,,,,
review-backfill-07c8096f20a428a26d993864,real-shadow-event-56c5027825afbd0533913334,latentatlas_action_time_masked_evidence_adapter_v1,,,,,,,,,,
review-backfill-4daa5566a1c20b07db520d22,real-shadow-event-56e30fe0ea05a5030b6967eb,latentatlas_action_time_masked_evidence_adapter_v1,,,,,,,,,,
review-backfill-1053d422805b415881308652,real-shadow-event-56fd6504163abfd9fc3e2a63,latentatlas_action_time_masked_evidence_adapter_v1,,,,,,,,,,
review-backfill-2538a003190d0328c72353bf,real-shadow-event-56fd6ab28797fc5c68ad360d,latentatlas_action_time_masked_evidence_adapter_v1,,,,,,,,,,
review-backfill-6e9764fd9f92a4db0f888eea,real-shadow-event-571b6850af262164a2de0ac3,latentatlas_action_time_masked_evidence_adapter_v1,,,,,,,,,,
review-backfill-b9dab4d9f5abd22959ee4996,real-shadow-event-578773e1092ab2ec10a13a6a,latentatlas_action_time_masked_evidence_adapter_v1,,,,,,,,,,
review-backfill-7155bada594f6649cce96d14,real-shadow-event-57b3cd7cbe30f8125021c0c5,latentatlas_action_time_masked_evidence_adapter_v1,,,,,,,,,,
review-backfill-5aef9ac20778825944443eec,real-shadow-event-57bb43a4eca165731e484a2d,latentatlas_action_time_masked_evidence_adapter_v1,,,,,,,,,,
review-backfill-ab8687b001161e9a03be7dff,real-shadow-event-584f61ab4fc2b3642f5c75ba,latentatlas_action_time_masked_evidence_adapter_v1,,,,,,,,,,
review-backfill-5820484c7cbe606d2637e190,real-shadow-event-58e9892723996d207ef29b09,latentatlas_action_time_masked_evidence_adapter_v1,,,,,,,,,,
review-backfill-9d61f404fb08c363a2e01c0b,real-shadow-event-593d669e6ea6795ad712babb,latentatlas_action_time_masked_evidence_adapter_v1,,,,,,,,,,
review-backfill-1de1df4982d0f66355038e19,real-shadow-event-5942d2bb454e1002d2bb663b,latentatlas_action_time_masked_evidence_adapter_v1,,,,,,,,,,
review-backfill-4c711ee7209e39b6eb0cb080,real-shadow-event-59550be45876b57a6a7099e0,latentatlas_action_time_masked_evidence_adapter_v1,,,,,,,,,,
review-backfill-667b872422d09f54c1394d5e,real-shadow-event-5959d190ec479099fdcaf458,latentatlas_action_time_masked_evidence_adapter_v1,,,,,,,,,,
review-backfill-8f3e88e2563296707955500b,real-shadow-event-59c342bcb0700618b88d4b45,latentatlas_action_time_masked_evidence_adapter_v1,,,,,,,,,,
review-backfill-aa344609075ff094e80cae1c,real-shadow-event-59daa11046b45ff34c26b639,latentatlas_action_time_masked_evidence_adapter_v1,,,,,,,,,,
review-backfill-0adf8a130e4fe0c2ff214609,real-shadow-event-5a0eec91701584452307f2bc,latentatlas_action_time_masked_evidence_adapter_v1,,,,,,,,,,
review-backfill-b0bcc51f301196223e4d2d17,real-shadow-event-5a571c8cb0ed874d9db704b7,latentatlas_action_time_masked_evidence_adapter_v1,,,,,,,,,,
review-backfill-a9d10adfadd6898498c989b1,real-shadow-event-5abc57a97bd61fd7582a1632,latentatlas_action_time_masked_evidence_adapter_v1,,,,,,,,,,
review-backfill-ff86b4be688d56d7d11fd9a0,real-shadow-event-5ac365c91a6d13edd6e26f95,latentatlas_action_time_masked_evidence_adapter_v1,,,,,,,,,,
review-backfill-0113300ae1a41c16f42641b4,real-shadow-event-5ae94c25371eb0185242e772,latentatlas_action_time_masked_evidence_adapter_v1,,,,,,,,,,
review-backfill-e456d654db7043b1fae1a1ed,real-shadow-event-5b37283a162c07d79161bef9,latentatlas_action_time_masked_evidence_adapter_v1,,,,,,,,,,
review-backfill-f9701bd292563c0ac5df219c,real-shadow-event-5b3dfad0a2a918cfe455cd33,latentatlas_action_time_masked_evidence_adapter_v1,,,,,,,,,,
review-backfill-57464d4f32a5133b104581aa,real-shadow-event-5b5d73d5513a5cae37ef9848,latentatlas_action_time_masked_evidence_adapter_v1,,,,,,,,,,
review-backfill-039911539db6644e54b11b4e,real-shadow-event-5b6d240096d17f5ca6db61ff,latentatlas_action_time_masked_evidence_adapter_v1,,,,,,,,,,
review-backfill-bf22ea983f0055b7af70e0ed,real-shadow-event-5c0919b2dce928b11448f395,latentatlas_action_time_masked_evidence_adapter_v1,,,,,,,,,,
review-backfill-bd98650a70b54f24feb516b4,real-shadow-event-5c1a1caa98cd365757512115,latentatlas_action_time_masked_evidence_adapter_v1,,,,,,,,,,
review-backfill-9e2fcd7bd226819faeaac398,real-shadow-event-5c4fa1bcbab871e63ce92ed2,latentatlas_action_time_masked_evidence_adapter_v1,,,,,,,,,,
review-backfill-ed7c75fb70ca588a1b75c3ef,real-shadow-event-5cb256cc4afc446670a5c39e,latentatlas_action_time_masked_evidence_adapter_v1,,,,,,,,,,
review-backfill-100f4e44aa6c66309de83d2c,real-shadow-event-5cc8c8fddea50c0ca9bcfd5c,latentatlas_action_time_masked_evidence_adapter_v1,,,,,,,,,,
review-backfill-9faef7e60d0818d29df9d4c9,real-shadow-event-5d2ceb709b56d3ab046cdc43,latentatlas_action_time_masked_evidence_adapter_v1,,,,,,,,,,
review-backfill-ffb44f3a964145ad01d958f7,real-shadow-event-5d79c8190e52bf32850f6b99,latentatlas_action_time_masked_evidence_adapter_v1,,,,,,,,,,
review-backfill-0f79c95808fee308afc24f25,real-shadow-event-5d7e3a7465bb7b293f83ab62,latentatlas_action_time_masked_evidence_adapter_v1,,,,,,,,,,
review-backfill-fedb585d8fb7484f3a4fefb9,real-shadow-event-5dd0f75fb594e3c5a171e833,latentatlas_action_time_masked_evidence_adapter_v1,,,,,,,,,,
review-backfill-d1dbcffeaa080e82d4184a3f,real-shadow-event-5e191c7a067312c187de10d4,latentatlas_action_time_masked_evidence_adapter_v1,,,,,,,,,,
review-backfill-e5b18b89603f1bec62132a18,real-shadow-event-5e459d46d91b32232c32de41,latentatlas_action_time_masked_evidence_adapter_v1,,,,,,,,,,
review-backfill-2aa95c5592cbd6a5c023e0ce,real-shadow-event-5e4d613f135387438ae34463,latentatlas_action_time_masked_evidence_adapter_v1,,,,,,,,,,
review-backfill-8e329c83f599d00f288ebc10,real-shadow-event-5ea4a266d456306a35ced6c7,latentatlas_action_time_masked_evidence_adapter_v1,,,,,,,,,,
review-backfill-6fe64fd6aaf44678a2e40767,real-shadow-event-5ea9afcd1e93091dd434022e,latentatlas_action_time_masked_evidence_adapter_v1,,,,,,,,,,
review-backfill-46480b7d66792a83e2b18fef,real-shadow-event-5ed086d93041ca6a0c95b1a6,latentatlas_action_time_masked_evidence_adapter_v1,,,,,,,,,,
review-backfill-78bfc81f26815246aed2642b,real-shadow-event-5ed55364ad20d819e6d3a266,latentatlas_action_time_masked_evidence_adapter_v1,,,,,,,,,,
review-backfill-7dbb54c61d4c008d248bbc2b,real-shadow-event-5efb6d6505c8288457489a4d,latentatlas_action_time_masked_evidence_adapter_v1,,,,,,,,,,
review-backfill-f6361062ec5e25304c99bc3c,real-shadow-event-5f3c32f4ead8c1218deb74e2,latentatlas_action_time_masked_evidence_adapter_v1,,,,,,,,,,
review-backfill-5c9a567769fb535849676409,real-shadow-event-5f67b1f50db922a217d0e9c3,latentatlas_action_time_masked_evidence_adapter_v1,,,,,,,,,,
review-backfill-96b4992ec6dbf50234c54a37,real-shadow-event-5f81009f0f87e9e3233a01f0,latentatlas_action_time_masked_evidence_adapter_v1,,,,,,,,,,
review-backfill-be46c546a9d1a292c2341665,real-shadow-event-5faca0a2a9deb790acadf9da,latentatlas_action_time_masked_evidence_adapter_v1,,,,,,,,,,
review-backfill-6b0e5cacc52329987e6dd58e,real-shadow-event-5fdcff1c4c88715c6a3a1fe3,latentatlas_action_time_masked_evidence_adapter_v1,,,,,,,,,,
review-backfill-388eb9defb6a42060f99ac24,real-shadow-event-6012ae8a6abe481bcf84c63b,latentatlas_action_time_masked_evidence_adapter_v1,,,,,,,,,,
review-backfill-5a45aea01c529ff3adaed2a0,real-shadow-event-6030ab3abf0ba23a44b6bbc2,latentatlas_action_time_masked_evidence_adapter_v1,,,,,,,,,,
review-backfill-534e1e17842b9b64e357b418,real-shadow-event-6058cbd7f8a463625a74647e,latentatlas_action_time_masked_evidence_adapter_v1,,,,,,,,,,
review-backfill-e8bb450bb503814d0c47011e,real-shadow-event-6076616139d7422a9879d330,latentatlas_action_time_masked_evidence_adapter_v1,,,,,,,,,,
review-backfill-b4c77d8e1bec8692478fef01,real-shadow-event-6089b21013477e881d5b3cfc,latentatlas_action_time_masked_evidence_adapter_v1,,,,,,,,,,
review-backfill-d547e71aaaf870bdb1ab3122,real-shadow-event-60e94a8517e7b1515759643d,latentatlas_action_time_masked_evidence_adapter_v1,,,,,,,,,,
review-backfill-dea7ff621dec85adba609c66,real-shadow-event-60eb7f280575a49d47433b6d,latentatlas_action_time_masked_evidence_adapter_v1,,,,,,,,,,
review-backfill-95c6b0cedbbf6165b37ab6fe,real-shadow-event-610c5f9ad4e05143d9f753e2,latentatlas_action_time_masked_evidence_adapter_v1,,,,,,,,,,
review-backfill-7571b2160f5d7b5af850d5b9,real-shadow-event-61181904aae8d4068818edfe,latentatlas_action_time_masked_evidence_adapter_v1,,,,,,,,,,
review-backfill-8996d1bacf5a7d61d3930997,real-shadow-event-61249ced80bede50b2a60ce5,latentatlas_action_time_masked_evidence_adapter_v1,,,,,,,,,,
review-backfill-aeabd8e582ecc63e62c1e8c0,real-shadow-event-61308e66e5e6fdc3b8494a66,latentatlas_action_time_masked_evidence_adapter_v1,,,,,,,,,,
review-backfill-beb3e9f0fd1018e939c7305b,real-shadow-event-6188f0b410244390b890c4d2,latentatlas_action_time_masked_evidence_adapter_v1,,,,,,,,,,
review-backfill-fa980e06b8d5f68b00f36848,real-shadow-event-61ceb03c6e3a89635998fe68,latentatlas_action_time_masked_evidence_adapter_v1,,,,,,,,,,
review-backfill-4888265c0fcaf614cb0a93d4,real-shadow-event-61cee9cc0d040a432bf9a12d,latentatlas_action_time_masked_evidence_adapter_v1,,,,,,,,,,
review-backfill-51522829acd314a112d78d15,real-shadow-event-61d92fb58fc3b997c7dee094,latentatlas_action_time_masked_evidence_adapter_v1,,,,,,,,,,
review-backfill-bde9004093bdd3b0b9a15115,real-shadow-event-61e5138f06734a0b8337100d,latentatlas_action_time_masked_evidence_adapter_v1,,,,,,,,,,
review-backfill-8179c91faa6d07ca061b3d10,real-shadow-event-61f4136a2c2149c04004657e,latentatlas_action_time_masked_evidence_adapter_v1,,,,,,,,,,
review-backfill-ea9074550e598c839b686474,real-shadow-event-6235dd7512dcb69d347183d7,latentatlas_action_time_masked_evidence_adapter_v1,,,,,,,,,,
review-backfill-39daa30cd11faa4555397b7e,real-shadow-event-62515f6bbca87c005026c80b,latentatlas_action_time_masked_evidence_adapter_v1,,,,,,,,,,
review-backfill-88f8cd68c985d6b1109c18e3,real-shadow-event-626404f5357e30a1fc0b01e7,latentatlas_action_time_masked_evidence_adapter_v1,,,,,,,,,,
review-backfill-cd218de4cfe0dfae868651da,real-shadow-event-62a64cdbb670b7251496bcd9,latentatlas_action_time_masked_evidence_adapter_v1,,,,,,,,,,
review-backfill-eb91cbfc3085b94bcb486ccb,real-shadow-event-62af7d25c035744d05cd155e,latentatlas_action_time_masked_evidence_adapter_v1,,,,,,,,,,
review-backfill-e050866f8de0c05eeaf6ead5,real-shadow-event-62e9f90d843a4b928367c3f2,latentatlas_action_time_masked_evidence_adapter_v1,,,,,,,,,,
review-backfill-845175f6a2b3cd5e7a665aed,real-shadow-event-631917c4f062974cd9fc8261,latentatlas_action_time_masked_evidence_adapter_v1,,,,,,,,,,
review-backfill-80411429ac823ffa89738141,real-shadow-event-63e01de1aaa2426ccf98ab6f,latentatlas_action_time_masked_evidence_adapter_v1,,,,,,,,,,
review-backfill-0a146a8dbbd358baba3f1afd,real-shadow-event-6408c67d813cd2722fd3fde3,latentatlas_action_time_masked_evidence_adapter_v1,,,,,,,,,,
review-backfill-6ca47f14a8e3c67c665c005c,real-shadow-event-64ea9da05fb8dd21a03a32a8,latentatlas_action_time_masked_evidence_adapter_v1,,,,,,,,,,
review-backfill-42ff0132409350799570bd6e,real-shadow-event-64edec27465e5e387e849aa1,latentatlas_action_time_masked_evidence_adapter_v1,,,,,,,,,,
review-backfill-4781ef7a654034dae4240136,real-shadow-event-651f7ff12a3a3f86dec3d43c,latentatlas_action_time_masked_evidence_adapter_v1,,,,,,,,,,
review-backfill-fb7d9328065e621e690e9511,real-shadow-event-65c34ce7c244a0f71cd3214d,latentatlas_action_time_masked_evidence_adapter_v1,,,,,,,,,,
review-backfill-961c825a4f18cc74d13a9c2f,real-shadow-event-65cf6d31300f711456d890cb,latentatlas_action_time_masked_evidence_adapter_v1,,,,,,,,,,
review-backfill-5f022e97cce02eb76a57bfd5,real-shadow-event-65dc818e8c52e8414d90564d,latentatlas_action_time_masked_evidence_adapter_v1,,,,,,,,,,
review-backfill-b9f82cb9fb257fb1736f3c2e,real-shadow-event-65dc90d4e13641779091c177,latentatlas_action_time_masked_evidence_adapter_v1,,,,,,,,,,
review-backfill-a7f4322553b80d4482b60b5f,real-shadow-event-66562b39a8e784efaa4b5059,latentatlas_action_time_masked_evidence_adapter_v1,,,,,,,,,,
review-backfill-15b6d4b8a50fd0c87d390e73,real-shadow-event-665cbfc4554e0701c703a07a,latentatlas_action_time_masked_evidence_adapter_v1,,,,,,,,,,
review-backfill-504edaeecfe66d0a6a2b58ad,real-shadow-event-668f80b1ee44795b2de11bef,latentatlas_action_time_masked_evidence_adapter_v1,,,,,,,,,,
review-backfill-823ba170b07719f70d55da6a,real-shadow-event-66b95fbb710675af80b7b889,latentatlas_action_time_masked_evidence_adapter_v1,,,,,,,,,,
review-backfill-cf9a0d82e8947968ab25c94e,real-shadow-event-66efdf28279035df3a6f0907,latentatlas_action_time_masked_evidence_adapter_v1,,,,,,,,,,
review-backfill-cccbef51510113c550c74271,real-shadow-event-6709ee105226c8ed345c7d55,latentatlas_action_time_masked_evidence_adapter_v1,,,,,,,,,,
review-backfill-a9a27eb55355357b874087d1,real-shadow-event-6726c79a9f8258757b23a432,latentatlas_action_time_masked_evidence_adapter_v1,,,,,,,,,,
review-backfill-710f30ef88165d1728fd7a59,real-shadow-event-67289214b858283e62f2fe20,latentatlas_action_time_masked_evidence_adapter_v1,,,,,,,,,,
review-backfill-6ff21fd017271365182e0e86,real-shadow-event-673c30a10369d53c37aff175,latentatlas_action_time_masked_evidence_adapter_v1,,,,,,,,,,
review-backfill-5bf9b1f394201445897d5d52,real-shadow-event-6745a0f418fd5eac2c5442d4,latentatlas_action_time_masked_evidence_adapter_v1,,,,,,,,,,
review-backfill-27d4a7f5ae8b50accadc7cd2,real-shadow-event-67b4082e921462550332490f,latentatlas_action_time_masked_evidence_adapter_v1,,,,,,,,,,
review-backfill-aaf44cd0c91e56243c24a30e,real-shadow-event-67c02f5e405cd6d2c22019f3,latentatlas_action_time_masked_evidence_adapter_v1,,,,,,,,,,
review-backfill-515417d7b4ab2eb624940122,real-shadow-event-6821bb47cafb7144cd4c078d,latentatlas_action_time_masked_evidence_adapter_v1,,,,,,,,,,
review-backfill-b17cb067430f8ade2354573d,real-shadow-event-68256ecc6119a124dd4a2517,latentatlas_action_time_masked_evidence_adapter_v1,,,,,,,,,,
review-backfill-0d12ffe4db0ee0412b3c48ed,real-shadow-event-684bf75adcbd2efad94c716c,latentatlas_action_time_masked_evidence_adapter_v1,,,,,,,,,,
review-backfill-8fdc43a25cb4c3ec81ba43d3,real-shadow-event-684e0db90fd062443ad95712,latentatlas_action_time_masked_evidence_adapter_v1,,,,,,,,,,
review-backfill-0c920dc271a538c7b984148c,real-shadow-event-6869414da092aaca403e930a,latentatlas_action_time_masked_evidence_adapter_v1,,,,,,,,,,
review-backfill-bb1d73308eb3e5d13808e470,real-shadow-event-68abecf70802ca74f7044677,latentatlas_action_time_masked_evidence_adapter_v1,,,,,,,,,,
review-backfill-1d2fd31cff40eceebe53ea1e,real-shadow-event-68fb2e90f44bd69430563840,latentatlas_action_time_masked_evidence_adapter_v1,,,,,,,,,,
review-backfill-320e707a8a5ea114909c1fed,real-shadow-event-6919676daa9b525ca48ce597,latentatlas_action_time_masked_evidence_adapter_v1,,,,,,,,,,
review-backfill-35334bbd3fe3e195ccb07f4d,real-shadow-event-6934fb4f172442217bfba31f,latentatlas_action_time_masked_evidence_adapter_v1,,,,,,,,,,
review-backfill-77aef6d370e7c68ca0f79254,real-shadow-event-693803779ca27603f51c037f,latentatlas_action_time_masked_evidence_adapter_v1,,,,,,,,,,
review-backfill-f5f66b82b6d9607244237a00,real-shadow-event-6945e64ec6342c63646b83af,latentatlas_action_time_masked_evidence_adapter_v1,,,,,,,,,,
review-backfill-b2f2c53972358a3edbd8eead,real-shadow-event-69a5aae800ecee2f0a97cf67,latentatlas_action_time_masked_evidence_adapter_v1,,,,,,,,,,
review-backfill-146563910d62114583cbcf70,real-shadow-event-69faa263f97b41fe46518dcb,latentatlas_action_time_masked_evidence_adapter_v1,,,,,,,,,,
review-backfill-494da4e00b5d794cb0a6b4cc,real-shadow-event-6a004c61e4d63118c778f677,latentatlas_action_time_masked_evidence_adapter_v1,,,,,,,,,,
review-backfill-706526ffe9af056f8856589a,real-shadow-event-6a1aac178d210ccfb967e873,latentatlas_action_time_masked_evidence_adapter_v1,,,,,,,,,,
review-backfill-2cc570021baae68c045c4602,real-shadow-event-6a46dca0ea33a10cd895c836,latentatlas_action_time_masked_evidence_adapter_v1,,,,,,,,,,
review-backfill-c4183303e7d3447df88862e8,real-shadow-event-6a4c16146e452a6c0b3e5585,latentatlas_action_time_masked_evidence_adapter_v1,,,,,,,,,,
review-backfill-131987be5c296bea601c4339,real-shadow-event-6a75f1a40571075b87e3885f,latentatlas_action_time_masked_evidence_adapter_v1,,,,,,,,,,
review-backfill-ef79f55fa2b2a2895dc46176,real-shadow-event-6aaa68070f4ca6c827ee1bd9,latentatlas_action_time_masked_evidence_adapter_v1,,,,,,,,,,
review-backfill-64ae9467268aeabc69642302,real-shadow-event-6aafbaad73789849987c0c5d,latentatlas_action_time_masked_evidence_adapter_v1,,,,,,,,,,
review-backfill-06fdc460e68a2969f95fe7e2,real-shadow-event-6ae1537da923f2657b8b5795,latentatlas_action_time_masked_evidence_adapter_v1,,,,,,,,,,
review-backfill-991efcef237f89b0c323ed04,real-shadow-event-6b11e02f801821e8e033b042,latentatlas_action_time_masked_evidence_adapter_v1,,,,,,,,,,
review-backfill-11651d15acb29aee114b2b33,real-shadow-event-6b410342ee66fd99d495873e,latentatlas_action_time_masked_evidence_adapter_v1,,,,,,,,,,
review-backfill-003618f4cfe87f8c8544e12f,real-shadow-event-6b478b1ccad5b0695b14bd8e,latentatlas_action_time_masked_evidence_adapter_v1,,,,,,,,,,
review-backfill-e5674649813a142e43d22066,real-shadow-event-6b4b012078422353bcea6c7b,latentatlas_action_time_masked_evidence_adapter_v1,,,,,,,,,,
review-backfill-a1507a9f648f42fe945f22c4,real-shadow-event-6b5df4b17f5de24a6bb13b00,latentatlas_action_time_masked_evidence_adapter_v1,,,,,,,,,,
review-backfill-1a09bc8f1dc8e044a6adb7b9,real-shadow-event-6b61a740ae966302b4e9464a,latentatlas_action_time_masked_evidence_adapter_v1,,,,,,,,,,
review-backfill-8b9e8dc495694cfde74d03d4,real-shadow-event-6bd471f56e992ebcf53bf729,latentatlas_action_time_masked_evidence_adapter_v1,,,,,,,,,,
review-backfill-1191b9b69135930a405cd3fd,real-shadow-event-6bffd2323ac98d27de300087,latentatlas_action_time_masked_evidence_adapter_v1,,,,,,,,,,
review-backfill-36f0f941e5797a57dd563e5a,real-shadow-event-6c027a4340924a288abd02cb,latentatlas_action_time_masked_evidence_adapter_v1,,,,,,,,,,
review-backfill-b7e84655f5d724b03d8096d3,real-shadow-event-6c40b72499be4037b6a7d7fe,latentatlas_action_time_masked_evidence_adapter_v1,,,,,,,,,,
review-backfill-bb4bd73bfd5f7ea245c67c05,real-shadow-event-6c415232a7940e8c24f286ec,latentatlas_action_time_masked_evidence_adapter_v1,,,,,,,,,,
review-backfill-217b8e3092798c0af2391830,real-shadow-event-6c478b4efb8092ebc3c4056c,latentatlas_action_time_masked_evidence_adapter_v1,,,,,,,,,,
review-backfill-b9445272b8a1c6ef8c826474,real-shadow-event-6c7278269e68e6f986aea6d9,latentatlas_action_time_masked_evidence_adapter_v1,,,,,,,,,,
review-backfill-8dd9a364c960812545d1f3e9,real-shadow-event-6ca8d937414aa7188abf2722,latentatlas_action_time_masked_evidence_adapter_v1,,,,,,,,,,
review-backfill-189413d4e55e7d6b5041ec07,real-shadow-event-6cb173be63f0215b03641c34,latentatlas_action_time_masked_evidence_adapter_v1,,,,,,,,,,
review-backfill-cf4380abc85b8eb533a5ba41,real-shadow-event-6cbbe5aaa3f9e77f98691a21,latentatlas_action_time_masked_evidence_adapter_v1,,,,,,,,,,
review-backfill-803b58f6cc5c27afc3f2c804,real-shadow-event-6d30a010741b6403a70e3562,latentatlas_action_time_masked_evidence_adapter_v1,,,,,,,,,,
review-backfill-37ce7221c2b9cc1bd90341ff,real-shadow-event-6dda562c2663e50db2a599cc,latentatlas_action_time_masked_evidence_adapter_v1,,,,,,,,,,
review-backfill-8d0629754bdda627cf01f0dd,real-shadow-event-6e0d22e78844829054e61d0f,latentatlas_action_time_masked_evidence_adapter_v1,,,,,,,,,,
review-backfill-9f626a3a8fce4465589c2bc3,real-shadow-event-6e13883fce1b19801145223d,latentatlas_action_time_masked_evidence_adapter_v1,,,,,,,,,,
review-backfill-6db77bc6bfb4d9ea9fa1b3be,real-shadow-event-6ec6dcd37500bee94458fc14,latentatlas_action_time_masked_evidence_adapter_v1,,,,,,,,,,
review-backfill-d800440f3098b27800d2655a,real-shadow-event-6ed2577295ba4d30fb555cbe,latentatlas_action_time_masked_evidence_adapter_v1,,,,,,,,,,
review-backfill-dea0747c60885f1d1ae59cc5,real-shadow-event-6f02c7c74151e27e59f59635,latentatlas_action_time_masked_evidence_adapter_v1,,,,,,,,,,
review-backfill-2e430e19e6488dfa6ce11f77,real-shadow-event-6f276454297136172dea3106,latentatlas_action_time_masked_evidence_adapter_v1,,,,,,,,,,
review-backfill-bd8846eb1a78eea007e2775a,real-shadow-event-6f5f54e50acb6f1e85235256,latentatlas_action_time_masked_evidence_adapter_v1,,,,,,,,,,
review-backfill-235d8b6b016912a5a2437cbb,real-shadow-event-6f69e0baed6cdef39f5fc316,latentatlas_action_time_masked_evidence_adapter_v1,,,,,,,,,,
review-backfill-1cc667868d7347fe53f30e8a,real-shadow-event-6f79c147a395fd51b4d79082,latentatlas_action_time_masked_evidence_adapter_v1,,,,,,,,,,
review-backfill-d6a92aba27617e65820b8392,real-shadow-event-6fb3ce3abdb33027f04a1d66,latentatlas_action_time_masked_evidence_adapter_v1,,,,,,,,,,
review-backfill-0b86e4693518860193fb88c4,real-shadow-event-6fc6edc4b24ba85cf25712be,latentatlas_action_time_masked_evidence_adapter_v1,,,,,,,,,,
review-backfill-b3717a3a55e9b5eef8a94150,real-shadow-event-6fe3cf13832b04945daf5031,latentatlas_action_time_masked_evidence_adapter_v1,,,,,,,,,,
review-backfill-5101194f03657381a69bf4bd,real-shadow-event-6fe83459274d854cf439aa92,latentatlas_action_time_masked_evidence_adapter_v1,,,,,,,,,,
review-backfill-aabe71b793ab76671d82fe20,real-shadow-event-700661c006c70130011eccdd,latentatlas_action_time_masked_evidence_adapter_v1,,,,,,,,,,
review-backfill-472705f2e190a3a28c0c7c69,real-shadow-event-70bb544b286e8394d9521847,latentatlas_action_time_masked_evidence_adapter_v1,,,,,,,,,,
review-backfill-4a67aedf7418d209752404a7,real-shadow-event-70c579dca862ded6bfdc30bd,latentatlas_action_time_masked_evidence_adapter_v1,,,,,,,,,,
review-backfill-eeed8b04cff35d9a72ac0e76,real-shadow-event-71567547a7083b4604c30349,latentatlas_action_time_masked_evidence_adapter_v1,,,,,,,,,,
review-backfill-81989cfcd6a3a066d44c3f72,real-shadow-event-7164b4687b7266e5fd7b8ba0,latentatlas_action_time_masked_evidence_adapter_v1,,,,,,,,,,
review-backfill-944193cc01017e14afb2d549,real-shadow-event-716c25ca343f7a30f018e45e,latentatlas_action_time_masked_evidence_adapter_v1,,,,,,,,,,
review-backfill-128842345acb774242babbcf,real-shadow-event-7181934f322819e62e677e21,latentatlas_action_time_masked_evidence_adapter_v1,,,,,,,,,,
review-backfill-315dd00f30487fe6b15e23d3,real-shadow-event-719eddcf50d64a5d600deedf,latentatlas_action_time_masked_evidence_adapter_v1,,,,,,,,,,
review-backfill-d334d3c672594e3cda22d593,real-shadow-event-71df13f61c873a76b4f2ae58,latentatlas_action_time_masked_evidence_adapter_v1,,,,,,,,,,
review-backfill-9e314e773d91fd2933cce36a,real-shadow-event-725035af786c5575c8050c55,latentatlas_action_time_masked_evidence_adapter_v1,,,,,,,,,,
review-backfill-2611e608bf72964c6ad36835,real-shadow-event-7262a2a143fe26fe148911a3,latentatlas_action_time_masked_evidence_adapter_v1,,,,,,,,,,
review-backfill-5022bd5608c34345d5d5ea5a,real-shadow-event-728137b5b69c4ed60798504b,latentatlas_action_time_masked_evidence_adapter_v1,,,,,,,,,,
review-backfill-e2bdcba82bd1351442b1a884,real-shadow-event-728e4f2027e5a62fc330fe38,latentatlas_action_time_masked_evidence_adapter_v1,,,,,,,,,,
review-backfill-fbadce837565b9428fa1744c,real-shadow-event-72bc687db4aeb8eda20dda6a,latentatlas_action_time_masked_evidence_adapter_v1,,,,,,,,,,
review-backfill-aaa1fad2d6f645cf61048d9f,real-shadow-event-72c5524529aaa0b8821c55fb,latentatlas_action_time_masked_evidence_adapter_v1,,,,,,,,,,
review-backfill-32b17ffb68970aba9dbb6829,real-shadow-event-731daa424d0b5c82f380dcf8,latentatlas_action_time_masked_evidence_adapter_v1,,,,,,,,,,
review-backfill-b1a0799144d07b00890d2167,real-shadow-event-73248980a9ea49675a6d61e6,latentatlas_action_time_masked_evidence_adapter_v1,,,,,,,,,,
review-backfill-a523bf120429c6f4c0133983,real-shadow-event-735f025e7f81bcb61485c1dc,latentatlas_action_time_masked_evidence_adapter_v1,,,,,,,,,,
review-backfill-63f2d99abf6b9b914632f669,real-shadow-event-73783268e29b3ccbfc145c8f,latentatlas_action_time_masked_evidence_adapter_v1,,,,,,,,,,
review-backfill-3877321e6f725e28a3132320,real-shadow-event-739f90f4062e0a585dd4c19b,latentatlas_action_time_masked_evidence_adapter_v1,,,,,,,,,,
review-backfill-d3dafad1ecb3de30f8cb3d6b,real-shadow-event-73b456a43bf64505377bee08,latentatlas_action_time_masked_evidence_adapter_v1,,,,,,,,,,
review-backfill-6ea3865f21cc8688aeea9d1b,real-shadow-event-73ba737192b5bd5f4279a45d,latentatlas_action_time_masked_evidence_adapter_v1,,,,,,,,,,
review-backfill-c722b6bf9a82156a428b9c02,real-shadow-event-73c2a29790601fd4a1f5a1eb,latentatlas_action_time_masked_evidence_adapter_v1,,,,,,,,,,
review-backfill-a52746fb3b4294b9f991af57,real-shadow-event-73de4454406c148a34f3c01f,latentatlas_action_time_masked_evidence_adapter_v1,,,,,,,,,,
review-backfill-2a99ff798ab30233f4ceab51,real-shadow-event-73f8e15d277aed26614c094f,latentatlas_action_time_masked_evidence_adapter_v1,,,,,,,,,,
review-backfill-16a9f8752b6a9cdb6cc6fb6c,real-shadow-event-742583bd4f7bf7800fc81a89,latentatlas_action_time_masked_evidence_adapter_v1,,,,,,,,,,
review-backfill-616bea167de2fb5b2066b223,real-shadow-event-744a807fcfc99fef096028d4,latentatlas_action_time_masked_evidence_adapter_v1,,,,,,,,,,
review-backfill-faabdc240ad284cefab57641,real-shadow-event-747da77851c4803378d5e0f0,latentatlas_action_time_masked_evidence_adapter_v1,,,,,,,,,,
review-backfill-a385f3b841d6cfa51c27b352,real-shadow-event-7481e3930ea7169b17e69ac9,latentatlas_action_time_masked_evidence_adapter_v1,,,,,,,,,,
review-backfill-9be41b91977d916f0bf0a915,real-shadow-event-74c4a447c9b199b39cada5e5,latentatlas_action_time_masked_evidence_adapter_v1,,,,,,,,,,
review-backfill-6ec4c3fd6cd52a8aa483b50e,real-shadow-event-74eaf2a74bdaea218b147d15,latentatlas_action_time_masked_evidence_adapter_v1,,,,,,,,,,
review-backfill-b92b2fc5df2d7349ad75c123,real-shadow-event-74f67bd489178efbb033012a,latentatlas_action_time_masked_evidence_adapter_v1,,,,,,,,,,
review-backfill-909327d4a01911c353b33693,real-shadow-event-7523bfd54ca8f10484d7fcec,latentatlas_action_time_masked_evidence_adapter_v1,,,,,,,,,,
review-backfill-cb2f86a9fd2858de903714f8,real-shadow-event-753aff6c9091116b592b5e65,latentatlas_action_time_masked_evidence_adapter_v1,,,,,,,,,,
review-backfill-96a73f9bfb526b115b12251b,real-shadow-event-753b96f68fe34f090868f77f,latentatlas_action_time_masked_evidence_adapter_v1,,,,,,,,,,
review-backfill-0c1c80007c0e4207924566c5,real-shadow-event-75404d10140ed660917c0cdf,latentatlas_action_time_masked_evidence_adapter_v1,,,,,,,,,,
review-backfill-66d702d159426478b6d1fcf5,real-shadow-event-754cfe6bbc7c8b93dffef66d,latentatlas_action_time_masked_evidence_adapter_v1,,,,,,,,,,
review-backfill-5605986be650ebcc6b7ab405,real-shadow-event-758eff4e9dffe4b12c0ea59d,latentatlas_action_time_masked_evidence_adapter_v1,,,,,,,,,,
review-backfill-9866da66e95e981ed90a01a2,real-shadow-event-75930885a89c16d9a7a0d05d,latentatlas_action_time_masked_evidence_adapter_v1,,,,,,,,,,
review-backfill-9e9825e1ae7e0a22045bf578,real-shadow-event-75956aa2f9bcd06fbbd59468,latentatlas_action_time_masked_evidence_adapter_v1,,,,,,,,,,
review-backfill-9543b682461b44d04c532498,real-shadow-event-7598ef5a054e5f9517422625,latentatlas_action_time_masked_evidence_adapter_v1,,,,,,,,,,
review-backfill-ce270fd012fcd4a34a8c14ab,real-shadow-event-75e5012e4d4d43846e80e0b2,latentatlas_action_time_masked_evidence_adapter_v1,,,,,,,,,,
review-backfill-59aaf7733b280d76f95e5328,real-shadow-event-7603be1861167729b0330783,latentatlas_action_time_masked_evidence_adapter_v1,,,,,,,,,,
review-backfill-fae3a162c43e521318db1673,real-shadow-event-760d45472c6078bd7432e023,latentatlas_action_time_masked_evidence_adapter_v1,,,,,,,,,,
review-backfill-1042ea0fdd668e5c3e91b8b1,real-shadow-event-7621ff50a780a2b26cc0af54,latentatlas_action_time_masked_evidence_adapter_v1,,,,,,,,,,
review-backfill-a06c6bc5ca181581f1d63655,real-shadow-event-76239b228bb3c89112d3b522,latentatlas_action_time_masked_evidence_adapter_v1,,,,,,,,,,
review-backfill-f650ce4d1e1340f8c5359d8e,real-shadow-event-7627af3aebfdb6c8bb27a3cf,latentatlas_action_time_masked_evidence_adapter_v1,,,,,,,,,,
review-backfill-cbbaa3e50b94570160a67d0c,real-shadow-event-769ab4bc7c9fcaf14ab48eef,latentatlas_action_time_masked_evidence_adapter_v1,,,,,,,,,,
review-backfill-6e3176075dfab8eee3ec60cf,real-shadow-event-76b22541ee18d0dfd2f54b31,latentatlas_action_time_masked_evidence_adapter_v1,,,,,,,,,,
review-backfill-375752c5bec61af4f595dd50,real-shadow-event-76d750c0f4da32ffae396925,latentatlas_action_time_masked_evidence_adapter_v1,,,,,,,,,,
review-backfill-60b6db5aeb07d581baa31c14,real-shadow-event-77435e9cf235f59aa924f520,latentatlas_action_time_masked_evidence_adapter_v1,,,,,,,,,,
review-backfill-f2ad3d12b7b27f8407f4c7e9,real-shadow-event-7755dd8dceaa748fc47c9d13,latentatlas_action_time_masked_evidence_adapter_v1,,,,,,,,,,
review-backfill-cea3f9599eb36fd0e286d766,real-shadow-event-7767844585eee436c2fccb88,latentatlas_action_time_masked_evidence_adapter_v1,,,,,,,,,,
review-backfill-ac8b22ca425f8ff5f2d2d70d,real-shadow-event-7774a4b7f2bb866114ddaf93,latentatlas_action_time_masked_evidence_adapter_v1,,,,,,,,,,
review-backfill-232bf6a4ff4cb37f945dab52,real-shadow-event-77823e5f7424e5a641db8b0f,latentatlas_action_time_masked_evidence_adapter_v1,,,,,,,,,,
review-backfill-e5a857a2e6cc90e4928bc3f3,real-shadow-event-77861850e72bfb64ca27517d,latentatlas_action_time_masked_evidence_adapter_v1,,,,,,,,,,
review-backfill-417b3cc39224dac587393538,real-shadow-event-77cf576d2e0c4726f32434fb,latentatlas_action_time_masked_evidence_adapter_v1,,,,,,,,,,
review-backfill-e6f6a390afa102a7dd6820ce,real-shadow-event-77e0d535864be32897644290,latentatlas_action_time_masked_evidence_adapter_v1,,,,,,,,,,
review-backfill-fa2c1ee6293a28b859aab646,real-shadow-event-77f07640a9c45b0974e18c87,latentatlas_action_time_masked_evidence_adapter_v1,,,,,,,,,,
review-backfill-b9d97b092cc2f89abc5b621e,real-shadow-event-78076cadadbcb0520ffc4c07,latentatlas_action_time_masked_evidence_adapter_v1,,,,,,,,,,
review-backfill-fafa245193610f5969f0ed3f,real-shadow-event-7847a949dc4d2705d667fd02,latentatlas_action_time_masked_evidence_adapter_v1,,,,,,,,,,
review-backfill-d2f8bda8eaba3580a16cf078,real-shadow-event-786aa9d1611c9395bbf95878,latentatlas_action_time_masked_evidence_adapter_v1,,,,,,,,,,
review-backfill-b496d50172f08ad8a6cec0b4,real-shadow-event-78724f2d91881bb7853b9487,latentatlas_action_time_masked_evidence_adapter_v1,,,,,,,,,,
review-backfill-f63b0f8fdd7a6535f55be47a,real-shadow-event-78777102b0ab4ec7afd85a95,latentatlas_action_time_masked_evidence_adapter_v1,,,,,,,,,,
review-backfill-fac26f090336aa2b80e3b38b,real-shadow-event-78968feca67b3ce89e159db6,latentatlas_action_time_masked_evidence_adapter_v1,,,,,,,,,,
review-backfill-ddd48de7194954e26377280f,real-shadow-event-78b59f3f84bd14df82e32175,latentatlas_action_time_masked_evidence_adapter_v1,,,,,,,,,,
review-backfill-546ccb740761ab7228c7a842,real-shadow-event-7916c0a7c289c72e7a6934e2,latentatlas_action_time_masked_evidence_adapter_v1,,,,,,,,,,
review-backfill-1bc83778e6e1f9757d5a2c72,real-shadow-event-791d38ddbbee22320eaa4325,latentatlas_action_time_masked_evidence_adapter_v1,,,,,,,,,,
review-backfill-aac4592c2946cbd00875f235,real-shadow-event-791fe84cc4f34adc3a7b6518,latentatlas_action_time_masked_evidence_adapter_v1,,,,,,,,,,
review-backfill-0d084f9fb350cb5bda4bfb71,real-shadow-event-7945c642ac9b655195ceeb65,latentatlas_action_time_masked_evidence_adapter_v1,,,,,,,,,,
review-backfill-533225c1a5ba222248a6702d,real-shadow-event-7970d862cb638b5265b75c34,latentatlas_action_time_masked_evidence_adapter_v1,,,,,,,,,,
review-backfill-6eca1d4bbd4f20b6768baad7,real-shadow-event-79a4523c741eb336da517ce8,latentatlas_action_time_masked_evidence_adapter_v1,,,,,,,,,,
review-backfill-fd6b8a715075feae8a8cf4b0,real-shadow-event-79b05c69169e52ca40299e6e,latentatlas_action_time_masked_evidence_adapter_v1,,,,,,,,,,
review-backfill-867605c997ab334e01c1505d,real-shadow-event-7a5bc8d1c7bed5f24fb2230c,latentatlas_action_time_masked_evidence_adapter_v1,,,,,,,,,,
review-backfill-75ef0e187a8962c8d0edfc36,real-shadow-event-7a898d82ea59593cb26332fb,latentatlas_action_time_masked_evidence_adapter_v1,,,,,,,,,,
review-backfill-3c100365d7a76d7b37270c4d,real-shadow-event-7a97a7129e5d69f828a0ac40,latentatlas_action_time_masked_evidence_adapter_v1,,,,,,,,,,
review-backfill-04f7a83809750c6f6f66f9a9,real-shadow-event-7abbb848d6bb707854f5a55b,latentatlas_action_time_masked_evidence_adapter_v1,,,,,,,,,,
review-backfill-3ce454a0de966d7af1976ca8,real-shadow-event-7b0774763eca23c652f06fb3,latentatlas_action_time_masked_evidence_adapter_v1,,,,,,,,,,
review-backfill-c81ff645bd5205be34e87ea4,real-shadow-event-7b40f252ff1a517a4fb55f5a,latentatlas_action_time_masked_evidence_adapter_v1,,,,,,,,,,
review-backfill-4da05472bb7f019ba6f821ca,real-shadow-event-7b45e8f32f3635226eec6c68,latentatlas_action_time_masked_evidence_adapter_v1,,,,,,,,,,
review-backfill-e1fe8fdee05ad49c49c5aed1,real-shadow-event-7ba113dbd44d8cb6999599cb,latentatlas_action_time_masked_evidence_adapter_v1,,,,,,,,,,
review-backfill-6ecd736bb3262cdaddf45ed1,real-shadow-event-7bc01d396e7b5ba81bd70db8,latentatlas_action_time_masked_evidence_adapter_v1,,,,,,,,,,
review-backfill-26c9148c8fd40f432f0b3339,real-shadow-event-7c0a0cadb6efd5ab66a83442,latentatlas_action_time_masked_evidence_adapter_v1,,,,,,,,,,
review-backfill-39406aa2069538a9c4e8063c,real-shadow-event-7c464d6ba20b419dc88afe30,latentatlas_action_time_masked_evidence_adapter_v1,,,,,,,,,,
review-backfill-9f9f540577afb35dad5d8cb7,real-shadow-event-7c4e1515cf045f987f4c47ec,latentatlas_action_time_masked_evidence_adapter_v1,,,,,,,,,,
review-backfill-ccbef1f4b075d8759b418e30,real-shadow-event-7c6131f46baa5eca84a27f3b,latentatlas_action_time_masked_evidence_adapter_v1,,,,,,,,,,
review-backfill-8070d993e540c99b77acafc3,real-shadow-event-7c7c89e4838ef2b1f86e12da,latentatlas_action_time_masked_evidence_adapter_v1,,,,,,,,,,
review-backfill-45e9e2cc800ef866f7ce5052,real-shadow-event-7c9cbdb5e66938a5fcf77092,latentatlas_action_time_masked_evidence_adapter_v1,,,,,,,,,,
review-backfill-4a28e6621e11045eb01db0ad,real-shadow-event-7cbce79ec7e6b9c08f291f36,latentatlas_action_time_masked_evidence_adapter_v1,,,,,,,,,,
review-backfill-b1c385349ff980c3349df5e0,real-shadow-event-7ccc5bea2e5b45bdebab2c31,latentatlas_action_time_masked_evidence_adapter_v1,,,,,,,,,,
review-backfill-6f967fd1a96a74cf4728f6bf,real-shadow-event-7ccfe3500cc433865e286507,latentatlas_action_time_masked_evidence_adapter_v1,,,,,,,,,,
review-backfill-2a0e06efa754a01d7077adcc,real-shadow-event-7cd76c847689a2e4b9a4c1dc,latentatlas_action_time_masked_evidence_adapter_v1,,,,,,,,,,
review-backfill-356c744b6a7b7e2308244caf,real-shadow-event-7cddd3bb1990787eee64e286,latentatlas_action_time_masked_evidence_adapter_v1,,,,,,,,,,
review-backfill-0f3067be1d7c6003ee9175c8,real-shadow-event-7d006c63638475c48d8a5a76,latentatlas_action_time_masked_evidence_adapter_v1,,,,,,,,,,
review-backfill-22c8f7f0c8cf89a79d5d2c73,real-shadow-event-7d2abacd0492f4e377577c3c,latentatlas_action_time_masked_evidence_adapter_v1,,,,,,,,,,
review-backfill-e2d7d841a327d372b1a1c14d,real-shadow-event-7d3a0033a26fd5cc223095ec,latentatlas_action_time_masked_evidence_adapter_v1,,,,,,,,,,
review-backfill-99b58bdc25be46375c4265bd,real-shadow-event-7d468f4d3e4605fb81bfcee9,latentatlas_action_time_masked_evidence_adapter_v1,,,,,,,,,,
review-backfill-a37d96b1a939e7cb4d1c3bf8,real-shadow-event-7d84022aa70378ee989761aa,latentatlas_action_time_masked_evidence_adapter_v1,,,,,,,,,,
review-backfill-cdf6229ac1bd44e544808b8e,real-shadow-event-7da5fe29a4366720fe12dea6,latentatlas_action_time_masked_evidence_adapter_v1,,,,,,,,,,
review-backfill-e9788333a55872f59900b77c,real-shadow-event-7de19381771eebadf39de0e1,latentatlas_action_time_masked_evidence_adapter_v1,,,,,,,,,,
review-backfill-34fd82506022ce03ccfa77f1,real-shadow-event-7df01984dde587e9c9e22854,latentatlas_action_time_masked_evidence_adapter_v1,,,,,,,,,,
review-backfill-fa835a7ca15d3a31de5faa8d,real-shadow-event-7df77cee928f6dda4c99da14,latentatlas_action_time_masked_evidence_adapter_v1,,,,,,,,,,
review-backfill-b9ce6cbc01f6864acb0a58c7,real-shadow-event-7e030a051bcc402602cbe4f4,latentatlas_action_time_masked_evidence_adapter_v1,,,,,,,,,,
review-backfill-f886f14b0b924ca3bf824128,real-shadow-event-7e662b2fdb86e8e43fdd65c9,latentatlas_action_time_masked_evidence_adapter_v1,,,,,,,,,,
review-backfill-64e1d04ce943dd3dc71285a9,real-shadow-event-7e663037bd9201f1fb7f9d75,latentatlas_action_time_masked_evidence_adapter_v1,,,,,,,,,,
review-backfill-2361685757f516f38b9c2233,real-shadow-event-7e9daad5ff9ea721f86533bf,latentatlas_action_time_masked_evidence_adapter_v1,,,,,,,,,,
review-backfill-22ad9a0209e4080692f79d56,real-shadow-event-7ead714dc580e08d0e3edd0b,latentatlas_action_time_masked_evidence_adapter_v1,,,,,,,,,,
review-backfill-116a36b7661fb75616a6cccc,real-shadow-event-7ed02a577e87d320865d757c,latentatlas_action_time_masked_evidence_adapter_v1,,,,,,,,,,
review-backfill-26f5aa071d7462b840e96d4e,real-shadow-event-7ed5ae856ad4a2741da4ed9a,latentatlas_action_time_masked_evidence_adapter_v1,,,,,,,,,,
review-backfill-e3c38261d7163728faa51b1e,real-shadow-event-7ee7858eac4a71c50c6435c4,latentatlas_action_time_masked_evidence_adapter_v1,,,,,,,,,,
review-backfill-f33fdf915a260e34709dd17e,real-shadow-event-7ef164f9b395e53f1abc06cf,latentatlas_action_time_masked_evidence_adapter_v1,,,,,,,,,,
review-backfill-31d2ea1c8d2847b042859229,real-shadow-event-7f006f40b9fd2eaefe593a86,latentatlas_action_time_masked_evidence_adapter_v1,,,,,,,,,,
review-backfill-2d92881d877ef15a24ed99d6,real-shadow-event-7f289a277b38b6a9009a000a,latentatlas_action_time_masked_evidence_adapter_v1,,,,,,,,,,
review-backfill-968ee9d0b2c8a50d174a6238,real-shadow-event-7fc8f0a83cd29cb6e13166da,latentatlas_action_time_masked_evidence_adapter_v1,,,,,,,,,,
review-backfill-cf93ba4647999fa8e82a4283,real-shadow-event-7fda83917e9b09e5b75b9273,latentatlas_action_time_masked_evidence_adapter_v1,,,,,,,,,,
review-backfill-47b6ac73a55da9b307ee9347,real-shadow-event-7fde199065bb665781f0caa5,latentatlas_action_time_masked_evidence_adapter_v1,,,,,,,,,,
review-backfill-bbb35471c24215c196bb3241,real-shadow-event-800132d0200aed044f88ad29,latentatlas_action_time_masked_evidence_adapter_v1,,,,,,,,,,
review-backfill-10461803abf3bf65a58b2784,real-shadow-event-80053ebb2a29cbfcb1e8e4b8,latentatlas_action_time_masked_evidence_adapter_v1,,,,,,,,,,
review-backfill-bf4e286d28f661834781f1d4,real-shadow-event-8079cd86be9f29b001a266d3,latentatlas_action_time_masked_evidence_adapter_v1,,,,,,,,,,
review-backfill-ba9d097faac8ecccb7d51515,real-shadow-event-80d0114051a792d95aae1acc,latentatlas_action_time_masked_evidence_adapter_v1,,,,,,,,,,
review-backfill-e4ec7f0f18938876400fefa5,real-shadow-event-81164a8e5d441dfc4bdc1e66,latentatlas_action_time_masked_evidence_adapter_v1,,,,,,,,,,
review-backfill-78bb91399889eece14a226a4,real-shadow-event-815cf7b44bee9aec39a679f4,latentatlas_action_time_masked_evidence_adapter_v1,,,,,,,,,,
review-backfill-6bf823b4ed9790f2b2d9a369,real-shadow-event-81776b1d1aaa99c92bab7d78,latentatlas_action_time_masked_evidence_adapter_v1,,,,,,,,,,
review-backfill-e5a52e414cecb1ac19f5c029,real-shadow-event-8187af56611cd9e30b8d54e0,latentatlas_action_time_masked_evidence_adapter_v1,,,,,,,,,,
review-backfill-cb8c09fb2f222442937cda83,real-shadow-event-818c1b0cd35cb95a1a328ff3,latentatlas_action_time_masked_evidence_adapter_v1,,,,,,,,,,
review-backfill-d40d3f330e48753637b8ecda,real-shadow-event-819156d6551a982c9deb0019,latentatlas_action_time_masked_evidence_adapter_v1,,,,,,,,,,
review-backfill-6f1120a56f129fb8933d37f8,real-shadow-event-81d99579b19a1be4adcbc6fa,latentatlas_action_time_masked_evidence_adapter_v1,,,,,,,,,,
review-backfill-31bc708adc51ce4ceea29161,real-shadow-event-828355e8e8e0fe581659690c,latentatlas_action_time_masked_evidence_adapter_v1,,,,,,,,,,
review-backfill-b7a800df453141649bbe4e56,real-shadow-event-82a1bc7c64fa882f5ebdce1e,latentatlas_action_time_masked_evidence_adapter_v1,,,,,,,,,,
review-backfill-2a3ff305912e7af75ef673e5,real-shadow-event-82e90ec496ecabf502e6e9d6,latentatlas_action_time_masked_evidence_adapter_v1,,,,,,,,,,
review-backfill-7f9b4a4a49e1e4379a4ff591,real-shadow-event-8304682c0234649f86fb8fe1,latentatlas_action_time_masked_evidence_adapter_v1,,,,,,,,,,
review-backfill-315bca537c85bfc57f383d19,real-shadow-event-837c01e81dfa92e3e75df799,latentatlas_action_time_masked_evidence_adapter_v1,,,,,,,,,,
review-backfill-d994be88797a4f68b37ddbf2,real-shadow-event-838dd32a974150e03c2e9667,latentatlas_action_time_masked_evidence_adapter_v1,,,,,,,,,,
review-backfill-cb8b5b993a2b5d8a25a00be5,real-shadow-event-83ada15aba628ca49f641320,latentatlas_action_time_masked_evidence_adapter_v1,,,,,,,,,,
review-backfill-5d0ab216dd5abd2a599ec73b,real-shadow-event-83d8eda0daeaa790f805b2a7,latentatlas_action_time_masked_evidence_adapter_v1,,,,,,,,,,
review-backfill-86c041495c2965bc64a7c76a,real-shadow-event-8404da3e0e3bb75b6ed516b6,latentatlas_action_time_masked_evidence_adapter_v1,,,,,,,,,,
review-backfill-7e9cc30e8f9da0dcd6576c4f,real-shadow-event-840ef66479f06b8f0e9c5745,latentatlas_action_time_masked_evidence_adapter_v1,,,,,,,,,,
review-backfill-8a858a32ad6a8322a4527021,real-shadow-event-8488f7a0fe3356ed505d6f1c,latentatlas_action_time_masked_evidence_adapter_v1,,,,,,,,,,
review-backfill-8c893220d2e8eade1657296c,real-shadow-event-849ef5980ad04294febded2b,latentatlas_action_time_masked_evidence_adapter_v1,,,,,,,,,,
review-backfill-00a4b3193ff13cc1d02017e9,real-shadow-event-850e93caebc22d06eb393ce9,latentatlas_action_time_masked_evidence_adapter_v1,,,,,,,,,,
review-backfill-e2eca54cc17e46d096c6267c,real-shadow-event-854b026ed05e93fd1f38b942,latentatlas_action_time_masked_evidence_adapter_v1,,,,,,,,,,
review-backfill-338e0ed95c52d53f7d5782c2,real-shadow-event-8583ad40f0dce88f09446279,latentatlas_action_time_masked_evidence_adapter_v1,,,,,,,,,,
review-backfill-303be2520b6d606ea124fcff,real-shadow-event-859a59dd06c8a6ec032b5fd9,latentatlas_action_time_masked_evidence_adapter_v1,,,,,,,,,,
review-backfill-2ebb3d3d78ed4f51e0057660,real-shadow-event-859b4277b8540b2fda4be612,latentatlas_action_time_masked_evidence_adapter_v1,,,,,,,,,,
review-backfill-83fcd972dc8e46f7f45d45ed,real-shadow-event-85a3bfb49f671636d8e45f39,latentatlas_action_time_masked_evidence_adapter_v1,,,,,,,,,,
review-backfill-6ef7e46d7894dbbab2be8144,real-shadow-event-85ef3e0713e0e9e8a0747e70,latentatlas_action_time_masked_evidence_adapter_v1,,,,,,,,,,
review-backfill-e1547f3bc39efbdece883afa,real-shadow-event-862bcd0833e8041aca76ac9a,latentatlas_action_time_masked_evidence_adapter_v1,,,,,,,,,,
review-backfill-187da14a031e4a69c0c598ab,real-shadow-event-867bff7ccf3eaa6210bfa1cc,latentatlas_action_time_masked_evidence_adapter_v1,,,,,,,,,,
review-backfill-a10ab40075c1ee32f829482c,real-shadow-event-86954ff4c65d0e2895543761,latentatlas_action_time_masked_evidence_adapter_v1,,,,,,,,,,
review-backfill-1d9f85d2af80567993f4f951,real-shadow-event-86b08349975ee2f6072af511,latentatlas_action_time_masked_evidence_adapter_v1,,,,,,,,,,
review-backfill-140d44f46a30b541b6d81818,real-shadow-event-871a918c442b06492d4709bb,latentatlas_action_time_masked_evidence_adapter_v1,,,,,,,,,,
review-backfill-1fa6151ebe44a6553875a402,real-shadow-event-876f1755fe389201c9e6a8b6,latentatlas_action_time_masked_evidence_adapter_v1,,,,,,,,,,
review-backfill-8f2a4db03d1903df784fed60,real-shadow-event-878a79305ebc6c64ff1ad723,latentatlas_action_time_masked_evidence_adapter_v1,,,,,,,,,,
review-backfill-c9cafee3de1b4657ec696fe8,real-shadow-event-878f8f707a12bc3f264919ce,latentatlas_action_time_masked_evidence_adapter_v1,,,,,,,,,,
review-backfill-0641351250dffd7c64a34e48,real-shadow-event-87ab8325b1b2611a294166eb,latentatlas_action_time_masked_evidence_adapter_v1,,,,,,,,,,
review-backfill-b34cf9bb1c01bf638bfb8ed1,real-shadow-event-87dda28bf3d54babbc665552,latentatlas_action_time_masked_evidence_adapter_v1,,,,,,,,,,
review-backfill-85114112b0f0cd1d18c987fd,real-shadow-event-883f1054845259eb3b904f99,latentatlas_action_time_masked_evidence_adapter_v1,,,,,,,,,,
review-backfill-91c9a1d54a4a27aef2c33c2f,real-shadow-event-888645a833dca539932a7f95,latentatlas_action_time_masked_evidence_adapter_v1,,,,,,,,,,
review-backfill-3cc9abef7d4a3852303bccb0,real-shadow-event-88cc60d58304942ccb053a70,latentatlas_action_time_masked_evidence_adapter_v1,,,,,,,,,,
review-backfill-e047641b7a7dbb14bebbd288,real-shadow-event-88d150b5a41c45581da695d8,latentatlas_action_time_masked_evidence_adapter_v1,,,,,,,,,,
review-backfill-c3ba0bd52e92374533ea9496,real-shadow-event-89084647cc56d9dd0f90d6df,latentatlas_action_time_masked_evidence_adapter_v1,,,,,,,,,,
review-backfill-ba2fb3b08ea597a0b4d1cbcb,real-shadow-event-892339375a5226856192c570,latentatlas_action_time_masked_evidence_adapter_v1,,,,,,,,,,
review-backfill-5c3cd89bd0b7fe63b28561db,real-shadow-event-895971912d8da964dff8e50f,latentatlas_action_time_masked_evidence_adapter_v1,,,,,,,,,,
review-backfill-a69f8b639c373e21de711396,real-shadow-event-897abf41bc83c5f8f0ad0d90,latentatlas_action_time_masked_evidence_adapter_v1,,,,,,,,,,
review-backfill-880eeb5719354c462e39ca3c,real-shadow-event-89ff3311cf67eb8a6f9a2fb6,latentatlas_action_time_masked_evidence_adapter_v1,,,,,,,,,,
review-backfill-d7538d3eeaa94018603c2e75,real-shadow-event-8a24630be6d68ad84e4e744d,latentatlas_action_time_masked_evidence_adapter_v1,,,,,,,,,,
review-backfill-7f5af5e3458e0fe0ba7cb6cf,real-shadow-event-8a8b9234b2644bbf7a4820b3,latentatlas_action_time_masked_evidence_adapter_v1,,,,,,,,,,
review-backfill-cf3d4de6fa0072285ed0c632,real-shadow-event-8b0c687fc8765bec880832ec,latentatlas_action_time_masked_evidence_adapter_v1,,,,,,,,,,
review-backfill-f83a67da10d9941e290d3cae,real-shadow-event-8b50f7ca3c238c3c16803a87,latentatlas_action_time_masked_evidence_adapter_v1,,,,,,,,,,
review-backfill-0f0a6cacd424bf076add3027,real-shadow-event-8bc0dcfa61dc53e805ff6ad0,latentatlas_action_time_masked_evidence_adapter_v1,,,,,,,,,,
review-backfill-7f550a1ddc5905ddfafdfdb7,real-shadow-event-8bc1d3dbe24d2b8266648df6,latentatlas_action_time_masked_evidence_adapter_v1,,,,,,,,,,
review-backfill-e83602b20b4579c3c3c540d6,real-shadow-event-8bf71b86c852925c44430ac4,latentatlas_action_time_masked_evidence_adapter_v1,,,,,,,,,,
review-backfill-23e01a2e6287e2238885c57e,real-shadow-event-8bfe1d9313831e81ffb27f27,latentatlas_action_time_masked_evidence_adapter_v1,,,,,,,,,,
review-backfill-5e72b00c0e0dbaaa40f677d3,real-shadow-event-8c28a70d9196b3ef6a5a33da,latentatlas_action_time_masked_evidence_adapter_v1,,,,,,,,,,
review-backfill-b90535303c7b7f5784d1d8a7,real-shadow-event-8c5f53a18f894e478cbc87e7,latentatlas_action_time_masked_evidence_adapter_v1,,,,,,,,,,
review-backfill-07a2acee41964ef66d5256c8,real-shadow-event-8c8aef53851b750d168222c3,latentatlas_action_time_masked_evidence_adapter_v1,,,,,,,,,,
review-backfill-b6ad34d2c82d5017a2a74323,real-shadow-event-8caf8e8a9868008b5558267e,latentatlas_action_time_masked_evidence_adapter_v1,,,,,,,,,,
review-backfill-701a6ad51170c26bbecf1593,real-shadow-event-8cb41f739132f3fc594542cb,latentatlas_action_time_masked_evidence_adapter_v1,,,,,,,,,,
review-backfill-c172af39d9f6b878d4d094ee,real-shadow-event-8ccde1d349b7698a50a3bc98,latentatlas_action_time_masked_evidence_adapter_v1,,,,,,,,,,
review-backfill-5e1cb296a9cf88b8e1f4b534,real-shadow-event-8cd95888493b00559bd6f8be,latentatlas_action_time_masked_evidence_adapter_v1,,,,,,,,,,
review-backfill-9f5e672307820e693d32f3a9,real-shadow-event-8ce18ef5346c982192384b75,latentatlas_action_time_masked_evidence_adapter_v1,,,,,,,,,,
review-backfill-462d0278397e2b0affd4c8ab,real-shadow-event-8ce47c82c1536c6b2502183b,latentatlas_action_time_masked_evidence_adapter_v1,,,,,,,,,,
review-backfill-ee49d469dfedb61154c69636,real-shadow-event-8d3d2219cac66c33f8ccf14f,latentatlas_action_time_masked_evidence_adapter_v1,,,,,,,,,,
review-backfill-350517f1ed871ca570e2f440,real-shadow-event-8d467bb6d9c00eb3219a5303,latentatlas_action_time_masked_evidence_adapter_v1,,,,,,,,,,
review-backfill-9eed79c8417d39668c39b3d4,real-shadow-event-8dac2b2db12353ab080165c7,latentatlas_action_time_masked_evidence_adapter_v1,,,,,,,,,,
review-backfill-42386bf3adee9b85f23e903b,real-shadow-event-8df436e69f6df898114decab,latentatlas_action_time_masked_evidence_adapter_v1,,,,,,,,,,
review-backfill-ce91c89caaef165a03b4bdff,real-shadow-event-8e38c57b8599c59ae84d843d,latentatlas_action_time_masked_evidence_adapter_v1,,,,,,,,,,
review-backfill-15e8ea29eef851c6309cc44d,real-shadow-event-8e7ff0cbade2e4a5bd9042e1,latentatlas_action_time_masked_evidence_adapter_v1,,,,,,,,,,
review-backfill-7454815b3892d237400309c4,real-shadow-event-8f34d552ac82748905080c35,latentatlas_action_time_masked_evidence_adapter_v1,,,,,,,,,,
review-backfill-8d1cb5a22870f51d4e52e317,real-shadow-event-8fc23295636263d10a9c577b,latentatlas_action_time_masked_evidence_adapter_v1,,,,,,,,,,
review-backfill-e2235c3d8a43cb551d1c5325,real-shadow-event-8fdd322fe57333e1ce31fceb,latentatlas_action_time_masked_evidence_adapter_v1,,,,,,,,,,
review-backfill-fb3670bf99a3d5eb46901495,real-shadow-event-9068882ea38f3a4a3899bc34,latentatlas_action_time_masked_evidence_adapter_v1,,,,,,,,,,
review-backfill-8315a342ba02304ae213eb92,real-shadow-event-90d0c3c22af184ae02319ee0,latentatlas_action_time_masked_evidence_adapter_v1,,,,,,,,,,
review-backfill-7a75cc275a8008b4138bc904,real-shadow-event-913bd9ccdfc33eda39f79cd5,latentatlas_action_time_masked_evidence_adapter_v1,,,,,,,,,,
review-backfill-edd8b058af5720a1d33e74ca,real-shadow-event-915827a078c72866b4b757ca,latentatlas_action_time_masked_evidence_adapter_v1,,,,,,,,,,
review-backfill-0c0ce3adfaa906c8ff96dc66,real-shadow-event-91663a13307fa320510e6464,latentatlas_action_time_masked_evidence_adapter_v1,,,,,,,,,,
review-backfill-846d0868b586b751679f08fa,real-shadow-event-91893500adf4f6d2b161bd9c,latentatlas_action_time_masked_evidence_adapter_v1,,,,,,,,,,
review-backfill-21447bb28d2e8dee29c6594a,real-shadow-event-919efc083a106ba80669deb9,latentatlas_action_time_masked_evidence_adapter_v1,,,,,,,,,,
review-backfill-a1d6d419edb647098b2e60b8,real-shadow-event-91ad13f60bada2b1242839e2,latentatlas_action_time_masked_evidence_adapter_v1,,,,,,,,,,
review-backfill-69a15df311a3c0c80512d2b0,real-shadow-event-91b7685dc20af93dc7661f0b,latentatlas_action_time_masked_evidence_adapter_v1,,,,,,,,,,
review-backfill-a660a352449f3256eebc7324,real-shadow-event-91c45b11953b2713ea4bd96a,latentatlas_action_time_masked_evidence_adapter_v1,,,,,,,,,,
review-backfill-901b03c2f498a8f548cbe968,real-shadow-event-91c5aee28077f0597fee08b5,latentatlas_action_time_masked_evidence_adapter_v1,,,,,,,,,,
review-backfill-931ed0c26b776f298105713d,real-shadow-event-9229d8f078687295d91d9fc0,latentatlas_action_time_masked_evidence_adapter_v1,,,,,,,,,,
review-backfill-6d57861e032b81a4e4677efc,real-shadow-event-92e9b1ff9fc5cacb07e0d375,latentatlas_action_time_masked_evidence_adapter_v1,,,,,,,,,,
review-backfill-2675f2de5c84a2a57f9d10e1,real-shadow-event-92effbc10ce1450fbd967018,latentatlas_action_time_masked_evidence_adapter_v1,,,,,,,,,,
review-backfill-4d6977e5128ce45695c7a8e2,real-shadow-event-93242e7a2b77b70c390180b3,latentatlas_action_time_masked_evidence_adapter_v1,,,,,,,,,,
review-backfill-523b44a031b9ed9d7d4ca1e2,real-shadow-event-9344fcf6392dabc7e153e148,latentatlas_action_time_masked_evidence_adapter_v1,,,,,,,,,,
review-backfill-627701496247719ed51a0d70,real-shadow-event-936a1f698a175423ce8bf465,latentatlas_action_time_masked_evidence_adapter_v1,,,,,,,,,,
review-backfill-1cef7600a39101054c6400a6,real-shadow-event-936db4fbff76ce78953f8fc1,latentatlas_action_time_masked_evidence_adapter_v1,,,,,,,,,,
review-backfill-58e90fde7a05295281957b17,real-shadow-event-936ecd3a186be549d4edc341,latentatlas_action_time_masked_evidence_adapter_v1,,,,,,,,,,
review-backfill-d310f467e895c5fee045934d,real-shadow-event-9380a37ef464c482f8391c8d,latentatlas_action_time_masked_evidence_adapter_v1,,,,,,,,,,
review-backfill-e8bcb70462e32027d6ac79bf,real-shadow-event-93fadfeb834ff8da1dc74925,latentatlas_action_time_masked_evidence_adapter_v1,,,,,,,,,,
review-backfill-87095d15d6b787f53b1a6536,real-shadow-event-94095877a4b90351493b3862,latentatlas_action_time_masked_evidence_adapter_v1,,,,,,,,,,
review-backfill-ed286cd8f907711565192357,real-shadow-event-942fa60ef1836f8d5c38eb2a,latentatlas_action_time_masked_evidence_adapter_v1,,,,,,,,,,
review-backfill-6389de8960328802f39035f8,real-shadow-event-944aa5ea547ce9b0d611b5a1,latentatlas_action_time_masked_evidence_adapter_v1,,,,,,,,,,
review-backfill-fa0e1f7462e414ef36abc278,real-shadow-event-94a9ea3b564c5059f0af8f02,latentatlas_action_time_masked_evidence_adapter_v1,,,,,,,,,,
review-backfill-7edb531c098ccfdae3e80018,real-shadow-event-94d4b9eba31227f70e8a9b89,latentatlas_action_time_masked_evidence_adapter_v1,,,,,,,,,,
review-backfill-83f777d8239abdd0c26f000c,real-shadow-event-94d5b5068a9407fa3f500e3b,latentatlas_action_time_masked_evidence_adapter_v1,,,,,,,,,,
review-backfill-aacf2ef77554bca2e4184398,real-shadow-event-94e0cc3b7e3eb0255873c697,latentatlas_action_time_masked_evidence_adapter_v1,,,,,,,,,,
review-backfill-649e3692c8b918e29904cb8c,real-shadow-event-94e0ff74ecdbe4e653319daa,latentatlas_action_time_masked_evidence_adapter_v1,,,,,,,,,,
review-backfill-469f1cdcc31eaeaf0fc7ee9d,real-shadow-event-950606f3e37b0bf02902074a,latentatlas_action_time_masked_evidence_adapter_v1,,,,,,,,,,
review-backfill-b0b8bfe0d45c3e073c8f1ca2,real-shadow-event-95200248a588d7792fa2d4db,latentatlas_action_time_masked_evidence_adapter_v1,,,,,,,,,,
review-backfill-abc8ea2fa6c9178adcf5b698,real-shadow-event-9532ef0ac1f92dcd925d99fc,latentatlas_action_time_masked_evidence_adapter_v1,,,,,,,,,,
review-backfill-75bdeb5fc11bb2685f794949,real-shadow-event-954939bd0b93b7a51c8b183c,latentatlas_action_time_masked_evidence_adapter_v1,,,,,,,,,,
review-backfill-0218c015ecc17a784820dadb,real-shadow-event-9597eb5d1ffccc25e0774879,latentatlas_action_time_masked_evidence_adapter_v1,,,,,,,,,,
review-backfill-432f8d37c22c457c62b5575c,real-shadow-event-95a2ecc66b2e1e71c6a5e7fe,latentatlas_action_time_masked_evidence_adapter_v1,,,,,,,,,,
review-backfill-c0de0ba374df75ea76e7b022,real-shadow-event-95b89c1eeb07b5eb855df577,latentatlas_action_time_masked_evidence_adapter_v1,,,,,,,,,,
review-backfill-f2cede52121d014147a3f908,real-shadow-event-95e4d71591bc6dcb585ceb9e,latentatlas_action_time_masked_evidence_adapter_v1,,,,,,,,,,
review-backfill-eed294b952e266411d65988d,real-shadow-event-963e178c3ae097650380bf07,latentatlas_action_time_masked_evidence_adapter_v1,,,,,,,,,,
review-backfill-32f4a949a0cc9138de2a2014,real-shadow-event-96a5f8714a7d41698bf31251,latentatlas_action_time_masked_evidence_adapter_v1,,,,,,,,,,
review-backfill-1bfbe66292e8242d38257ea6,real-shadow-event-971deed278e8e689c98a0363,latentatlas_action_time_masked_evidence_adapter_v1,,,,,,,,,,
review-backfill-59406c5540d5f002b787fece,real-shadow-event-972661e1d227034ba1f07834,latentatlas_action_time_masked_evidence_adapter_v1,,,,,,,,,,
review-backfill-9cc03876f2a956f930d66f00,real-shadow-event-9732cba7feae3bdda70d8175,latentatlas_action_time_masked_evidence_adapter_v1,,,,,,,,,,
review-backfill-386c25ee231e70c8447c4fc6,real-shadow-event-976d64e812c2656286c82f6f,latentatlas_action_time_masked_evidence_adapter_v1,,,,,,,,,,
review-backfill-68a71e2a97a9505a5dedc38d,real-shadow-event-978e0f80212e8dcbe3e1a555,latentatlas_action_time_masked_evidence_adapter_v1,,,,,,,,,,
review-backfill-a7c7ea0d4b40d75d77fd9193,real-shadow-event-97ae962de52ac855c124e724,latentatlas_action_time_masked_evidence_adapter_v1,,,,,,,,,,
review-backfill-4bea659bc79c6faadf535219,real-shadow-event-97d0e84a36d15830ea7fb022,latentatlas_action_time_masked_evidence_adapter_v1,,,,,,,,,,
review-backfill-8c1ee7c1e822049682bf2ebc,real-shadow-event-9859b52c813907473c6cbeb0,latentatlas_action_time_masked_evidence_adapter_v1,,,,,,,,,,
review-backfill-87d1094a05f72d77c470b82e,real-shadow-event-98a2d92effcc760c23ff9e23,latentatlas_action_time_masked_evidence_adapter_v1,,,,,,,,,,
review-backfill-fd519f61336d3fc3668c4739,real-shadow-event-98b88dcd93853c58301053cb,latentatlas_action_time_masked_evidence_adapter_v1,,,,,,,,,,
review-backfill-9f2945ed53c59546bbb4b052,real-shadow-event-98edf998246507bc161b4e9b,latentatlas_action_time_masked_evidence_adapter_v1,,,,,,,,,,
review-backfill-8a4748f360878f9f6c9e1356,real-shadow-event-98f2cf335165f76b2f5d2291,latentatlas_action_time_masked_evidence_adapter_v1,,,,,,,,,,
review-backfill-d1250f790bf6bd5087b3add4,real-shadow-event-993d4c5f0aff36c5edc407e6,latentatlas_action_time_masked_evidence_adapter_v1,,,,,,,,,,
review-backfill-3b5f2296533b66f53e36d1a9,real-shadow-event-994c571b787d4f8ae7d771ff,latentatlas_action_time_masked_evidence_adapter_v1,,,,,,,,,,
review-backfill-47cd7c9b8cf138e4639f9919,real-shadow-event-995c1cdea4c4bd45f8ecbd54,latentatlas_action_time_masked_evidence_adapter_v1,,,,,,,,,,
review-backfill-3d0da1fc3bacdc96a053b01e,real-shadow-event-9960478c34a7a775195968ba,latentatlas_action_time_masked_evidence_adapter_v1,,,,,,,,,,
review-backfill-ff10cdb14d1d961fa7d3707f,real-shadow-event-996eec06560ad783e13e0b2b,latentatlas_action_time_masked_evidence_adapter_v1,,,,,,,,,,
review-backfill-77ee322fcfc6c5b27d355539,real-shadow-event-99753e551371ea18aec8ffa8,latentatlas_action_time_masked_evidence_adapter_v1,,,,,,,,,,
review-backfill-b02437fe626f9e74b78ee357,real-shadow-event-997bb3114ccbde42492bcf3a,latentatlas_action_time_masked_evidence_adapter_v1,,,,,,,,,,
review-backfill-9a34b19a061ffddcfcb9fc31,real-shadow-event-9991e1b1d62350719999d5cc,latentatlas_action_time_masked_evidence_adapter_v1,,,,,,,,,,
review-backfill-8b2bba74e9ee5aade1f03822,real-shadow-event-99bf012eb390d917886b7bbe,latentatlas_action_time_masked_evidence_adapter_v1,,,,,,,,,,
review-backfill-263e91a8e623c8fdb0b9870e,real-shadow-event-99d712e8854eb67d3edb4569,latentatlas_action_time_masked_evidence_adapter_v1,,,,,,,,,,
review-backfill-2c8b8b3584fa418114625d31,real-shadow-event-99db306a1a3b78597e9e6881,latentatlas_action_time_masked_evidence_adapter_v1,,,,,,,,,,
review-backfill-2cd7236bc7cc04769e379dc4,real-shadow-event-99fd985d7fcf13f8b7786d5d,latentatlas_action_time_masked_evidence_adapter_v1,,,,,,,,,,
review-backfill-f3dc9a31f22f37344c475883,real-shadow-event-9a1e37a17c807d8b4b10fc65,latentatlas_action_time_masked_evidence_adapter_v1,,,,,,,,,,
review-backfill-b1834fb2de7aea86b4c846cd,real-shadow-event-9a2ecc715aedb723e948cb1a,latentatlas_action_time_masked_evidence_adapter_v1,,,,,,,,,,
review-backfill-d22374dcdf086f93bd986a8b,real-shadow-event-9a2f0d97fa2e8eb90f3e2482,latentatlas_action_time_masked_evidence_adapter_v1,,,,,,,,,,
review-backfill-eea2eb120945bfe419560981,real-shadow-event-9a35e33e4e74d14f2540899c,latentatlas_action_time_masked_evidence_adapter_v1,,,,,,,,,,
review-backfill-3290f23cce4b73d1b4d59706,real-shadow-event-9a53ffcdc40ce746dc2bfe99,latentatlas_action_time_masked_evidence_adapter_v1,,,,,,,,,,
review-backfill-3d64fdb7a1a076b740850899,real-shadow-event-9aa7a899de01c9458fef716d,latentatlas_action_time_masked_evidence_adapter_v1,,,,,,,,,,
review-backfill-edcdeabec4b89270730ba530,real-shadow-event-9ab6c58900a013edb7c1d10b,latentatlas_action_time_masked_evidence_adapter_v1,,,,,,,,,,
review-backfill-dcf186fabcd35b01f8df37d5,real-shadow-event-9abdfba8bccc631273809050,latentatlas_action_time_masked_evidence_adapter_v1,,,,,,,,,,
review-backfill-4d471b91028e0bf54b75e59b,real-shadow-event-9b08bb9f821d1f40fb4c4c01,latentatlas_action_time_masked_evidence_adapter_v1,,,,,,,,,,
review-backfill-1c815a38a9058e6b639b8da0,real-shadow-event-9b30adbb00531d14fecd81e5,latentatlas_action_time_masked_evidence_adapter_v1,,,,,,,,,,
review-backfill-044d5431c647a1c74dfd3877,real-shadow-event-9b43d998a6c9c4d614ddb178,latentatlas_action_time_masked_evidence_adapter_v1,,,,,,,,,,
review-backfill-176d3a04b8b3a18c65541e1f,real-shadow-event-9b82817dcc1e7a372894f39b,latentatlas_action_time_masked_evidence_adapter_v1,,,,,,,,,,
review-backfill-1b18acc63ffc71ec656f3c2f,real-shadow-event-9bc6d046b274008f9e6496d4,latentatlas_action_time_masked_evidence_adapter_v1,,,,,,,,,,
review-backfill-cace702f17162f9027aa6229,real-shadow-event-9beb256ab5272489ab360fb9,latentatlas_action_time_masked_evidence_adapter_v1,,,,,,,,,,
review-backfill-b92bb0580377ced1faec699e,real-shadow-event-9c0b2289ef2f1f1b4c677217,latentatlas_action_time_masked_evidence_adapter_v1,,,,,,,,,,
review-backfill-939d9b1aa643b705c1e42f8d,real-shadow-event-9c22f507e9d289604ab91664,latentatlas_action_time_masked_evidence_adapter_v1,,,,,,,,,,
review-backfill-d4a191b132f7a46a4b4e5638,real-shadow-event-9c66624df0c84418b6fa8272,latentatlas_action_time_masked_evidence_adapter_v1,,,,,,,,,,
review-backfill-bae495bd639a97013357416b,real-shadow-event-9c732c4b1b20ebd2d2c4bd41,latentatlas_action_time_masked_evidence_adapter_v1,,,,,,,,,,
review-backfill-6940f7cec38a50036d694028,real-shadow-event-9c783e58927c600b0ead7bf7,latentatlas_action_time_masked_evidence_adapter_v1,,,,,,,,,,
review-backfill-cc412a56435c264446f95082,real-shadow-event-9cf1d3a532b72be020f03642,latentatlas_action_time_masked_evidence_adapter_v1,,,,,,,,,,
review-backfill-88e6abcccf32985b0cb6ae71,real-shadow-event-9d15da38e1fd694c2e1e005d,latentatlas_action_time_masked_evidence_adapter_v1,,,,,,,,,,
review-backfill-a238c6840ed033954bf278e8,real-shadow-event-9d44cf301d3d05e044777fcf,latentatlas_action_time_masked_evidence_adapter_v1,,,,,,,,,,
review-backfill-627567317e0c12be6dc5dabb,real-shadow-event-9d6c1b05654584e1d6086389,latentatlas_action_time_masked_evidence_adapter_v1,,,,,,,,,,
review-backfill-4d44b545ab4636fd443856c2,real-shadow-event-9d725f2c879550a6d8e0b6c4,latentatlas_action_time_masked_evidence_adapter_v1,,,,,,,,,,
review-backfill-b0dfeaaca1b5099d0127c0b8,real-shadow-event-9d9e41c705340c0e6601bd8f,latentatlas_action_time_masked_evidence_adapter_v1,,,,,,,,,,
review-backfill-4aeee06afaf0caf0219a3b7a,real-shadow-event-9dae5fa54e5ec101c1932bce,latentatlas_action_time_masked_evidence_adapter_v1,,,,,,,,,,
review-backfill-8c7126e6ddc2a9a1d7c81d82,real-shadow-event-9dec2a7da66bef92f31a9c0d,latentatlas_action_time_masked_evidence_adapter_v1,,,,,,,,,,
review-backfill-87a11a92d7b1c60c48138208,real-shadow-event-9dedbbfb91587b7b897a1a59,latentatlas_action_time_masked_evidence_adapter_v1,,,,,,,,,,
review-backfill-e562df9bf578b31d29d9c724,real-shadow-event-9e127b011e9c7f9400766124,latentatlas_action_time_masked_evidence_adapter_v1,,,,,,,,,,
review-backfill-7d218ff39257baebf6937ad7,real-shadow-event-9e17aa63ce8544a1ea5422bb,latentatlas_action_time_masked_evidence_adapter_v1,,,,,,,,,,
review-backfill-d01363e576e27c84f29c7930,real-shadow-event-9ebb22c79df4e7d7aaac108d,latentatlas_action_time_masked_evidence_adapter_v1,,,,,,,,,,
review-backfill-934cfec4e54222997ccf695e,real-shadow-event-9edf362c3f4ab9a28b155aab,latentatlas_action_time_masked_evidence_adapter_v1,,,,,,,,,,
review-backfill-191021064c415db3c6f038d0,real-shadow-event-9ee11226ee8047ec1a952af0,latentatlas_action_time_masked_evidence_adapter_v1,,,,,,,,,,
review-backfill-f1ff5338790cb7844b9ce1ad,real-shadow-event-9f4aae2305310a824ee35abc,latentatlas_action_time_masked_evidence_adapter_v1,,,,,,,,,,
review-backfill-2885ff49f76a31abc338debf,real-shadow-event-9f780fc0662d2f3f692ac209,latentatlas_action_time_masked_evidence_adapter_v1,,,,,,,,,,
review-backfill-afc52ab469a39422a95b66c1,real-shadow-event-9faf8983f163143ec61a7197,latentatlas_action_time_masked_evidence_adapter_v1,,,,,,,,,,
review-backfill-64c3be51878492bda57e20e1,real-shadow-event-9fda32c1c2797dc072a12375,latentatlas_action_time_masked_evidence_adapter_v1,,,,,,,,,,
review-backfill-c92aa8f797af09b318bebc9d,real-shadow-event-9fdb1796b241e5158fb4e7b8,latentatlas_action_time_masked_evidence_adapter_v1,,,,,,,,,,
review-backfill-ab63f5472bd634ac4b3d91b7,real-shadow-event-9ff48d5d5d71b65e98ab591a,latentatlas_action_time_masked_evidence_adapter_v1,,,,,,,,,,
review-backfill-d5726a3d34d4daa463d2f04a,real-shadow-event-a039ebd246f799881be6a38b,latentatlas_action_time_masked_evidence_adapter_v1,,,,,,,,,,
review-backfill-76d562657e6725925ea1c911,real-shadow-event-a03f8c5a0382bbd53c67f7f4,latentatlas_action_time_masked_evidence_adapter_v1,,,,,,,,,,
review-backfill-4d10a333d3cc30f2854b9883,real-shadow-event-a0678b9cd7f2420eee090446,latentatlas_action_time_masked_evidence_adapter_v1,,,,,,,,,,
review-backfill-9794efe337c811397115252a,real-shadow-event-a08c2d30aa7e1976aa6ef801,latentatlas_action_time_masked_evidence_adapter_v1,,,,,,,,,,
review-backfill-65315d6ad2bcd8cae0eeec40,real-shadow-event-a093900c548d204d2af9a3ee,latentatlas_action_time_masked_evidence_adapter_v1,,,,,,,,,,
review-backfill-c196c6b1473f37a9d2f1e88c,real-shadow-event-a09c12d945209f79222beadb,latentatlas_action_time_masked_evidence_adapter_v1,,,,,,,,,,
review-backfill-89d3e578cbc799f7390fd055,real-shadow-event-a10932bd796af62f68f50f5c,latentatlas_action_time_masked_evidence_adapter_v1,,,,,,,,,,
review-backfill-7d9f00e0ab0a31f734d37e6c,real-shadow-event-a1183ab058c27c5989e00e9c,latentatlas_action_time_masked_evidence_adapter_v1,,,,,,,,,,
review-backfill-8e94ad756cb9f1e7425b6ed9,real-shadow-event-a11bd8c5850c020c85b179ee,latentatlas_action_time_masked_evidence_adapter_v1,,,,,,,,,,
review-backfill-7e1097137452f546d54880dc,real-shadow-event-a18448b67ef2454fe6a97d13,latentatlas_action_time_masked_evidence_adapter_v1,,,,,,,,,,
review-backfill-3183d2a0e74d9da9ba750651,real-shadow-event-a18a486036bdf44b4a9f235b,latentatlas_action_time_masked_evidence_adapter_v1,,,,,,,,,,
review-backfill-b7327dea0a413629e3e5a61d,real-shadow-event-a1e70cf9d43ad15fa115e965,latentatlas_action_time_masked_evidence_adapter_v1,,,,,,,,,,
review-backfill-0bd42c8e9ecace9543a7ca6f,real-shadow-event-a248627653b4b15364d00f29,latentatlas_action_time_masked_evidence_adapter_v1,,,,,,,,,,
review-backfill-122d875efa1d907f98688fbb,real-shadow-event-a24eaaa0bd71faae85c42823,latentatlas_action_time_masked_evidence_adapter_v1,,,,,,,,,,
review-backfill-4fefab227602ea56a826e17b,real-shadow-event-a2daa681b5aefebe5f411a1e,latentatlas_action_time_masked_evidence_adapter_v1,,,,,,,,,,
review-backfill-cf8620ab645d91f5df23b3a7,real-shadow-event-a33765e14ee1559bc70ad164,latentatlas_action_time_masked_evidence_adapter_v1,,,,,,,,,,
review-backfill-fcedf65c71c00fd5a6443769,real-shadow-event-a35c96208005f211b6e13bea,latentatlas_action_time_masked_evidence_adapter_v1,,,,,,,,,,
review-backfill-ec6ff5a4f20f4522e9ec5e24,real-shadow-event-a366b2f33b21830ab6fa289e,latentatlas_action_time_masked_evidence_adapter_v1,,,,,,,,,,
review-backfill-b85cd641238b3bd534bb17aa,real-shadow-event-a38a1315c259307a6390e7a1,latentatlas_action_time_masked_evidence_adapter_v1,,,,,,,,,,
review-backfill-c1a127552bd9890f34a4dd39,real-shadow-event-a39a905fd7fbd7778685e07a,latentatlas_action_time_masked_evidence_adapter_v1,,,,,,,,,,
review-backfill-71fe651cf52233c9dd0091d9,real-shadow-event-a3da230adabd5b9d35b2ace7,latentatlas_action_time_masked_evidence_adapter_v1,,,,,,,,,,
review-backfill-2c9d43503e08376060160bf8,real-shadow-event-a4645f391f94dd47b4ddbde1,latentatlas_action_time_masked_evidence_adapter_v1,,,,,,,,,,
review-backfill-b928db30bcaad9fe0481ee2d,real-shadow-event-a47061d8e8a444ac07c0bcf1,latentatlas_action_time_masked_evidence_adapter_v1,,,,,,,,,,
review-backfill-2511b8d01702eb10f790196c,real-shadow-event-a48d814da560953f23b6efbf,latentatlas_action_time_masked_evidence_adapter_v1,,,,,,,,,,
review-backfill-cabb49470144bf7aa9522d1c,real-shadow-event-a4b00d43e264c4e70661d78a,latentatlas_action_time_masked_evidence_adapter_v1,,,,,,,,,,
review-backfill-5aa32d6777f5dbc4b725d635,real-shadow-event-a4cd2a0e5250aa885b25d9d4,latentatlas_action_time_masked_evidence_adapter_v1,,,,,,,,,,
review-backfill-1a32eca25686bb013d2c50d1,real-shadow-event-a4f8c12d72ca572f3e3f8137,latentatlas_action_time_masked_evidence_adapter_v1,,,,,,,,,,
review-backfill-5fa03713370c8fe7b5e8bf95,real-shadow-event-a52718ab676306e77492af9c,latentatlas_action_time_masked_evidence_adapter_v1,,,,,,,,,,
review-backfill-d877d9f275737cde13ffdb0a,real-shadow-event-a5321a38ef40af117d5d68bf,latentatlas_action_time_masked_evidence_adapter_v1,,,,,,,,,,
review-backfill-4027dddac3c40f1089653673,real-shadow-event-a5334a77672d6aa7352f2d3c,latentatlas_action_time_masked_evidence_adapter_v1,,,,,,,,,,
review-backfill-3f7c3f5fb620231f935d8fe0,real-shadow-event-a5ac5a0116937eec9ac91cca,latentatlas_action_time_masked_evidence_adapter_v1,,,,,,,,,,
review-backfill-06f0883509114438a5a35fd5,real-shadow-event-a5f55379c88ed9af87019f68,latentatlas_action_time_masked_evidence_adapter_v1,,,,,,,,,,
review-backfill-f6d6c6fda5b00ffa98a2791f,real-shadow-event-a6051557b9fc8045000b9ce1,latentatlas_action_time_masked_evidence_adapter_v1,,,,,,,,,,
review-backfill-2ee3529676b8b61598bb2884,real-shadow-event-a655b7e0d86301248a4a122e,latentatlas_action_time_masked_evidence_adapter_v1,,,,,,,,,,
review-backfill-344c2fc8c5c9aefedae39bbf,real-shadow-event-a693af325e194900a16bb991,latentatlas_action_time_masked_evidence_adapter_v1,,,,,,,,,,
review-backfill-247e5f919279a1c93afd246c,real-shadow-event-a6a8844a5ce085c205720671,latentatlas_action_time_masked_evidence_adapter_v1,,,,,,,,,,
review-backfill-03826af226348ccef6350f2e,real-shadow-event-a6cb10e05e2f90a033734899,latentatlas_action_time_masked_evidence_adapter_v1,,,,,,,,,,
review-backfill-05a45d636b99664d66e54717,real-shadow-event-a787965641c404d0a33e6591,latentatlas_action_time_masked_evidence_adapter_v1,,,,,,,,,,
review-backfill-f2809e2a7348f8b489da6e5d,real-shadow-event-a7ad2659ae966af370db5059,latentatlas_action_time_masked_evidence_adapter_v1,,,,,,,,,,
review-backfill-e4403960fe30c43b79bd3d48,real-shadow-event-a7b88cf2ee4c49628728370a,latentatlas_action_time_masked_evidence_adapter_v1,,,,,,,,,,
review-backfill-f900b50f0a52a53043b2de8d,real-shadow-event-a7c3e6214f4f2299722c2636,latentatlas_action_time_masked_evidence_adapter_v1,,,,,,,,,,
review-backfill-2d1b5aa3ca180e7ce7987282,real-shadow-event-a7cca03b0aa533f8964bf82f,latentatlas_action_time_masked_evidence_adapter_v1,,,,,,,,,,
review-backfill-961bf0018aa93c0c2aa972bb,real-shadow-event-a7d8952440d6aebcf2f2896f,latentatlas_action_time_masked_evidence_adapter_v1,,,,,,,,,,
review-backfill-601528a137eac3f9b4dc7fa9,real-shadow-event-a7e14f11ead4c1c2ab48c911,latentatlas_action_time_masked_evidence_adapter_v1,,,,,,,,,,
review-backfill-37d110712d253469e8644d55,real-shadow-event-a80441683c2749cc2af5dbd4,latentatlas_action_time_masked_evidence_adapter_v1,,,,,,,,,,
review-backfill-6313144326d78ced54410ecc,real-shadow-event-a81fa6632d7c53ed1f1fb6b4,latentatlas_action_time_masked_evidence_adapter_v1,,,,,,,,,,
review-backfill-6a68048b5a1184d13052ff1a,real-shadow-event-a8910d68b6a9853be6f258eb,latentatlas_action_time_masked_evidence_adapter_v1,,,,,,,,,,
review-backfill-c54aa09632f960359d84bbdd,real-shadow-event-a894d9ef6ccbf0ab861aa109,latentatlas_action_time_masked_evidence_adapter_v1,,,,,,,,,,
review-backfill-d4a15b4c91a857d4dc16995d,real-shadow-event-a935f0004911c6a0f7ca9bd6,latentatlas_action_time_masked_evidence_adapter_v1,,,,,,,,,,
review-backfill-80314081ab7873e178000897,real-shadow-event-a9418122bbaa650fa327cc21,latentatlas_action_time_masked_evidence_adapter_v1,,,,,,,,,,
review-backfill-c15aef4de484365826a04559,real-shadow-event-a96b15482b154711f169315b,latentatlas_action_time_masked_evidence_adapter_v1,,,,,,,,,,
review-backfill-a23904c0b192357b0093a714,real-shadow-event-a979859cb6840b5eec817659,latentatlas_action_time_masked_evidence_adapter_v1,,,,,,,,,,
review-backfill-434438fa1f3553bfb47db062,real-shadow-event-a97bf3eb03cf1981a4527440,latentatlas_action_time_masked_evidence_adapter_v1,,,,,,,,,,
review-backfill-98144c2768ac246851d7e80d,real-shadow-event-a984e2958e80e0abb92e5c01,latentatlas_action_time_masked_evidence_adapter_v1,,,,,,,,,,
review-backfill-f1bb2f9174182f97dd594f3a,real-shadow-event-aa07cddaf40819899e982a87,latentatlas_action_time_masked_evidence_adapter_v1,,,,,,,,,,
review-backfill-abd55663a4c84b5c8cd09c53,real-shadow-event-aa091e725d705e1ac0b8cbeb,latentatlas_action_time_masked_evidence_adapter_v1,,,,,,,,,,
review-backfill-8b41be2053fcd75e23f4d65a,real-shadow-event-aa31b46139ab5f5057c6311d,latentatlas_action_time_masked_evidence_adapter_v1,,,,,,,,,,
review-backfill-7a05f8dfe4b75fab0a45a64f,real-shadow-event-aa8482ce604d4f252b1855c8,latentatlas_action_time_masked_evidence_adapter_v1,,,,,,,,,,
review-backfill-20dc2fc8ca7ea4049995a6db,real-shadow-event-aa9aa03a553502bc3d1792ce,latentatlas_action_time_masked_evidence_adapter_v1,,,,,,,,,,
review-backfill-c9aecacc3ec80534cf6e7773,real-shadow-event-aaa1e30788c6e65b18d21d15,latentatlas_action_time_masked_evidence_adapter_v1,,,,,,,,,,
review-backfill-6eef60ffd5c4140dc57c1162,real-shadow-event-aaba1273b6334afb307e6efe,latentatlas_action_time_masked_evidence_adapter_v1,,,,,,,,,,
review-backfill-45bc152e031cd81d89457ff1,real-shadow-event-aaca60cb6650957af3c636e9,latentatlas_action_time_masked_evidence_adapter_v1,,,,,,,,,,
review-backfill-067cb24ea7af355705fe9752,real-shadow-event-aae2d8c632dc0aad17fc2108,latentatlas_action_time_masked_evidence_adapter_v1,,,,,,,,,,
review-backfill-d5afbe6cce185ffc16b3ff2b,real-shadow-event-ab10d43915aab9310619a1f5,latentatlas_action_time_masked_evidence_adapter_v1,,,,,,,,,,
review-backfill-4792ba96813742046239ec15,real-shadow-event-ab34f189e028822f1ed0ad29,latentatlas_action_time_masked_evidence_adapter_v1,,,,,,,,,,
review-backfill-dd45ca52cdd71ff8fb8a73fe,real-shadow-event-ab42a34e9624a44a74f34624,latentatlas_action_time_masked_evidence_adapter_v1,,,,,,,,,,
review-backfill-eb3b9126922ddc3543e37bd8,real-shadow-event-ab4392a20263eeccbecbec55,latentatlas_action_time_masked_evidence_adapter_v1,,,,,,,,,,
review-backfill-404b738f5724e35387859558,real-shadow-event-ab572f21e0b7e0c212b16a85,latentatlas_action_time_masked_evidence_adapter_v1,,,,,,,,,,
review-backfill-28533ba1950e7e962b384299,real-shadow-event-ab62631c8de7a64adb63e79f,latentatlas_action_time_masked_evidence_adapter_v1,,,,,,,,,,
review-backfill-8edec89ef689a341af708927,real-shadow-event-aba86d1bb182db1c198cc01e,latentatlas_action_time_masked_evidence_adapter_v1,,,,,,,,,,
review-backfill-edf7f2a0955996a8dea6af57,real-shadow-event-ac01dc769328f9d7e96e7403,latentatlas_action_time_masked_evidence_adapter_v1,,,,,,,,,,
review-backfill-6228299e0153a51109bbe0d1,real-shadow-event-ac14e6d27977119bf4db4c40,latentatlas_action_time_masked_evidence_adapter_v1,,,,,,,,,,
review-backfill-2e600736d3b9df9158aa7da8,real-shadow-event-ac150944c0e2d75556dd14f2,latentatlas_action_time_masked_evidence_adapter_v1,,,,,,,,,,
review-backfill-f8b9088076ed8d2b7517bc24,real-shadow-event-ac60ad7882a2bee1288afd42,latentatlas_action_time_masked_evidence_adapter_v1,,,,,,,,,,
review-backfill-ec003c2b170cf8a8c0b0ea5c,real-shadow-event-ac624524cd7861a785f98497,latentatlas_action_time_masked_evidence_adapter_v1,,,,,,,,,,
review-backfill-9028d4dc7e0b4f6cb3b67198,real-shadow-event-ac63f29f8625f04b06d7c9b9,latentatlas_action_time_masked_evidence_adapter_v1,,,,,,,,,,
review-backfill-35bd48217d9fc8b98e935ff5,real-shadow-event-ac6a054c2796a9975abba13b,latentatlas_action_time_masked_evidence_adapter_v1,,,,,,,,,,
review-backfill-2e8b6ba8a13c79dfeade5e97,real-shadow-event-ac82b347a948dbbe77345c95,latentatlas_action_time_masked_evidence_adapter_v1,,,,,,,,,,
review-backfill-bd6363630b9aaacd96a61c09,real-shadow-event-ac8c2a370c1ffd7718c0db76,latentatlas_action_time_masked_evidence_adapter_v1,,,,,,,,,,
review-backfill-0483f675a2849a2ef6fcaf35,real-shadow-event-aca01f47777b9f2df899e476,latentatlas_action_time_masked_evidence_adapter_v1,,,,,,,,,,
review-backfill-341113fef272d449700fd3a0,real-shadow-event-acb4fc03cce91d3645d34c78,latentatlas_action_time_masked_evidence_adapter_v1,,,,,,,,,,
review-backfill-6860296c549980246bd1f3f5,real-shadow-event-aceb75535f25661c9ad34407,latentatlas_action_time_masked_evidence_adapter_v1,,,,,,,,,,
review-backfill-8794b0a2cb8a2708f2578ebf,real-shadow-event-ad05d0497ddbc9fee222c5d4,latentatlas_action_time_masked_evidence_adapter_v1,,,,,,,,,,
review-backfill-3c87ca2a3d44537d53aa091b,real-shadow-event-ad20a20deb39f8d9d3ff52e4,latentatlas_action_time_masked_evidence_adapter_v1,,,,,,,,,,
review-backfill-429342165acdda990c8997b3,real-shadow-event-ad57d6e563c58f2414ad48a6,latentatlas_action_time_masked_evidence_adapter_v1,,,,,,,,,,
review-backfill-b2ae89eb62c235f099b8a1c3,real-shadow-event-ad6ac9182573fd6fe2979d73,latentatlas_action_time_masked_evidence_adapter_v1,,,,,,,,,,
review-backfill-4dfa5b002062aa08b9115143,real-shadow-event-adce6ed9ce7bb54d66de5f11,latentatlas_action_time_masked_evidence_adapter_v1,,,,,,,,,,
review-backfill-f3956a056a8f289f09c93b4a,real-shadow-event-addadae3c3cb84020c2be2fc,latentatlas_action_time_masked_evidence_adapter_v1,,,,,,,,,,
review-backfill-7cee161089660043e5dae871,real-shadow-event-ade7b299f5478f89e472b402,latentatlas_action_time_masked_evidence_adapter_v1,,,,,,,,,,
review-backfill-bb4f82d8b2c451fe0f5bd9f3,real-shadow-event-adf5bfda62697eba6be37f54,latentatlas_action_time_masked_evidence_adapter_v1,,,,,,,,,,
review-backfill-011296ee42f60dd573ccb725,real-shadow-event-adfb5c552a9e9f523462a066,latentatlas_action_time_masked_evidence_adapter_v1,,,,,,,,,,
review-backfill-1a217e7eb0de5602b370bf02,real-shadow-event-ae3354fe488b6bdd2e90d569,latentatlas_action_time_masked_evidence_adapter_v1,,,,,,,,,,
review-backfill-38170be51556d8efd18bc823,real-shadow-event-ae79055fa05c49d2c11f62a4,latentatlas_action_time_masked_evidence_adapter_v1,,,,,,,,,,
review-backfill-444358c408e172eb3475311d,real-shadow-event-ae7e5ed80a80a91359ded718,latentatlas_action_time_masked_evidence_adapter_v1,,,,,,,,,,
review-backfill-28d5de29cf1d812744aae348,real-shadow-event-aea21afaaf14edbe0ea4208c,latentatlas_action_time_masked_evidence_adapter_v1,,,,,,,,,,
review-backfill-27ddefcb4dbeaf894b9601f1,real-shadow-event-aebafcb8ed58305ec1c9a95e,latentatlas_action_time_masked_evidence_adapter_v1,,,,,,,,,,
review-backfill-4a08458a3f81e75c28b73769,real-shadow-event-aec2aec19dc8eacf384b9500,latentatlas_action_time_masked_evidence_adapter_v1,,,,,,,,,,
review-backfill-c91b50a61aec4f32f0e1de28,real-shadow-event-aed5d28f7e8b30f6415e67a1,latentatlas_action_time_masked_evidence_adapter_v1,,,,,,,,,,
review-backfill-4e0e3e6f52dc002983809675,real-shadow-event-aeecf5dfec88b343a57e4c56,latentatlas_action_time_masked_evidence_adapter_v1,,,,,,,,,,
review-backfill-548e1bf1d195aa51635663e3,real-shadow-event-af5c6be5791cc270866d5106,latentatlas_action_time_masked_evidence_adapter_v1,,,,,,,,,,
review-backfill-ba58d100182d0cb125cb65f7,real-shadow-event-af78d094495546b39c7aea36,latentatlas_action_time_masked_evidence_adapter_v1,,,,,,,,,,
review-backfill-aabf6ea847a4e1eee591aa2d,real-shadow-event-af8cc3b8361ea4ab1265c541,latentatlas_action_time_masked_evidence_adapter_v1,,,,,,,,,,
review-backfill-2abc46e572fa5fbab4c24504,real-shadow-event-afa1f715d9cf05f89c6bb9bf,latentatlas_action_time_masked_evidence_adapter_v1,,,,,,,,,,
review-backfill-d3ffa4763496954eb789d2a5,real-shadow-event-afaaff1b916e6f8d97b9cfce,latentatlas_action_time_masked_evidence_adapter_v1,,,,,,,,,,
review-backfill-b5d3b20fcc8214de76b200e9,real-shadow-event-afb277b3b149892f68a0309a,latentatlas_action_time_masked_evidence_adapter_v1,,,,,,,,,,
review-backfill-b9c656d358a74aec459bacb8,real-shadow-event-afcd8d2e22e66fec3c83870d,latentatlas_action_time_masked_evidence_adapter_v1,,,,,,,,,,
review-backfill-ee0e06538999e342432fb2b1,real-shadow-event-b017dd6ed3885ba853e2fa84,latentatlas_action_time_masked_evidence_adapter_v1,,,,,,,,,,
review-backfill-c6789eaaf7ec48e5d4fe4f12,real-shadow-event-b017f47d126aaa8f95b4981a,latentatlas_action_time_masked_evidence_adapter_v1,,,,,,,,,,
review-backfill-79010ecc0268f0fd958ad356,real-shadow-event-b01a4d905d4a6702ecb25def,latentatlas_action_time_masked_evidence_adapter_v1,,,,,,,,,,
review-backfill-a5bce8108d7ae85a7fd89e7e,real-shadow-event-b02950ffdf680b415b3fa719,latentatlas_action_time_masked_evidence_adapter_v1,,,,,,,,,,
review-backfill-0a2511d1d74f245fd2e964f7,real-shadow-event-b02d019a2f1296f79d4cc973,latentatlas_action_time_masked_evidence_adapter_v1,,,,,,,,,,
review-backfill-56e2429d631464e9e16ac6c1,real-shadow-event-b0739f53d177e7e79c6f2ca0,latentatlas_action_time_masked_evidence_adapter_v1,,,,,,,,,,
review-backfill-e2a10398039576973bfdb4df,real-shadow-event-b108b0a3987ee5a985c75d0d,latentatlas_action_time_masked_evidence_adapter_v1,,,,,,,,,,
review-backfill-81d248de143b302129c2c622,real-shadow-event-b10e72c4f59b8784a38dde57,latentatlas_action_time_masked_evidence_adapter_v1,,,,,,,,,,
review-backfill-b53169d3237f59ff5f6290f4,real-shadow-event-b151d6a008a01aafc2cf9aa9,latentatlas_action_time_masked_evidence_adapter_v1,,,,,,,,,,
review-backfill-59eac282815f2805b6331edd,real-shadow-event-b1a8825c9ac5c48d9e2378cc,latentatlas_action_time_masked_evidence_adapter_v1,,,,,,,,,,
review-backfill-5ce6a0e25fc73137e54305e9,real-shadow-event-b1ed326954df8dafb278e183,latentatlas_action_time_masked_evidence_adapter_v1,,,,,,,,,,
review-backfill-aad8197e109d8304b21180de,real-shadow-event-b2d945a54b6b816f34dac91d,latentatlas_action_time_masked_evidence_adapter_v1,,,,,,,,,,
review-backfill-3cbeabbafbe5f059152b219d,real-shadow-event-b2da8ff00a5f026044977e39,latentatlas_action_time_masked_evidence_adapter_v1,,,,,,,,,,
review-backfill-a995a3aee7dd2e38327cba6b,real-shadow-event-b35fd6315e62c0531d31708d,latentatlas_action_time_masked_evidence_adapter_v1,,,,,,,,,,
review-backfill-56e93a57ac78873e0f1a2bd0,real-shadow-event-b372badf71d7f6fdc77472c8,latentatlas_action_time_masked_evidence_adapter_v1,,,,,,,,,,
review-backfill-22b619ab3207e72d1649d233,real-shadow-event-b386cc980a2e37e10cc2dd29,latentatlas_action_time_masked_evidence_adapter_v1,,,,,,,,,,
review-backfill-8a82689665e865599c636794,real-shadow-event-b390f6e1c457c306b93ddbd1,latentatlas_action_time_masked_evidence_adapter_v1,,,,,,,,,,
review-backfill-daede34726089da3cf12df65,real-shadow-event-b3b1d77c266cfbd241373608,latentatlas_action_time_masked_evidence_adapter_v1,,,,,,,,,,
review-backfill-52b132c8efee8f829b5a064a,real-shadow-event-b3dcddf76908cc8e3b2b7707,latentatlas_action_time_masked_evidence_adapter_v1,,,,,,,,,,
review-backfill-7f388a6b98f30a53885feee0,real-shadow-event-b3ef3c735cde14e3ac797296,latentatlas_action_time_masked_evidence_adapter_v1,,,,,,,,,,
review-backfill-d04a9bf57aba5d325373695c,real-shadow-event-b40264049b972317107929f5,latentatlas_action_time_masked_evidence_adapter_v1,,,,,,,,,,
review-backfill-b82227e2b968db0c5832cca8,real-shadow-event-b40561113619a0e0ea1ab5f2,latentatlas_action_time_masked_evidence_adapter_v1,,,,,,,,,,
review-backfill-7f23466b2e2e0a1c7a775565,real-shadow-event-b42e19247c354547383ac30d,latentatlas_action_time_masked_evidence_adapter_v1,,,,,,,,,,
review-backfill-fb2a39b8486f0b07e2edeb32,real-shadow-event-b42e5f89af25748af638b1b9,latentatlas_action_time_masked_evidence_adapter_v1,,,,,,,,,,
review-backfill-9487142b5596172beba77adf,real-shadow-event-b46ae7a43d44c928c2329c9d,latentatlas_action_time_masked_evidence_adapter_v1,,,,,,,,,,
review-backfill-7e912c286e047a9001088062,real-shadow-event-b47b0958542f4a030f7002fc,latentatlas_action_time_masked_evidence_adapter_v1,,,,,,,,,,
review-backfill-a944909572cd31d8ec974fdd,real-shadow-event-b47c05076658d1f2ca709590,latentatlas_action_time_masked_evidence_adapter_v1,,,,,,,,,,
review-backfill-1c8bc5639ff25c6174daae40,real-shadow-event-b4deb4e3127fb741bbdcfc46,latentatlas_action_time_masked_evidence_adapter_v1,,,,,,,,,,
review-backfill-f7ef2b591cf07753ab6aff7b,real-shadow-event-b5047b575e68a1281258fb77,latentatlas_action_time_masked_evidence_adapter_v1,,,,,,,,,,
review-backfill-9a4b25de7f347d11849581af,real-shadow-event-b50794472587403acae82c50,latentatlas_action_time_masked_evidence_adapter_v1,,,,,,,,,,
review-backfill-426c76e1e2e8fb990cb2e24a,real-shadow-event-b50cc3c8ca87c0e06f1fc696,latentatlas_action_time_masked_evidence_adapter_v1,,,,,,,,,,
review-backfill-749f2130dcf5066ad17599b8,real-shadow-event-b52d10a6164fe00f6bb33744,latentatlas_action_time_masked_evidence_adapter_v1,,,,,,,,,,
review-backfill-e9a3293b9d59e2c1b865c658,real-shadow-event-b539f0fb4bc464a5c9c473e8,latentatlas_action_time_masked_evidence_adapter_v1,,,,,,,,,,
review-backfill-a8af11765ef6e92ae22e66aa,real-shadow-event-b557b4b06a685b0dc0b7973e,latentatlas_action_time_masked_evidence_adapter_v1,,,,,,,,,,
review-backfill-a803fe93cdab9854d5a7a382,real-shadow-event-b57b96d031c769e892f2f20b,latentatlas_action_time_masked_evidence_adapter_v1,,,,,,,,,,
review-backfill-c31d7f6e275dca2bb6c72679,real-shadow-event-b5d165bdfeff606573973306,latentatlas_action_time_masked_evidence_adapter_v1,,,,,,,,,,
review-backfill-65ca2753fa635359fe445ce2,real-shadow-event-b5fc74745fa295e0d32ce7df,latentatlas_action_time_masked_evidence_adapter_v1,,,,,,,,,,
review-backfill-eaf73940ca051e03db802bc6,real-shadow-event-b62fb67d3cbc02d16ee00a65,latentatlas_action_time_masked_evidence_adapter_v1,,,,,,,,,,
review-backfill-21781213aa5bf4d2132c4094,real-shadow-event-b6500a395dd58f3fa1e4a537,latentatlas_action_time_masked_evidence_adapter_v1,,,,,,,,,,
review-backfill-15b2d6cee80c33ed0ffc2045,real-shadow-event-b66a3c9b5d10cd2030add4b9,latentatlas_action_time_masked_evidence_adapter_v1,,,,,,,,,,
review-backfill-364d2882d037e335b2bfd88c,real-shadow-event-b68cc61e25f460749ad723e2,latentatlas_action_time_masked_evidence_adapter_v1,,,,,,,,,,
review-backfill-4962b87fd24dfd16d00907fc,real-shadow-event-b69865a2c0336dacbfd1b9c4,latentatlas_action_time_masked_evidence_adapter_v1,,,,,,,,,,
review-backfill-f479be1b2bacc940b531d8fa,real-shadow-event-b69f9fc7488fd5139d8d1201,latentatlas_action_time_masked_evidence_adapter_v1,,,,,,,,,,
review-backfill-f3aa2588919f80a7ed4d59e4,real-shadow-event-b6a26927a0288940414efffc,latentatlas_action_time_masked_evidence_adapter_v1,,,,,,,,,,
review-backfill-396a010144559ed8db8ad799,real-shadow-event-b6b753d95c65f4bf565a1239,latentatlas_action_time_masked_evidence_adapter_v1,,,,,,,,,,
review-backfill-8c9fa7a600da93d2cca55f37,real-shadow-event-b6d0aeb2591f4ceb52b23d07,latentatlas_action_time_masked_evidence_adapter_v1,,,,,,,,,,
review-backfill-2be153659ba67b9d059b7d20,real-shadow-event-b6e0a4e86800bfaf25ac8c32,latentatlas_action_time_masked_evidence_adapter_v1,,,,,,,,,,
review-backfill-8587cdb6445d52c36e2b81db,real-shadow-event-b70c6c3c08a0cbd7aff98444,latentatlas_action_time_masked_evidence_adapter_v1,,,,,,,,,,
review-backfill-3bb731fcbf0c451ca888a57d,real-shadow-event-b71f7b30e2d8473c519b78d8,latentatlas_action_time_masked_evidence_adapter_v1,,,,,,,,,,
review-backfill-93c89ef181fb14ab036cdc21,real-shadow-event-b74317c5407cb05d91e036a9,latentatlas_action_time_masked_evidence_adapter_v1,,,,,,,,,,
review-backfill-06fd5671b60010f3eb3eff4a,real-shadow-event-b7858416a254bec1784d82e9,latentatlas_action_time_masked_evidence_adapter_v1,,,,,,,,,,
review-backfill-442f81ed1a42944b5ae81f78,real-shadow-event-b799aff60cba32396218691b,latentatlas_action_time_masked_evidence_adapter_v1,,,,,,,,,,
review-backfill-ca4e6353288bdac1bfc4938c,real-shadow-event-b79c71dc317eebed8ba8c7b5,latentatlas_action_time_masked_evidence_adapter_v1,,,,,,,,,,
review-backfill-c81ffa5241e83edf736e5ef3,real-shadow-event-b7ba3946b584ee6796ff948a,latentatlas_action_time_masked_evidence_adapter_v1,,,,,,,,,,
review-backfill-eb3017e25d3b8f8255c79029,real-shadow-event-b800e044e6c27fd6c0c889b5,latentatlas_action_time_masked_evidence_adapter_v1,,,,,,,,,,
review-backfill-69fa06553d55d301917be06e,real-shadow-event-b806fb50e4b5a9d9e8526c68,latentatlas_action_time_masked_evidence_adapter_v1,,,,,,,,,,
review-backfill-c51a4330de9eb11775294819,real-shadow-event-b80d0da3e428d8b82ac29cbf,latentatlas_action_time_masked_evidence_adapter_v1,,,,,,,,,,
review-backfill-1d4519b82b1dedbb50717566,real-shadow-event-b82227f5c350fcf0461213d1,latentatlas_action_time_masked_evidence_adapter_v1,,,,,,,,,,
review-backfill-9a3e865455d243b48d678d0a,real-shadow-event-b842c2fcdf4c999c7aa925e2,latentatlas_action_time_masked_evidence_adapter_v1,,,,,,,,,,
review-backfill-79ac4a1bae879247f29c05ef,real-shadow-event-b88a0489349cb1fadea1c401,latentatlas_action_time_masked_evidence_adapter_v1,,,,,,,,,,
review-backfill-812b2163edce1cd0306fa7a8,real-shadow-event-b8af172692dfdfb42a1361be,latentatlas_action_time_masked_evidence_adapter_v1,,,,,,,,,,
review-backfill-127ef8c112a7d3cc75b90af1,real-shadow-event-b8ed71d2f4a70ef9946ba85b,latentatlas_action_time_masked_evidence_adapter_v1,,,,,,,,,,
review-backfill-4e7261a51b33120acbce5d3a,real-shadow-event-b8ef493070abf33422b8cbd5,latentatlas_action_time_masked_evidence_adapter_v1,,,,,,,,,,
review-backfill-c0d8518e27e6cb8c2c23c87c,real-shadow-event-b90026bad5459f8dc65beb2a,latentatlas_action_time_masked_evidence_adapter_v1,,,,,,,,,,
review-backfill-78c2c34dddd6a0dd78dc7c2e,real-shadow-event-b913dbd1874d75d1b7c2c64a,latentatlas_action_time_masked_evidence_adapter_v1,,,,,,,,,,
review-backfill-6596abf73423e1eaecf9d035,real-shadow-event-b95e34351fb261123c14c5cc,latentatlas_action_time_masked_evidence_adapter_v1,,,,,,,,,,
review-backfill-aa2387df6a1491a1e4b059cb,real-shadow-event-b986ff99b70e6c3aec1b868c,latentatlas_action_time_masked_evidence_adapter_v1,,,,,,,,,,
review-backfill-f26f8c9214efc0a7b6259068,real-shadow-event-b9985322bfa055d2113453d8,latentatlas_action_time_masked_evidence_adapter_v1,,,,,,,,,,
review-backfill-bf8c41c89c1a029c307806c3,real-shadow-event-b998d2d2ca1c8682b8c88892,latentatlas_action_time_masked_evidence_adapter_v1,,,,,,,,,,
review-backfill-76892b6a57702af5d9234900,real-shadow-event-b9afcf6fcecab1c4e8eb529b,latentatlas_action_time_masked_evidence_adapter_v1,,,,,,,,,,
review-backfill-9c97287b131dab2e76f22dc6,real-shadow-event-b9f3f1e6b304d9eaf91edf16,latentatlas_action_time_masked_evidence_adapter_v1,,,,,,,,,,
review-backfill-52514ca650a273fda2e4fe32,real-shadow-event-b9fcc5501d24be548e9df9c4,latentatlas_action_time_masked_evidence_adapter_v1,,,,,,,,,,
review-backfill-626ea599f0ae10ba51e49814,real-shadow-event-ba3ec48b6c2c26a29d4e6d72,latentatlas_action_time_masked_evidence_adapter_v1,,,,,,,,,,
review-backfill-1213d4555f897ddc1cc10364,real-shadow-event-bb3884a96441ba30d13a07d5,latentatlas_action_time_masked_evidence_adapter_v1,,,,,,,,,,
review-backfill-8b348d57ff5f16797dedf1e3,real-shadow-event-bb7f1d60d403679d0665f895,latentatlas_action_time_masked_evidence_adapter_v1,,,,,,,,,,
review-backfill-2a3191026b6b33a2c38d85c6,real-shadow-event-bb8f7b7d011035cd320a3fa4,latentatlas_action_time_masked_evidence_adapter_v1,,,,,,,,,,
review-backfill-17e3a786ab2dd4fb5a299f31,real-shadow-event-bceac7a06c21feb6739c1791,latentatlas_action_time_masked_evidence_adapter_v1,,,,,,,,,,
review-backfill-7f71a95434b97d411fe7a71c,real-shadow-event-bd279fbba64fdf32a065f8da,latentatlas_action_time_masked_evidence_adapter_v1,,,,,,,,,,
review-backfill-0f6baa6afb95aad8a17eec0c,real-shadow-event-bd2e05844d966193fec1687f,latentatlas_action_time_masked_evidence_adapter_v1,,,,,,,,,,
review-backfill-36045a7864120caad53aef99,real-shadow-event-bd50e4299fe4f53046d4912a,latentatlas_action_time_masked_evidence_adapter_v1,,,,,,,,,,
review-backfill-eeac3a5893ed18d777cbb9b4,real-shadow-event-bd835d1bafd9e216f6210cbf,latentatlas_action_time_masked_evidence_adapter_v1,,,,,,,,,,
review-backfill-9bedbd8982ef918593ab3ff8,real-shadow-event-bda29ad2ca9281a6b21d769e,latentatlas_action_time_masked_evidence_adapter_v1,,,,,,,,,,
review-backfill-b24f3574042206631690e2f9,real-shadow-event-bdacddc216f20d904ce5bb80,latentatlas_action_time_masked_evidence_adapter_v1,,,,,,,,,,
review-backfill-59c4ccb4da91f86a680a48bf,real-shadow-event-bde2b8212e27043acbee4c43,latentatlas_action_time_masked_evidence_adapter_v1,,,,,,,,,,
review-backfill-e19f5efcfa06fc420e0c2ff4,real-shadow-event-bde8d24eafb34abdd5b44d48,latentatlas_action_time_masked_evidence_adapter_v1,,,,,,,,,,
review-backfill-98aa9b6d9e1aaafd8e26f7c1,real-shadow-event-be02cbb57d3470604c655c7a,latentatlas_action_time_masked_evidence_adapter_v1,,,,,,,,,,
review-backfill-14807d408a8c09b62331d400,real-shadow-event-be0beab10f846ea06c2095be,latentatlas_action_time_masked_evidence_adapter_v1,,,,,,,,,,
review-backfill-be380c9659dbab42b589a931,real-shadow-event-be0e78e40f37acb1f76cfc0e,latentatlas_action_time_masked_evidence_adapter_v1,,,,,,,,,,
review-backfill-be8a1971e902d67a0c1f51ca,real-shadow-event-be1240799eb4cebd941cbf5a,latentatlas_action_time_masked_evidence_adapter_v1,,,,,,,,,,
review-backfill-86a2cfbf159c11470f9b6142,real-shadow-event-be69be742c78a87fe236dac1,latentatlas_action_time_masked_evidence_adapter_v1,,,,,,,,,,
review-backfill-67731c90bd1e3f4458b47147,real-shadow-event-be7f286ecc0dbd31a84ab159,latentatlas_action_time_masked_evidence_adapter_v1,,,,,,,,,,
review-backfill-25cab73871d01ed08dec52da,real-shadow-event-bebe484aa5fed7562813430e,latentatlas_action_time_masked_evidence_adapter_v1,,,,,,,,,,
review-backfill-11d793bd13d11e2d8d27df62,real-shadow-event-bf02b8b51a42636d8bf313ef,latentatlas_action_time_masked_evidence_adapter_v1,,,,,,,,,,
review-backfill-cd466135fc1b0f6273c1b6fd,real-shadow-event-bf2673737a4499c457871b4e,latentatlas_action_time_masked_evidence_adapter_v1,,,,,,,,,,
review-backfill-a8d350161d1a499a01cddab6,real-shadow-event-bf32385266bb96da86b91173,latentatlas_action_time_masked_evidence_adapter_v1,,,,,,,,,,
review-backfill-1b1c4a2fc633d24079fbcc82,real-shadow-event-bf5d075bae9d13800193b77d,latentatlas_action_time_masked_evidence_adapter_v1,,,,,,,,,,
review-backfill-a6c93de5de6fa470a4597cc9,real-shadow-event-bf84b9b6ae559672b6063ca2,latentatlas_action_time_masked_evidence_adapter_v1,,,,,,,,,,
review-backfill-9d5932069df499523e4bcca6,real-shadow-event-bfa508c53c49a2d4120dfa41,latentatlas_action_time_masked_evidence_adapter_v1,,,,,,,,,,
review-backfill-27fd9be17daf499d18ca8e2c,real-shadow-event-bfce1e75c5d07f4527ce55db,latentatlas_action_time_masked_evidence_adapter_v1,,,,,,,,,,
review-backfill-e030ba10ed571be8d1b088a8,real-shadow-event-bfdc85ff702206fc7e04083d,latentatlas_action_time_masked_evidence_adapter_v1,,,,,,,,,,
review-backfill-5330e8e61f8ea00fef0bf3cd,real-shadow-event-bffda15143d32bc4376b20cd,latentatlas_action_time_masked_evidence_adapter_v1,,,,,,,,,,
review-backfill-3d6b840b1dfdee5269736e89,real-shadow-event-c06c156d8624947f310083e8,latentatlas_action_time_masked_evidence_adapter_v1,,,,,,,,,,
review-backfill-75e9809a915961e3956b0a21,real-shadow-event-c075df76bf7a69ea935d0225,latentatlas_action_time_masked_evidence_adapter_v1,,,,,,,,,,
review-backfill-a0d0fd9c7fc0d0d795041119,real-shadow-event-c078432e5f25c0278c397ec2,latentatlas_action_time_masked_evidence_adapter_v1,,,,,,,,,,
review-backfill-2f7d08bedd4ccde2c4c1df16,real-shadow-event-c07df36b36a4a5c82c10e992,latentatlas_action_time_masked_evidence_adapter_v1,,,,,,,,,,
review-backfill-ae1a76e6a2e7589bba452043,real-shadow-event-c0867121d6f2bde99d87310a,latentatlas_action_time_masked_evidence_adapter_v1,,,,,,,,,,
review-backfill-1f1df6834fcf4a71f4e629eb,real-shadow-event-c089caf4b35ad596d2237e54,latentatlas_action_time_masked_evidence_adapter_v1,,,,,,,,,,
review-backfill-b816fe7865c17bebc47d4815,real-shadow-event-c0a47a0b2a96a9cf531bf602,latentatlas_action_time_masked_evidence_adapter_v1,,,,,,,,,,
review-backfill-4d8896642379585c1066f06a,real-shadow-event-c0e420c404aa619639c39ced,latentatlas_action_time_masked_evidence_adapter_v1,,,,,,,,,,
review-backfill-a80fc39b9b04afe7698bb436,real-shadow-event-c0f054b7de3d232c17ac029c,latentatlas_action_time_masked_evidence_adapter_v1,,,,,,,,,,
review-backfill-70e96ddb39db3104278013f0,real-shadow-event-c0fa33c808275fb31c6e201d,latentatlas_action_time_masked_evidence_adapter_v1,,,,,,,,,,
review-backfill-9c250da9bd6da250cdabb90a,real-shadow-event-c105ddb9554e7d9c206ebc9e,latentatlas_action_time_masked_evidence_adapter_v1,,,,,,,,,,
review-backfill-51b570df5c5f3a498b66ba40,real-shadow-event-c12712cfcb50c3fb416bdae1,latentatlas_action_time_masked_evidence_adapter_v1,,,,,,,,,,
review-backfill-af9b08690c8888c1997edd27,real-shadow-event-c13b3f7dcc9c075670a4aa4c,latentatlas_action_time_masked_evidence_adapter_v1,,,,,,,,,,
review-backfill-d11f59b953c1412f572aaba1,real-shadow-event-c14f742158bc50d8e7275e7e,latentatlas_action_time_masked_evidence_adapter_v1,,,,,,,,,,
review-backfill-455eb72020ff6fd4e1875547,real-shadow-event-c15d868f103b043936a494b1,latentatlas_action_time_masked_evidence_adapter_v1,,,,,,,,,,
review-backfill-43ebd1ab2addda41b1f7d4fe,real-shadow-event-c1b7164080a7b9f4b340042f,latentatlas_action_time_masked_evidence_adapter_v1,,,,,,,,,,
review-backfill-f992e780166f54e883c1032e,real-shadow-event-c25e515d006dcfdd20e90f50,latentatlas_action_time_masked_evidence_adapter_v1,,,,,,,,,,
review-backfill-d4920a142dd16270dafcf236,real-shadow-event-c2634971692a52990f0f4ab2,latentatlas_action_time_masked_evidence_adapter_v1,,,,,,,,,,
review-backfill-f0d8cc4569c3748ef3627934,real-shadow-event-c263dbcace9829e41d725e65,latentatlas_action_time_masked_evidence_adapter_v1,,,,,,,,,,
review-backfill-3ed2d3d09602df81a01c9d7b,real-shadow-event-c278648f34148109d0cd8690,latentatlas_action_time_masked_evidence_adapter_v1,,,,,,,,,,
review-backfill-c46223a70e61ae2942938395,real-shadow-event-c2a4c75a03ed536c9a06daea,latentatlas_action_time_masked_evidence_adapter_v1,,,,,,,,,,
review-backfill-65f3f80ab0c45c7d1392e5b6,real-shadow-event-c31f51866569197b76620f01,latentatlas_action_time_masked_evidence_adapter_v1,,,,,,,,,,
review-backfill-f2cb96820c3b911b8fab2bf6,real-shadow-event-c32653d6567ff5b8ef7c403e,latentatlas_action_time_masked_evidence_adapter_v1,,,,,,,,,,
review-backfill-220754012986024d9924a30f,real-shadow-event-c33f3c6e75962bbf8ea439c3,latentatlas_action_time_masked_evidence_adapter_v1,,,,,,,,,,
review-backfill-4877f59d17e22414b30a017b,real-shadow-event-c34e1c2cb45bf0cf4e25c41b,latentatlas_action_time_masked_evidence_adapter_v1,,,,,,,,,,
review-backfill-1a94a6edd2335cff8a02051a,real-shadow-event-c3701edfd435b40ec99caf1c,latentatlas_action_time_masked_evidence_adapter_v1,,,,,,,,,,
review-backfill-be4ab0f56ff8e60e50ed26f3,real-shadow-event-c386bb7570eb320f991cfecb,latentatlas_action_time_masked_evidence_adapter_v1,,,,,,,,,,
review-backfill-f66f45caad9201c03c8c2bbd,real-shadow-event-c3a489ba4c43215a126486f7,latentatlas_action_time_masked_evidence_adapter_v1,,,,,,,,,,
review-backfill-b201bb11b863da67312daa84,real-shadow-event-c3be1c67d7adf369217c8bf4,latentatlas_action_time_masked_evidence_adapter_v1,,,,,,,,,,
review-backfill-2aab8290d407552d29e58ca3,real-shadow-event-c3f498fc3c6aba8593bc6def,latentatlas_action_time_masked_evidence_adapter_v1,,,,,,,,,,
review-backfill-f77611b475b1dc8f00fc6c35,real-shadow-event-c406b77da054f9be9948356c,latentatlas_action_time_masked_evidence_adapter_v1,,,,,,,,,,
review-backfill-f1d11482723463e77ab99fe1,real-shadow-event-c419aa7ae805c2b3d3c18bee,latentatlas_action_time_masked_evidence_adapter_v1,,,,,,,,,,
review-backfill-0d16b029d53dc053415307ab,real-shadow-event-c43e9aad4980547395d36a3a,latentatlas_action_time_masked_evidence_adapter_v1,,,,,,,,,,
review-backfill-7d96e35f16f828a1b7aa76ec,real-shadow-event-c466a1409f61338d5f78895a,latentatlas_action_time_masked_evidence_adapter_v1,,,,,,,,,,
review-backfill-1867faa3ceab728290830026,real-shadow-event-c48b1b01573b211152797701,latentatlas_action_time_masked_evidence_adapter_v1,,,,,,,,,,
review-backfill-a4471aa96144965c520de87a,real-shadow-event-c492365f6a35e880c280af64,latentatlas_action_time_masked_evidence_adapter_v1,,,,,,,,,,
review-backfill-a70ad45ba0b90224dab49820,real-shadow-event-c4abf361dc9bf7d234637122,latentatlas_action_time_masked_evidence_adapter_v1,,,,,,,,,,
review-backfill-d5c25be031fad3e1f65a2f53,real-shadow-event-c4ba872234fc37d65572cde5,latentatlas_action_time_masked_evidence_adapter_v1,,,,,,,,,,
review-backfill-bedd2d2cddfe4b9a271c4db4,real-shadow-event-c4bfa3ab23f26912337ea813,latentatlas_action_time_masked_evidence_adapter_v1,,,,,,,,,,
review-backfill-cc64751074f182c652e7d1d1,real-shadow-event-c4dced98766e281e837cef21,latentatlas_action_time_masked_evidence_adapter_v1,,,,,,,,,,
review-backfill-e4ea7972f495cd90eac461b3,real-shadow-event-c4e01ab3824d25cf5bc7f0df,latentatlas_action_time_masked_evidence_adapter_v1,,,,,,,,,,
review-backfill-5bbbb94891471cacc3478f88,real-shadow-event-c4e184fd00eac72af88c95a1,latentatlas_action_time_masked_evidence_adapter_v1,,,,,,,,,,
review-backfill-9759316487e9736e12cca12a,real-shadow-event-c516a5d72b8c2f3d653b996c,latentatlas_action_time_masked_evidence_adapter_v1,,,,,,,,,,
review-backfill-cdfc878931229d4d7ea276ce,real-shadow-event-c51b1bcca0e145f851ba5902,latentatlas_action_time_masked_evidence_adapter_v1,,,,,,,,,,
review-backfill-c1ae9732154628caab44cae3,real-shadow-event-c51fd72a9c86d3db1908e2a3,latentatlas_action_time_masked_evidence_adapter_v1,,,,,,,,,,
review-backfill-4ba446333eb1d0459d740943,real-shadow-event-c54affdd94540ee4dcc9763a,latentatlas_action_time_masked_evidence_adapter_v1,,,,,,,,,,
review-backfill-591e1defd9dd7b4a6d15b33d,real-shadow-event-c5615f346a2a68496d119666,latentatlas_action_time_masked_evidence_adapter_v1,,,,,,,,,,
review-backfill-08cdb2927d3d518f3d9206e2,real-shadow-event-c5ea695641a56d03ed17398c,latentatlas_action_time_masked_evidence_adapter_v1,,,,,,,,,,
review-backfill-f4af9ab5c81f12baa8337a6a,real-shadow-event-c60293745935fcb50289519e,latentatlas_action_time_masked_evidence_adapter_v1,,,,,,,,,,
review-backfill-abff31f53b51e59aed02a410,real-shadow-event-c61e7ff64a67892144249cce,latentatlas_action_time_masked_evidence_adapter_v1,,,,,,,,,,
review-backfill-63bf2c571029dc9d8520ce2e,real-shadow-event-c63822aeac65c927dc9c8556,latentatlas_action_time_masked_evidence_adapter_v1,,,,,,,,,,
review-backfill-6bd55957a9e519ba3f232f5a,real-shadow-event-c6439655751527dc215317a7,latentatlas_action_time_masked_evidence_adapter_v1,,,,,,,,,,
review-backfill-b10fcd7f7123be1cb706b51e,real-shadow-event-c65b8a6ce8ffa3bfb79f210f,latentatlas_action_time_masked_evidence_adapter_v1,,,,,,,,,,
review-backfill-77e335721a1323e6528c6dbf,real-shadow-event-c662b6a6cf7978b493699c47,latentatlas_action_time_masked_evidence_adapter_v1,,,,,,,,,,
review-backfill-be1ed7bc950ef5eed32b36a5,real-shadow-event-c71be1dadf9442859677a1c4,latentatlas_action_time_masked_evidence_adapter_v1,,,,,,,,,,
review-backfill-ab5fcd988097d8fac8fb479e,real-shadow-event-c85564f85f163ef92a5d95b4,latentatlas_action_time_masked_evidence_adapter_v1,,,,,,,,,,
review-backfill-c71302be5887c4ae5d703129,real-shadow-event-c88607dd4d5a6713979ef81e,latentatlas_action_time_masked_evidence_adapter_v1,,,,,,,,,,
review-backfill-6b6c67129bae424b3fc4b3b4,real-shadow-event-c89af1d4c30c5e8e56026c0b,latentatlas_action_time_masked_evidence_adapter_v1,,,,,,,,,,
review-backfill-3ab7421cd6b1d52bd9ad838d,real-shadow-event-c89c2024ae1e17abdf72502d,latentatlas_action_time_masked_evidence_adapter_v1,,,,,,,,,,
review-backfill-c862decdfcacffd3484d08a9,real-shadow-event-c8e673d78a29b308e960e9e5,latentatlas_action_time_masked_evidence_adapter_v1,,,,,,,,,,
review-backfill-928d27a981ac05eb74c3e68e,real-shadow-event-c937f70621ab22208caff21a,latentatlas_action_time_masked_evidence_adapter_v1,,,,,,,,,,
review-backfill-18692ecceb2327fc394a8ac9,real-shadow-event-c9ba81dabe5c931d6bab0de6,latentatlas_action_time_masked_evidence_adapter_v1,,,,,,,,,,
review-backfill-5be9a4d1feb19200f2831a76,real-shadow-event-c9d15b40e388d9a4a606731e,latentatlas_action_time_masked_evidence_adapter_v1,,,,,,,,,,
review-backfill-ddc84c8a1dfee24201c89de1,real-shadow-event-ca0071015e127663d2415c18,latentatlas_action_time_masked_evidence_adapter_v1,,,,,,,,,,
review-backfill-387858c00ddbc690ccb08d27,real-shadow-event-ca167ce22de2e2b095a1ba9b,latentatlas_action_time_masked_evidence_adapter_v1,,,,,,,,,,
review-backfill-556cbf109e01a2e78c1ac2e0,real-shadow-event-ca16abcd207f34995c4d4c01,latentatlas_action_time_masked_evidence_adapter_v1,,,,,,,,,,
review-backfill-23faab2580b0bdab2beb904f,real-shadow-event-ca21a0d969635e04f55bf030,latentatlas_action_time_masked_evidence_adapter_v1,,,,,,,,,,
review-backfill-53dbea406313e30b819ac3ed,real-shadow-event-ca7d6e61054114cf8ba52991,latentatlas_action_time_masked_evidence_adapter_v1,,,,,,,,,,
review-backfill-7539facd3c3c987b6245653f,real-shadow-event-cae772c5981c79bacec9aea3,latentatlas_action_time_masked_evidence_adapter_v1,,,,,,,,,,
review-backfill-0df252168f29c62c8e517188,real-shadow-event-cae78b526711c2dded8ab416,latentatlas_action_time_masked_evidence_adapter_v1,,,,,,,,,,
review-backfill-42beabc528ed683cb2dbd59a,real-shadow-event-caee3553e914a48f3718b893,latentatlas_action_time_masked_evidence_adapter_v1,,,,,,,,,,
review-backfill-f9cad51a91fcd36190dd58b9,real-shadow-event-cb0712aa12f7993ae6967779,latentatlas_action_time_masked_evidence_adapter_v1,,,,,,,,,,
review-backfill-0b39d7dfd43b9f7b690d9137,real-shadow-event-cb1811aea0ab1c4b01ae0acf,latentatlas_action_time_masked_evidence_adapter_v1,,,,,,,,,,
review-backfill-b68d89fc0fff788f6025f875,real-shadow-event-cb5f1479d64f424979261daf,latentatlas_action_time_masked_evidence_adapter_v1,,,,,,,,,,
review-backfill-7e32642c1a93a330fe74cc0a,real-shadow-event-cb7b707fa4e601c41e1a7a7c,latentatlas_action_time_masked_evidence_adapter_v1,,,,,,,,,,
review-backfill-1b396fd74dd23024f3d205b3,real-shadow-event-cb88e56d2bae48351212581f,latentatlas_action_time_masked_evidence_adapter_v1,,,,,,,,,,
review-backfill-ffd20f1cb3e41d941bb84afb,real-shadow-event-cb9846831a4b8538b3e526f9,latentatlas_action_time_masked_evidence_adapter_v1,,,,,,,,,,
review-backfill-529c50b9cde22a87c0b54a42,real-shadow-event-cbec9060eba4d05d18951918,latentatlas_action_time_masked_evidence_adapter_v1,,,,,,,,,,
review-backfill-abb1006f4ffdad3c51e02e4f,real-shadow-event-cbf67cec8d5a43555f13ca3c,latentatlas_action_time_masked_evidence_adapter_v1,,,,,,,,,,
review-backfill-52a86e69ed3c4dc85c90de92,real-shadow-event-cc7d9513bce15f210bf9cde2,latentatlas_action_time_masked_evidence_adapter_v1,,,,,,,,,,
review-backfill-c4568542cb1af62f4810068f,real-shadow-event-cca0d231a8bf403e6c36c539,latentatlas_action_time_masked_evidence_adapter_v1,,,,,,,,,,
review-backfill-d9cb541e8b16efd6a78f5d3d,real-shadow-event-ccc006a0d69f07627d66c315,latentatlas_action_time_masked_evidence_adapter_v1,,,,,,,,,,
review-backfill-ae9ce0241d2ab02884ff94cf,real-shadow-event-cce21f37c3cadaf3b93a5224,latentatlas_action_time_masked_evidence_adapter_v1,,,,,,,,,,
review-backfill-cb63cef4e3949593f3e7af2d,real-shadow-event-ccf8d025a3905a713c342d97,latentatlas_action_time_masked_evidence_adapter_v1,,,,,,,,,,
review-backfill-b8b0b1bacf41a0d1f77e5e54,real-shadow-event-cd0e7c4e16dbd8b4cfc519cb,latentatlas_action_time_masked_evidence_adapter_v1,,,,,,,,,,
review-backfill-b604b9aabec9b3fc4f36d10e,real-shadow-event-cd252fb1d8aab987c9e3938f,latentatlas_action_time_masked_evidence_adapter_v1,,,,,,,,,,
review-backfill-20cb9c8a8a35295ebc889432,real-shadow-event-cd2f7c32f317607348cc8891,latentatlas_action_time_masked_evidence_adapter_v1,,,,,,,,,,
review-backfill-0a9a141c5c2fcb134d608f3e,real-shadow-event-cd68c80aeb695a779e64f3d2,latentatlas_action_time_masked_evidence_adapter_v1,,,,,,,,,,
review-backfill-36428f7e33ca07fb3fcaa781,real-shadow-event-cd84e4d7c78fcebc6a367a3f,latentatlas_action_time_masked_evidence_adapter_v1,,,,,,,,,,
review-backfill-7481dc2d2fa0d54ed749dfa5,real-shadow-event-cd9a9c4758d9cce8a0ff15f1,latentatlas_action_time_masked_evidence_adapter_v1,,,,,,,,,,
review-backfill-88ecd84bbcad3ba48bbe6aa0,real-shadow-event-cebd7442d5e93e77add5c74b,latentatlas_action_time_masked_evidence_adapter_v1,,,,,,,,,,
review-backfill-fa56c053b439e87572f87f6f,real-shadow-event-cebe4450bfc52cceb35fe9c4,latentatlas_action_time_masked_evidence_adapter_v1,,,,,,,,,,
review-backfill-ac7fcd31f2b542b7e55b3ebd,real-shadow-event-cecebf92e525dd98a71c6c39,latentatlas_action_time_masked_evidence_adapter_v1,,,,,,,,,,
review-backfill-7ccd9256128a5c2661eaf1c2,real-shadow-event-cef7d9160472f25f86615661,latentatlas_action_time_masked_evidence_adapter_v1,,,,,,,,,,
review-backfill-e7ad1144bdfbfdd1bdcddc54,real-shadow-event-cf2725f7c864f83b3a2264da,latentatlas_action_time_masked_evidence_adapter_v1,,,,,,,,,,
review-backfill-c21959299c4bd086be70d882,real-shadow-event-cf3269eb0ed9c63d61df5361,latentatlas_action_time_masked_evidence_adapter_v1,,,,,,,,,,
review-backfill-aef789168e40e51605a49698,real-shadow-event-cff761dc0e2118a38aaba738,latentatlas_action_time_masked_evidence_adapter_v1,,,,,,,,,,
review-backfill-75bd1594033ff48f35a68400,real-shadow-event-d01f4db7043ba1ca267a26b8,latentatlas_action_time_masked_evidence_adapter_v1,,,,,,,,,,
review-backfill-3b9ed5ec14aecf9fdbb3b311,real-shadow-event-d02783f887a7042131cdccd0,latentatlas_action_time_masked_evidence_adapter_v1,,,,,,,,,,
review-backfill-662357db720a3c622aeaaafb,real-shadow-event-d0494be89d071da65003ea3e,latentatlas_action_time_masked_evidence_adapter_v1,,,,,,,,,,
review-backfill-efe3c7310d220810f09b2913,real-shadow-event-d06bd6f981f438689a552935,latentatlas_action_time_masked_evidence_adapter_v1,,,,,,,,,,
review-backfill-0e58684e687ac41c6dd94fb5,real-shadow-event-d071bd0201640add82ac8ccb,latentatlas_action_time_masked_evidence_adapter_v1,,,,,,,,,,
review-backfill-8560c695f15fedd75c4f3593,real-shadow-event-d0ce0f3b71acdb11b4ad10d0,latentatlas_action_time_masked_evidence_adapter_v1,,,,,,,,,,
review-backfill-22925c65529ff9f2210e4f2a,real-shadow-event-d0d8d913d8a422fcc884a78e,latentatlas_action_time_masked_evidence_adapter_v1,,,,,,,,,,
review-backfill-223b2c5746f25ca43a6efa32,real-shadow-event-d12357576a450d813b31ac43,latentatlas_action_time_masked_evidence_adapter_v1,,,,,,,,,,
review-backfill-b8671447896c449a750a97b7,real-shadow-event-d139d79c4946f97e683d81eb,latentatlas_action_time_masked_evidence_adapter_v1,,,,,,,,,,
review-backfill-de39d84fd8ff524be4e09420,real-shadow-event-d14483d99872431ae2987547,latentatlas_action_time_masked_evidence_adapter_v1,,,,,,,,,,
review-backfill-1a7f29e5b1f9561f6b4cefb1,real-shadow-event-d17d425cbfcd064b1a53c723,latentatlas_action_time_masked_evidence_adapter_v1,,,,,,,,,,
review-backfill-4c29e2d4c3ea299ced8fb37a,real-shadow-event-d1a20e458bbed05ff83f73dc,latentatlas_action_time_masked_evidence_adapter_v1,,,,,,,,,,
review-backfill-a0489412a5617e4bd3218987,real-shadow-event-d1d43ce644ecf66cd64447df,latentatlas_action_time_masked_evidence_adapter_v1,,,,,,,,,,
review-backfill-53016eaf85e4492802874ed5,real-shadow-event-d21be38912b8fbe9cd5435f1,latentatlas_action_time_masked_evidence_adapter_v1,,,,,,,,,,
review-backfill-c4977317ea1fdc8aed401eda,real-shadow-event-d2629e46b1e95cde9023b372,latentatlas_action_time_masked_evidence_adapter_v1,,,,,,,,,,
review-backfill-034770182747d7576f9ae0b8,real-shadow-event-d27f4373a7949a19ba64dbf7,latentatlas_action_time_masked_evidence_adapter_v1,,,,,,,,,,
review-backfill-43de97bef11dd98afe6dc5a8,real-shadow-event-d28a2d3c054fecbeb4624d2c,latentatlas_action_time_masked_evidence_adapter_v1,,,,,,,,,,
review-backfill-9558c0f8f7614a5832ac51ef,real-shadow-event-d2c50e711bc6bb2cb69d08a9,latentatlas_action_time_masked_evidence_adapter_v1,,,,,,,,,,
review-backfill-69bd76f28ce86ae04c3b4337,real-shadow-event-d30de37345da25aedd14dafd,latentatlas_action_time_masked_evidence_adapter_v1,,,,,,,,,,
review-backfill-3e500315b9c0294902f011a9,real-shadow-event-d33b804753e64e5eac4c988a,latentatlas_action_time_masked_evidence_adapter_v1,,,,,,,,,,
review-backfill-d1df910d6a3b35458ce1e9e9,real-shadow-event-d340a8c3f6fdc16b99c99f21,latentatlas_action_time_masked_evidence_adapter_v1,,,,,,,,,,
review-backfill-1f653bcd257c630c6c9806ba,real-shadow-event-d36aedef82446e47f3cc982e,latentatlas_action_time_masked_evidence_adapter_v1,,,,,,,,,,
review-backfill-fbbd3e1ea3cfff5ce55c1c5c,real-shadow-event-d36b573a8afbce92ead6e8f2,latentatlas_action_time_masked_evidence_adapter_v1,,,,,,,,,,
review-backfill-04950cee71eac47432f58267,real-shadow-event-d373d022ca955197a15116bb,latentatlas_action_time_masked_evidence_adapter_v1,,,,,,,,,,
review-backfill-2f81870a09c536521c9d0bb2,real-shadow-event-d391be1a053fbf5f22fd9ca1,latentatlas_action_time_masked_evidence_adapter_v1,,,,,,,,,,
review-backfill-dd132b4eceaee953791e9735,real-shadow-event-d3e613145101964fa1956ef2,latentatlas_action_time_masked_evidence_adapter_v1,,,,,,,,,,
review-backfill-c3215dd68368bb479f0b0e82,real-shadow-event-d44e4ada05654307cbd670e2,latentatlas_action_time_masked_evidence_adapter_v1,,,,,,,,,,
review-backfill-f1c6d600157bb5a65769c76a,real-shadow-event-d48f80ab519bc951455b88f3,latentatlas_action_time_masked_evidence_adapter_v1,,,,,,,,,,
review-backfill-85bbf8564042baab8ad6483d,real-shadow-event-d498e0436d368a8b42570008,latentatlas_action_time_masked_evidence_adapter_v1,,,,,,,,,,
review-backfill-815595bdf24b0fd62cab5da9,real-shadow-event-d4a167515def2f4062968e39,latentatlas_action_time_masked_evidence_adapter_v1,,,,,,,,,,
review-backfill-21723323f6ff7ff7291f0a1f,real-shadow-event-d4a58a69fdc625d34eff8900,latentatlas_action_time_masked_evidence_adapter_v1,,,,,,,,,,
review-backfill-c20233851f31589912418920,real-shadow-event-d4b5550dcae81ba1083f4ebd,latentatlas_action_time_masked_evidence_adapter_v1,,,,,,,,,,
review-backfill-fa55dd78f82c8e47abf6685c,real-shadow-event-d4c73919a7f662c4a7d13c28,latentatlas_action_time_masked_evidence_adapter_v1,,,,,,,,,,
review-backfill-0059e42777a8506d20ce0391,real-shadow-event-d4d8c66ec1d567ec4f80356d,latentatlas_action_time_masked_evidence_adapter_v1,,,,,,,,,,
review-backfill-f6d3ab2ff8ebaf54cf176403,real-shadow-event-d4df2805516b057f6e2b17a6,latentatlas_action_time_masked_evidence_adapter_v1,,,,,,,,,,
review-backfill-9b4a312033edb0c23ab98639,real-shadow-event-d4efa96aa8dc42dd28e16dc1,latentatlas_action_time_masked_evidence_adapter_v1,,,,,,,,,,
review-backfill-7581ea6ecadef22b3f718641,real-shadow-event-d5069c6176303efe0075cc94,latentatlas_action_time_masked_evidence_adapter_v1,,,,,,,,,,
review-backfill-82966a6bb177978df65d1cbb,real-shadow-event-d5459aae60141b589a3ab2b1,latentatlas_action_time_masked_evidence_adapter_v1,,,,,,,,,,
review-backfill-7dc475066f8d26b5396f7693,real-shadow-event-d577f2c94273a769b6a458b3,latentatlas_action_time_masked_evidence_adapter_v1,,,,,,,,,,
review-backfill-89203ed0f9a4a9c27ce2058c,real-shadow-event-d5ae4d28f851f43e34d1d915,latentatlas_action_time_masked_evidence_adapter_v1,,,,,,,,,,
review-backfill-80cb4fbb7759d1aca13e1d4b,real-shadow-event-d5b77b18aef69c3fde194cba,latentatlas_action_time_masked_evidence_adapter_v1,,,,,,,,,,
review-backfill-f7d37890636703ed7f04a2e2,real-shadow-event-d5baef8e99fd4bdb59360c98,latentatlas_action_time_masked_evidence_adapter_v1,,,,,,,,,,
review-backfill-b8d6f80089233d0060e24f87,real-shadow-event-d5e2a7c1e4fe70e5dfdd8af6,latentatlas_action_time_masked_evidence_adapter_v1,,,,,,,,,,
review-backfill-55de06162fd3ecfca23165af,real-shadow-event-d5e8d1773f03ce8374b1bb5e,latentatlas_action_time_masked_evidence_adapter_v1,,,,,,,,,,
review-backfill-6a7b126066432e5a83e4dd43,real-shadow-event-d60c041421bcc243f6512af8,latentatlas_action_time_masked_evidence_adapter_v1,,,,,,,,,,
review-backfill-19945f5389f6648641a90c0d,real-shadow-event-d6385b584b421b28ef4ab267,latentatlas_action_time_masked_evidence_adapter_v1,,,,,,,,,,
review-backfill-bfd5e6d26f1de204665aa27c,real-shadow-event-d6392dad5ef38553681b969b,latentatlas_action_time_masked_evidence_adapter_v1,,,,,,,,,,
review-backfill-1210f57eb41f3e9b0d8a42fc,real-shadow-event-d67f63a40e619bb10210841e,latentatlas_action_time_masked_evidence_adapter_v1,,,,,,,,,,
review-backfill-653320f12d684ff711f6ff71,real-shadow-event-d683a91f32685f2bc960137c,latentatlas_action_time_masked_evidence_adapter_v1,,,,,,,,,,
review-backfill-208c3e1398e6638d4c5affeb,real-shadow-event-d69e75347c2bbc31060072ae,latentatlas_action_time_masked_evidence_adapter_v1,,,,,,,,,,
review-backfill-c34f0f9be4f1ff66403c1c4f,real-shadow-event-d6cd5afcafc472b6e4ca641f,latentatlas_action_time_masked_evidence_adapter_v1,,,,,,,,,,
review-backfill-9d4ab52291d0d3c15128f0bd,real-shadow-event-d6d501bd5f5b2660fbfbc21e,latentatlas_action_time_masked_evidence_adapter_v1,,,,,,,,,,
review-backfill-d0a284d704b7168a64ea3b1c,real-shadow-event-d717458eed7e390ab24941b9,latentatlas_action_time_masked_evidence_adapter_v1,,,,,,,,,,
review-backfill-638cc53881ebe5949d7d1e83,real-shadow-event-d731cdfbb5567219e3d1cd84,latentatlas_action_time_masked_evidence_adapter_v1,,,,,,,,,,
review-backfill-c7916a2ca28fe7a9ba84cf67,real-shadow-event-d732922893da3a47f4277210,latentatlas_action_time_masked_evidence_adapter_v1,,,,,,,,,,
review-backfill-8593dbd445dc4c3bc8c1816e,real-shadow-event-d74b7be4912151c4ef9c6916,latentatlas_action_time_masked_evidence_adapter_v1,,,,,,,,,,
review-backfill-e24608b7f74c6b596362c218,real-shadow-event-d7a57f68d269982dd04657b4,latentatlas_action_time_masked_evidence_adapter_v1,,,,,,,,,,
review-backfill-86910f4fb7be2c0f7ee7c34a,real-shadow-event-d7e2dd7fe10fb0f3386143fa,latentatlas_action_time_masked_evidence_adapter_v1,,,,,,,,,,
review-backfill-6c08f0c89fc1e345f74c2f86,real-shadow-event-d876c926670af2c23b25a3a3,latentatlas_action_time_masked_evidence_adapter_v1,,,,,,,,,,
review-backfill-05b8ad7db50a5361261f66a2,real-shadow-event-d88147fa1abf2cce2dc54694,latentatlas_action_time_masked_evidence_adapter_v1,,,,,,,,,,
review-backfill-8d8d31aa622bba0fc85626e6,real-shadow-event-d883acc5672216a398ede96f,latentatlas_action_time_masked_evidence_adapter_v1,,,,,,,,,,
review-backfill-30e0543894d52d8a1e5821ae,real-shadow-event-d88421d84f1006dc94e9f2c4,latentatlas_action_time_masked_evidence_adapter_v1,,,,,,,,,,
review-backfill-7070f2b247653848f68c85ab,real-shadow-event-d88caa4cb60c350ebd3dc45c,latentatlas_action_time_masked_evidence_adapter_v1,,,,,,,,,,
review-backfill-1423fab41c4500244181ea24,real-shadow-event-d88f8af8b995c9db46af789e,latentatlas_action_time_masked_evidence_adapter_v1,,,,,,,,,,
review-backfill-b93785f1d8970cb2a15adc41,real-shadow-event-d89b1376d01aab52b0069a81,latentatlas_action_time_masked_evidence_adapter_v1,,,,,,,,,,
review-backfill-8beda5840e2d999fa1bcb9eb,real-shadow-event-d8a07b25a9db702b1dc0afca,latentatlas_action_time_masked_evidence_adapter_v1,,,,,,,,,,
review-backfill-398b4e17d7b37b6bfc68811a,real-shadow-event-d8b3774fdbe8cf173e5a56ef,latentatlas_action_time_masked_evidence_adapter_v1,,,,,,,,,,
review-backfill-1ba093f0a5811f55ff84e223,real-shadow-event-d8bfcfa6d7945b1630ac77b1,latentatlas_action_time_masked_evidence_adapter_v1,,,,,,,,,,
review-backfill-e0587524ca29c371a68d834a,real-shadow-event-d8c89f423fc82985d49bbad0,latentatlas_action_time_masked_evidence_adapter_v1,,,,,,,,,,
review-backfill-26032990590c3fea4bd5fd01,real-shadow-event-d8d3cf183f3e84d10b35c155,latentatlas_action_time_masked_evidence_adapter_v1,,,,,,,,,,
review-backfill-54db20f2cddf77c969f23128,real-shadow-event-d8e57c78ab3cd5b649eab374,latentatlas_action_time_masked_evidence_adapter_v1,,,,,,,,,,
review-backfill-9794120b60c866369fad0da2,real-shadow-event-d8e9ccdc29e815080d12c328,latentatlas_action_time_masked_evidence_adapter_v1,,,,,,,,,,
review-backfill-a7eac0632773f10838c0325c,real-shadow-event-d8ef62415702c76a257819c3,latentatlas_action_time_masked_evidence_adapter_v1,,,,,,,,,,
review-backfill-1dba973efc795542ed6be3aa,real-shadow-event-d8fe5d8662cd569710f6fe58,latentatlas_action_time_masked_evidence_adapter_v1,,,,,,,,,,
review-backfill-6f2ed9d8fa6000beb2c3666c,real-shadow-event-d90fcf5cbf6c4e8c58b59775,latentatlas_action_time_masked_evidence_adapter_v1,,,,,,,,,,
review-backfill-595fe91d7882a5d9519a15a4,real-shadow-event-d91e6a5938d15de348aa3a1e,latentatlas_action_time_masked_evidence_adapter_v1,,,,,,,,,,
review-backfill-741a2e1ee4e0dc6a158497f4,real-shadow-event-d93be1da222e17b722f713bc,latentatlas_action_time_masked_evidence_adapter_v1,,,,,,,,,,
review-backfill-5839d1e21fbb9d79ce59c05c,real-shadow-event-d9627ecf5691c3e51d225bea,latentatlas_action_time_masked_evidence_adapter_v1,,,,,,,,,,
review-backfill-9dac653b6df10d182171db02,real-shadow-event-d9654f1e0a760c6fe82132de,latentatlas_action_time_masked_evidence_adapter_v1,,,,,,,,,,
review-backfill-b3a410ae0804a46245844f07,real-shadow-event-da0074ca8e2fd88c3aeffc5f,latentatlas_action_time_masked_evidence_adapter_v1,,,,,,,,,,
review-backfill-434d45a4461e8e568d445cd3,real-shadow-event-da4653c055e75301b558b89f,latentatlas_action_time_masked_evidence_adapter_v1,,,,,,,,,,
review-backfill-a112b4349ae82b2c5d8d7fd5,real-shadow-event-da9f6d186befd7718982560b,latentatlas_action_time_masked_evidence_adapter_v1,,,,,,,,,,
review-backfill-6253df370948b22857a5a13e,real-shadow-event-dac8029249ceac3945fc10a4,latentatlas_action_time_masked_evidence_adapter_v1,,,,,,,,,,
review-backfill-6aef9397f0625bac869d1080,real-shadow-event-db70de54d63df4c1b7aeef63,latentatlas_action_time_masked_evidence_adapter_v1,,,,,,,,,,
review-backfill-ffe1569a8b927188b789ad3b,real-shadow-event-dbb269823bc1860f75bbb2a2,latentatlas_action_time_masked_evidence_adapter_v1,,,,,,,,,,
review-backfill-8f3e999ebc11d36b5d22f896,real-shadow-event-dbe43020adefb939a094c950,latentatlas_action_time_masked_evidence_adapter_v1,,,,,,,,,,
review-backfill-0e93a2977adb9a383a81a14b,real-shadow-event-dc0ed474ce49b9bd62d0144a,latentatlas_action_time_masked_evidence_adapter_v1,,,,,,,,,,
review-backfill-f8bad2c68a518984b54a7777,real-shadow-event-dc309402988a38c7fffad8be,latentatlas_action_time_masked_evidence_adapter_v1,,,,,,,,,,
review-backfill-6dc6f38320e4d71be7bfb62b,real-shadow-event-dc37051893cc8dd2947e226b,latentatlas_action_time_masked_evidence_adapter_v1,,,,,,,,,,
review-backfill-981709c9a9a92625ba3a1c11,real-shadow-event-dc7154c4ceb84ba23ad306d8,latentatlas_action_time_masked_evidence_adapter_v1,,,,,,,,,,
review-backfill-42d2c3bf0feaf64860b81133,real-shadow-event-dca61b72ca323bea02699ea2,latentatlas_action_time_masked_evidence_adapter_v1,,,,,,,,,,
review-backfill-c438ffe608087e479ed395bc,real-shadow-event-dcbec39a09ce835c532dfd61,latentatlas_action_time_masked_evidence_adapter_v1,,,,,,,,,,
review-backfill-0f0d697df3471051e25c0136,real-shadow-event-dd1d32de2111e5539f1df6c6,latentatlas_action_time_masked_evidence_adapter_v1,,,,,,,,,,
review-backfill-aececb3c5749a44ee765c11f,real-shadow-event-dd99ebe42526bf281f38ec6a,latentatlas_action_time_masked_evidence_adapter_v1,,,,,,,,,,
review-backfill-9cb79a78696d31af3e0e7db2,real-shadow-event-dde1233dd949368f64098ffb,latentatlas_action_time_masked_evidence_adapter_v1,,,,,,,,,,
review-backfill-1fcc4f9db42c6e6cb0bcd2e0,real-shadow-event-de11bb6c0e897eb1691631b3,latentatlas_action_time_masked_evidence_adapter_v1,,,,,,,,,,
review-backfill-4c7b6e0fa1d39a81e458609f,real-shadow-event-de2c0da6ce53d4cc28179a14,latentatlas_action_time_masked_evidence_adapter_v1,,,,,,,,,,
review-backfill-827a5d060c1ddd08a6bb58ab,real-shadow-event-de304830e4f64a7cb0d97e42,latentatlas_action_time_masked_evidence_adapter_v1,,,,,,,,,,
review-backfill-da331499f81e4ca84e7eeec7,real-shadow-event-de6634bb34f49651a2b1c641,latentatlas_action_time_masked_evidence_adapter_v1,,,,,,,,,,
review-backfill-6791881563b71dec55666ecb,real-shadow-event-de84ee94560702a6db5efdb4,latentatlas_action_time_masked_evidence_adapter_v1,,,,,,,,,,
review-backfill-bb52fe2788fc343fbbc88784,real-shadow-event-de9dec756cd8f2db4f9fca11,latentatlas_action_time_masked_evidence_adapter_v1,,,,,,,,,,
review-backfill-306296d53a8c9a5d65d83b69,real-shadow-event-de9f5fde926f5fb7ccc66d01,latentatlas_action_time_masked_evidence_adapter_v1,,,,,,,,,,
review-backfill-277681ff8ecae81120c4a131,real-shadow-event-deaadadf3cd2a967d3e53d44,latentatlas_action_time_masked_evidence_adapter_v1,,,,,,,,,,
review-backfill-c038c89fb4d4e172b5eae986,real-shadow-event-deacfcea4a0532d56bec5e84,latentatlas_action_time_masked_evidence_adapter_v1,,,,,,,,,,
review-backfill-5649d95b9ef6d7b1a6f2272f,real-shadow-event-dec9e7f6a30b277fc3cabcb3,latentatlas_action_time_masked_evidence_adapter_v1,,,,,,,,,,
review-backfill-03c4557c6e7ff7e6478ad20a,real-shadow-event-df817464a6d99d84942b0b91,latentatlas_action_time_masked_evidence_adapter_v1,,,,,,,,,,
review-backfill-b309d77dbf44da4613c781e0,real-shadow-event-df92e92d25eedebad07abb72,latentatlas_action_time_masked_evidence_adapter_v1,,,,,,,,,,
review-backfill-dbe553eea8168ecfb3a1cc34,real-shadow-event-dfce0b641407e52e8f94c691,latentatlas_action_time_masked_evidence_adapter_v1,,,,,,,,,,
review-backfill-a447656ddc8909410962e23f,real-shadow-event-dfd6c70236e3b3165d1b3737,latentatlas_action_time_masked_evidence_adapter_v1,,,,,,,,,,
review-backfill-3511bb99660b3d4a27c375c0,real-shadow-event-dfd8d9c243848d2acb25da8d,latentatlas_action_time_masked_evidence_adapter_v1,,,,,,,,,,
review-backfill-6da7b5835bbb9a6731ed72f0,real-shadow-event-e0005ec1a06ea516b4f3bed1,latentatlas_action_time_masked_evidence_adapter_v1,,,,,,,,,,
review-backfill-a6dce2f08d9ce4ae47ac18b2,real-shadow-event-e01d1ea948bd51965af3d244,latentatlas_action_time_masked_evidence_adapter_v1,,,,,,,,,,
review-backfill-ad29d3508ee6d2a1c091dc33,real-shadow-event-e01ed90eb0902209f3828b6c,latentatlas_action_time_masked_evidence_adapter_v1,,,,,,,,,,
review-backfill-95e60167f8267bc2012790dc,real-shadow-event-e0227f8bf3336c693ef325f9,latentatlas_action_time_masked_evidence_adapter_v1,,,,,,,,,,
review-backfill-ad50f9829036fd13174c690c,real-shadow-event-e02c28a601fb42852ec0c1e2,latentatlas_action_time_masked_evidence_adapter_v1,,,,,,,,,,
review-backfill-71a292e7d369d4d542d82399,real-shadow-event-e039bef1fa3eb4cf436182ae,latentatlas_action_time_masked_evidence_adapter_v1,,,,,,,,,,
review-backfill-254dfee4fb45aac0f5668101,real-shadow-event-e0669a82a2df7e151b53666a,latentatlas_action_time_masked_evidence_adapter_v1,,,,,,,,,,
review-backfill-dbe20de95075c625c019cf8b,real-shadow-event-e0a955f3443dac21684e9bf6,latentatlas_action_time_masked_evidence_adapter_v1,,,,,,,,,,
review-backfill-1d36775919a3c9d730f2e991,real-shadow-event-e0bc357db72fdeac3dd88092,latentatlas_action_time_masked_evidence_adapter_v1,,,,,,,,,,
review-backfill-5f39f75960dbfb016c40cad9,real-shadow-event-e108d79442f343ed108bf1fb,latentatlas_action_time_masked_evidence_adapter_v1,,,,,,,,,,
review-backfill-6df87c8b9cb584c2951e20b8,real-shadow-event-e12e2f60b6c82ef6d18b65ff,latentatlas_action_time_masked_evidence_adapter_v1,,,,,,,,,,
review-backfill-c1787881c9b7f4b8ceddb70c,real-shadow-event-e14c372ac8e143eb2da8c031,latentatlas_action_time_masked_evidence_adapter_v1,,,,,,,,,,
review-backfill-31084c0109d20e2d3c5424bc,real-shadow-event-e16fecd41064a8779d5fdb31,latentatlas_action_time_masked_evidence_adapter_v1,,,,,,,,,,
review-backfill-70b2a99feb74bf5ec5106c85,real-shadow-event-e1b124bfa9b49e852e29ba54,latentatlas_action_time_masked_evidence_adapter_v1,,,,,,,,,,
review-backfill-ee27e6aac3102884c1f82460,real-shadow-event-e1d03981036e89af5812b208,latentatlas_action_time_masked_evidence_adapter_v1,,,,,,,,,,
review-backfill-82b2c63d1915ca219becdf69,real-shadow-event-e1d7e608ed30b430d9cc525b,latentatlas_action_time_masked_evidence_adapter_v1,,,,,,,,,,
review-backfill-5ac6d68e55b5b5587a88e958,real-shadow-event-e1f955df273fdcd80c80d028,latentatlas_action_time_masked_evidence_adapter_v1,,,,,,,,,,
review-backfill-98d51ee2b5543e9f8849d9df,real-shadow-event-e200df84f9b4563448a13a28,latentatlas_action_time_masked_evidence_adapter_v1,,,,,,,,,,
review-backfill-54c748d958de07825e55b0c0,real-shadow-event-e212e50ec067b83c7367f591,latentatlas_action_time_masked_evidence_adapter_v1,,,,,,,,,,
review-backfill-b1ba09d80abf4713285e396c,real-shadow-event-e21b0a05db84e32ee9761622,latentatlas_action_time_masked_evidence_adapter_v1,,,,,,,,,,
review-backfill-141020dfb6ca33422f9b9a27,real-shadow-event-e247ffdd330cd83321ef3b8f,latentatlas_action_time_masked_evidence_adapter_v1,,,,,,,,,,
review-backfill-b73533a2d13f7528c55c083a,real-shadow-event-e2511464b43a53a79cb683d9,latentatlas_action_time_masked_evidence_adapter_v1,,,,,,,,,,
review-backfill-2cda6e670b2473e8e9d950da,real-shadow-event-e292899431508377e3060be6,latentatlas_action_time_masked_evidence_adapter_v1,,,,,,,,,,
review-backfill-b22677a747cbbe461cb329e2,real-shadow-event-e29b24cf405479e4cccb36d6,latentatlas_action_time_masked_evidence_adapter_v1,,,,,,,,,,
review-backfill-4cd89def9e3d181c88e1d618,real-shadow-event-e36ffe341ef9f63ff6b05e3d,latentatlas_action_time_masked_evidence_adapter_v1,,,,,,,,,,
review-backfill-94d1e6e1f8f73ab70011e756,real-shadow-event-e37af425d53f8d0925c8984e,latentatlas_action_time_masked_evidence_adapter_v1,,,,,,,,,,
review-backfill-a88cefb2762c93dab9cd10fa,real-shadow-event-e3b92d3ef8d137e261b3fc95,latentatlas_action_time_masked_evidence_adapter_v1,,,,,,,,,,
review-backfill-fea4c6f2cd2dc0bf041f95bd,real-shadow-event-e421a30b874a37eb54a856f3,latentatlas_action_time_masked_evidence_adapter_v1,,,,,,,,,,
review-backfill-b83f9b1e7c27507975339778,real-shadow-event-e449ede54de798532a6a1c92,latentatlas_action_time_masked_evidence_adapter_v1,,,,,,,,,,
review-backfill-a26eeb4971bb6743233ad531,real-shadow-event-e4519cc2dc0b9b95825f0d24,latentatlas_action_time_masked_evidence_adapter_v1,,,,,,,,,,
review-backfill-ce0211d59fedaef1dfd8b014,real-shadow-event-e4543c80256e21997b92339e,latentatlas_action_time_masked_evidence_adapter_v1,,,,,,,,,,
review-backfill-75794a86e617ee01f2d710d6,real-shadow-event-e45c83e5d44a0adcfe8c40d8,latentatlas_action_time_masked_evidence_adapter_v1,,,,,,,,,,
review-backfill-b3b3eac34bf43211c33cd528,real-shadow-event-e4664c444557cde554ae73ef,latentatlas_action_time_masked_evidence_adapter_v1,,,,,,,,,,
review-backfill-54922c93b8e5334a1b622d3d,real-shadow-event-e4744cd9c6898e68e02ea4ad,latentatlas_action_time_masked_evidence_adapter_v1,,,,,,,,,,
review-backfill-5063a9cdae4eb8ea263f3c20,real-shadow-event-e48b99c4a056de852470c478,latentatlas_action_time_masked_evidence_adapter_v1,,,,,,,,,,
review-backfill-f1fe59618751ef2dcdb9ad34,real-shadow-event-e4c19087caa993286f98bbb6,latentatlas_action_time_masked_evidence_adapter_v1,,,,,,,,,,
review-backfill-eff0b1ffd95127c90b107ed2,real-shadow-event-e4c5e6503e425149b6d46b9d,latentatlas_action_time_masked_evidence_adapter_v1,,,,,,,,,,
review-backfill-1d4943d079c7d564160c3301,real-shadow-event-e4d113bf1f054b5028c98cde,latentatlas_action_time_masked_evidence_adapter_v1,,,,,,,,,,
review-backfill-2001c5b87822aed1454c5f98,real-shadow-event-e4f742cd4b2792a1c6b7689f,latentatlas_action_time_masked_evidence_adapter_v1,,,,,,,,,,
review-backfill-80acd4ccc7c9f2570ee539f7,real-shadow-event-e528214e8ffe9bbe404a792f,latentatlas_action_time_masked_evidence_adapter_v1,,,,,,,,,,
review-backfill-acd3e4deb44543e3fb8e6ea8,real-shadow-event-e5444fbdb3145d32082db3dd,latentatlas_action_time_masked_evidence_adapter_v1,,,,,,,,,,
review-backfill-45f5865e70e61281106ce1a1,real-shadow-event-e558b37137417f9143f8fd1f,latentatlas_action_time_masked_evidence_adapter_v1,,,,,,,,,,
review-backfill-0ade3effd2d8ae72c845f4fa,real-shadow-event-e55faea2254db6b8893a67fe,latentatlas_action_time_masked_evidence_adapter_v1,,,,,,,,,,
review-backfill-a4ba72aebf66ec8a63de1349,real-shadow-event-e5d0eb5049b863992eb0af78,latentatlas_action_time_masked_evidence_adapter_v1,,,,,,,,,,
review-backfill-5e17e638cae881d4475da2c3,real-shadow-event-e5da6db4be4804ad991929c1,latentatlas_action_time_masked_evidence_adapter_v1,,,,,,,,,,
review-backfill-bd5e73db8e355666fceedf80,real-shadow-event-e601ae096a96846804631c5a,latentatlas_action_time_masked_evidence_adapter_v1,,,,,,,,,,
review-backfill-d93ed2f466316c61ea840088,real-shadow-event-e667fe13a7aa4aba9d2963f6,latentatlas_action_time_masked_evidence_adapter_v1,,,,,,,,,,
review-backfill-1abfa51ca7e07a5b6c2909e7,real-shadow-event-e6682403b03ed3b373d12e11,latentatlas_action_time_masked_evidence_adapter_v1,,,,,,,,,,
review-backfill-2896fb88f8745eeeab9b8121,real-shadow-event-e67607373ca0051977410d88,latentatlas_action_time_masked_evidence_adapter_v1,,,,,,,,,,
review-backfill-05eb13fdd45494da04fcc9fd,real-shadow-event-e6c095500e0a739cc6b644c6,latentatlas_action_time_masked_evidence_adapter_v1,,,,,,,,,,
review-backfill-763d55cb8bb8ec970b1fa336,real-shadow-event-e6e784be57e7ca00937009a3,latentatlas_action_time_masked_evidence_adapter_v1,,,,,,,,,,
review-backfill-43a18bf4b14c70b44b653074,real-shadow-event-e6ef7a4e0e70312aec2f680e,latentatlas_action_time_masked_evidence_adapter_v1,,,,,,,,,,
review-backfill-cc5e83a8a1094d68116abb07,real-shadow-event-e6f3df1a2d777a0ea9ee7899,latentatlas_action_time_masked_evidence_adapter_v1,,,,,,,,,,
review-backfill-499941fe386db3c5ba648646,real-shadow-event-e72780ee9766c65180ef779b,latentatlas_action_time_masked_evidence_adapter_v1,,,,,,,,,,
review-backfill-a2d42b25c3ac74394d7b9e59,real-shadow-event-e74a3094c1fcda812f41d9fd,latentatlas_action_time_masked_evidence_adapter_v1,,,,,,,,,,
review-backfill-83305c9703c10812b279f1f6,real-shadow-event-e7525cc1d9f4a6291956e6e4,latentatlas_action_time_masked_evidence_adapter_v1,,,,,,,,,,
review-backfill-4c8ca4a26f2cf791477a8eb0,real-shadow-event-e763eed6cc1a75413b776a37,latentatlas_action_time_masked_evidence_adapter_v1,,,,,,,,,,
review-backfill-f9eed98de919bffb7a22ef62,real-shadow-event-e7c6d220082ce8b7f512e130,latentatlas_action_time_masked_evidence_adapter_v1,,,,,,,,,,
review-backfill-28858f0eee01e293981254fd,real-shadow-event-e801808561a02205ead01a1a,latentatlas_action_time_masked_evidence_adapter_v1,,,,,,,,,,
review-backfill-8918bfdd63502c170f3f1c5d,real-shadow-event-e8053f8593d604dd1159bd34,latentatlas_action_time_masked_evidence_adapter_v1,,,,,,,,,,
review-backfill-ee6cedb7512ea9b13cbf64f6,real-shadow-event-e82e0cee153f5d881e589b3e,latentatlas_action_time_masked_evidence_adapter_v1,,,,,,,,,,
review-backfill-e64b0302679ea4e52a7e9477,real-shadow-event-e85d0b1d6d6d166e4e554d88,latentatlas_action_time_masked_evidence_adapter_v1,,,,,,,,,,
review-backfill-cb1879209165d827fd93b8e6,real-shadow-event-e8a739fb59fa41ffa5f8bfc1,latentatlas_action_time_masked_evidence_adapter_v1,,,,,,,,,,
review-backfill-1ddd1003a8e4087fe677e4c2,real-shadow-event-e9209199419fad2bfd1a2d83,latentatlas_action_time_masked_evidence_adapter_v1,,,,,,,,,,
review-backfill-a5f197e5da6befad342d9c41,real-shadow-event-e965e4e73142674692b0f6f8,latentatlas_action_time_masked_evidence_adapter_v1,,,,,,,,,,
review-backfill-4baf9676a6b3b45b7d2bd6b3,real-shadow-event-e9786c4cf95f1e1a5822b2c5,latentatlas_action_time_masked_evidence_adapter_v1,,,,,,,,,,
review-backfill-84cbbdf9b69a672cbb726155,real-shadow-event-e986b7ae53f6b9732eaa1fcc,latentatlas_action_time_masked_evidence_adapter_v1,,,,,,,,,,
review-backfill-e5f4e846f29637bce944ed5d,real-shadow-event-e992ddb7d5661132c7bbf40e,latentatlas_action_time_masked_evidence_adapter_v1,,,,,,,,,,
review-backfill-6a9111cd6db439f391cdb918,real-shadow-event-e9d5bb3891602d46bbdbafbd,latentatlas_action_time_masked_evidence_adapter_v1,,,,,,,,,,
review-backfill-da420d61db65eae05cc515da,real-shadow-event-ea38949d1828b6811d6b61e9,latentatlas_action_time_masked_evidence_adapter_v1,,,,,,,,,,
review-backfill-d8c12896067c03b3ce0b5dfa,real-shadow-event-ea650c234d97e200d6f16413,latentatlas_action_time_masked_evidence_adapter_v1,,,,,,,,,,
review-backfill-9ac288f229aef223ab403d96,real-shadow-event-ea77c1be221eb6cde561d9c0,latentatlas_action_time_masked_evidence_adapter_v1,,,,,,,,,,
review-backfill-361aed1dac80bc359f6a99c6,real-shadow-event-ea92715621efa55e2bd29d0e,latentatlas_action_time_masked_evidence_adapter_v1,,,,,,,,,,
review-backfill-d43718648c9d81c819164a2e,real-shadow-event-ea9ccdda35a24440423b65eb,latentatlas_action_time_masked_evidence_adapter_v1,,,,,,,,,,
review-backfill-5aa3a493295ea0a03adb6df0,real-shadow-event-eaeaacc19c035272d20a90dc,latentatlas_action_time_masked_evidence_adapter_v1,,,,,,,,,,
review-backfill-62e5357736760afcff41d723,real-shadow-event-eaf1ded7dfb3ffbae40c79b7,latentatlas_action_time_masked_evidence_adapter_v1,,,,,,,,,,
review-backfill-6bff3988d604e4ab63ec32f1,real-shadow-event-eaf4110f93c90d9bb8e61042,latentatlas_action_time_masked_evidence_adapter_v1,,,,,,,,,,
review-backfill-b1d1d6eaa6aa6fdc1765892d,real-shadow-event-eb25acf4c534ee7664477bbe,latentatlas_action_time_masked_evidence_adapter_v1,,,,,,,,,,
review-backfill-0e832f12e62d571450c6a7d9,real-shadow-event-eb2fc97330169f96026e9dfd,latentatlas_action_time_masked_evidence_adapter_v1,,,,,,,,,,
review-backfill-2d19f4dd95a86c3c50b5d521,real-shadow-event-eb6aacfdadc2f3c07989c221,latentatlas_action_time_masked_evidence_adapter_v1,,,,,,,,,,
review-backfill-f69c86e5476067c4d967081b,real-shadow-event-eba24d414c6f889ec4c4f4a7,latentatlas_action_time_masked_evidence_adapter_v1,,,,,,,,,,
review-backfill-97763fe8e697f6a48cef0a5e,real-shadow-event-ec375bd8afb7d87e38f2df10,latentatlas_action_time_masked_evidence_adapter_v1,,,,,,,,,,
review-backfill-b61469afb92334370beea295,real-shadow-event-ec51510a57bc8f7cf7118e42,latentatlas_action_time_masked_evidence_adapter_v1,,,,,,,,,,
review-backfill-2b7d920a2aae29647e5d93a8,real-shadow-event-ec710d4e0232ed7ad625c1cd,latentatlas_action_time_masked_evidence_adapter_v1,,,,,,,,,,
review-backfill-0feca40d852c87485c9b6269,real-shadow-event-ec765b85654dbe705d1ce65f,latentatlas_action_time_masked_evidence_adapter_v1,,,,,,,,,,
review-backfill-c384d560b9d0a557b01896ec,real-shadow-event-ec7c1683a0a5444c3cf0517b,latentatlas_action_time_masked_evidence_adapter_v1,,,,,,,,,,
review-backfill-1777aa61f1ae64cdf1a71a94,real-shadow-event-ec86289358f55ce9b2e9abe2,latentatlas_action_time_masked_evidence_adapter_v1,,,,,,,,,,
review-backfill-26d2eb75a313546e68501c44,real-shadow-event-ec96e3987cc2667795567c18,latentatlas_action_time_masked_evidence_adapter_v1,,,,,,,,,,
review-backfill-4fd91f30373260eabf596786,real-shadow-event-ecad3e8e348b529dfd11b348,latentatlas_action_time_masked_evidence_adapter_v1,,,,,,,,,,
review-backfill-b0fbb6d641fe13227d34be7f,real-shadow-event-ecb3ea735e32692de493e11d,latentatlas_action_time_masked_evidence_adapter_v1,,,,,,,,,,
review-backfill-c46024fab30e5d61deb30c8a,real-shadow-event-ecb5d09fbcc18a5735e05b4e,latentatlas_action_time_masked_evidence_adapter_v1,,,,,,,,,,
review-backfill-4c92d59931e029465391cdb0,real-shadow-event-ed06c2b572f4ba4d48080141,latentatlas_action_time_masked_evidence_adapter_v1,,,,,,,,,,
review-backfill-9e14fc8cb524d6c97ee00664,real-shadow-event-ed540dc033d3494ecc1d1d11,latentatlas_action_time_masked_evidence_adapter_v1,,,,,,,,,,
review-backfill-198ed923b6928a72fc0ad2de,real-shadow-event-eddec55cb19ae8b97223daad,latentatlas_action_time_masked_evidence_adapter_v1,,,,,,,,,,
review-backfill-aeb64eedd138b9c00165de02,real-shadow-event-ee152a0a54e2cae283f9ea82,latentatlas_action_time_masked_evidence_adapter_v1,,,,,,,,,,
review-backfill-3952749f0cca2d3d30c399f9,real-shadow-event-eea246899b9c08ad2a6c99d1,latentatlas_action_time_masked_evidence_adapter_v1,,,,,,,,,,
review-backfill-4d7d01a319802ae56fc49d26,real-shadow-event-eea2de7d573b2e45a578abb6,latentatlas_action_time_masked_evidence_adapter_v1,,,,,,,,,,
review-backfill-623c74c9eb3bce9a6d41e94a,real-shadow-event-eeccfa805e8c7a81a118dfa7,latentatlas_action_time_masked_evidence_adapter_v1,,,,,,,,,,
review-backfill-2d79f875f24bdf1695e4fb39,real-shadow-event-eedce078acdd5d467d671583,latentatlas_action_time_masked_evidence_adapter_v1,,,,,,,,,,
review-backfill-605a35b8fb2203f367884483,real-shadow-event-eeeb4e0979cb032f8737dd5f,latentatlas_action_time_masked_evidence_adapter_v1,,,,,,,,,,
review-backfill-b8fc062869c4d86c907ef48a,real-shadow-event-ef40665ce913efd7a2981ef5,latentatlas_action_time_masked_evidence_adapter_v1,,,,,,,,,,
review-backfill-233e4323abb6ffa02c6b0b1c,real-shadow-event-ef6ced7c6ba5f3e9c0ec003b,latentatlas_action_time_masked_evidence_adapter_v1,,,,,,,,,,
review-backfill-baf3ca554b1e2dbf508cf52a,real-shadow-event-efeb39d78c93bea8d02c5ce0,latentatlas_action_time_masked_evidence_adapter_v1,,,,,,,,,,
review-backfill-2196e948daeec951f0e9b699,real-shadow-event-f00e8614a31416a0d29be618,latentatlas_action_time_masked_evidence_adapter_v1,,,,,,,,,,
review-backfill-7e3c64a06511c6f51568793e,real-shadow-event-f016d82c1bb61a11153b276b,latentatlas_action_time_masked_evidence_adapter_v1,,,,,,,,,,
review-backfill-8b594e698ce19f32b940e7da,real-shadow-event-f025c504b426611d8e00742c,latentatlas_action_time_masked_evidence_adapter_v1,,,,,,,,,,
review-backfill-e37f8615ab2241477b559a3a,real-shadow-event-f027b04f3d8eb1b9c7d01388,latentatlas_action_time_masked_evidence_adapter_v1,,,,,,,,,,
review-backfill-bf26c7e6541cd800ecba2d29,real-shadow-event-f0313a2b3866d377501fc912,latentatlas_action_time_masked_evidence_adapter_v1,,,,,,,,,,
review-backfill-39945256e7b734eea3905713,real-shadow-event-f0c09393862d9e6cd1ec38cf,latentatlas_action_time_masked_evidence_adapter_v1,,,,,,,,,,
review-backfill-0981843857a25722337148b0,real-shadow-event-f0f52930f58c61a3194822c1,latentatlas_action_time_masked_evidence_adapter_v1,,,,,,,,,,
review-backfill-2c24722b05ada803a0d08ab2,real-shadow-event-f18a256c7f7d4a39f90813fc,latentatlas_action_time_masked_evidence_adapter_v1,,,,,,,,,,
review-backfill-4a03cfc27dee94b36512e2ff,real-shadow-event-f18ced88a2a40b6c85159733,latentatlas_action_time_masked_evidence_adapter_v1,,,,,,,,,,
review-backfill-c2778e4df7f73d2f2e26fb8b,real-shadow-event-f1ec0a1c36642d41ed909a99,latentatlas_action_time_masked_evidence_adapter_v1,,,,,,,,,,
review-backfill-3398a63c77c6bc932bc74f2c,real-shadow-event-f22a0d919009d24e05ff8814,latentatlas_action_time_masked_evidence_adapter_v1,,,,,,,,,,
review-backfill-e6785ae77c1c5d0d767c561b,real-shadow-event-f2333dc5c2d09aa1ca8353e2,latentatlas_action_time_masked_evidence_adapter_v1,,,,,,,,,,
review-backfill-b3aea8a5da443948080a83f6,real-shadow-event-f286966acda74ad789fea96b,latentatlas_action_time_masked_evidence_adapter_v1,,,,,,,,,,
review-backfill-20bdf01c2fb0774686bce9dc,real-shadow-event-f28f2ad6ff6d41a50ab420c6,latentatlas_action_time_masked_evidence_adapter_v1,,,,,,,,,,
review-backfill-6e444808e3d04f7aceaed109,real-shadow-event-f2dcbe60dd06a401a5696c76,latentatlas_action_time_masked_evidence_adapter_v1,,,,,,,,,,
review-backfill-30e7c3a01c889e86a842a87f,real-shadow-event-f33b93b9b5b0f6b5369c2b5e,latentatlas_action_time_masked_evidence_adapter_v1,,,,,,,,,,
review-backfill-5f6fd4c29864a4d1cfad83e9,real-shadow-event-f3717320e08bf6e12196810f,latentatlas_action_time_masked_evidence_adapter_v1,,,,,,,,,,
review-backfill-17fcbfa6c3f2ba11b4e5fb0a,real-shadow-event-f378ae92249c52caf6b3f29c,latentatlas_action_time_masked_evidence_adapter_v1,,,,,,,,,,
review-backfill-b2544a63b47a7005f6bce248,real-shadow-event-f3a1791365b046eda14e88ce,latentatlas_action_time_masked_evidence_adapter_v1,,,,,,,,,,
review-backfill-dc343aef1739819b52c1f238,real-shadow-event-f3ae643d983175daa73fa312,latentatlas_action_time_masked_evidence_adapter_v1,,,,,,,,,,
review-backfill-a689f1fc2889282fb1bbd0a7,real-shadow-event-f3c2dfffaed8dee0bbdeb2bd,latentatlas_action_time_masked_evidence_adapter_v1,,,,,,,,,,
review-backfill-23b7b02363cb2e0aa8f3d0cf,real-shadow-event-f3dd913c3791abb4abeebaff,latentatlas_action_time_masked_evidence_adapter_v1,,,,,,,,,,
review-backfill-fdcf3557498f2a43e097f032,real-shadow-event-f491ad7801b3547223004633,latentatlas_action_time_masked_evidence_adapter_v1,,,,,,,,,,
review-backfill-887b93e5033f4d52fb061ebc,real-shadow-event-f4b6cbac34cbd10e1dafe4dc,latentatlas_action_time_masked_evidence_adapter_v1,,,,,,,,,,
review-backfill-bd275539a1246c53acbeb59e,real-shadow-event-f4e09b00aaf4fe8ee18e59a2,latentatlas_action_time_masked_evidence_adapter_v1,,,,,,,,,,
review-backfill-805ac9426fc23af894379785,real-shadow-event-f52c0db28348bddcd996794e,latentatlas_action_time_masked_evidence_adapter_v1,,,,,,,,,,
review-backfill-3bea869a3be752071d8eb4d8,real-shadow-event-f566b07450c6f1f6e825a1e6,latentatlas_action_time_masked_evidence_adapter_v1,,,,,,,,,,
review-backfill-6303a9231fcbf5cd5fa096a2,real-shadow-event-f5684bbba9aaa4242d601dd0,latentatlas_action_time_masked_evidence_adapter_v1,,,,,,,,,,
review-backfill-c262fac113eecbeb4358c5aa,real-shadow-event-f595d1b73419245bb6fd4410,latentatlas_action_time_masked_evidence_adapter_v1,,,,,,,,,,
review-backfill-ca34df850a1b974dd7b3a494,real-shadow-event-f5b157ad9c5f4b7947701839,latentatlas_action_time_masked_evidence_adapter_v1,,,,,,,,,,
review-backfill-416f978b49696d1d285127d9,real-shadow-event-f5e0cc47c572906a8431bda0,latentatlas_action_time_masked_evidence_adapter_v1,,,,,,,,,,
review-backfill-d76a35a04baf338d1e6ff643,real-shadow-event-f71a75edd8b96b74aa38fde9,latentatlas_action_time_masked_evidence_adapter_v1,,,,,,,,,,
review-backfill-043c1fa484fab4e9bec57b74,real-shadow-event-f724c8a3e26ca0d30fd513e5,latentatlas_action_time_masked_evidence_adapter_v1,,,,,,,,,,
review-backfill-3281452ab85c0d7d3820c932,real-shadow-event-f7b2664bba3e96232deeaf4a,latentatlas_action_time_masked_evidence_adapter_v1,,,,,,,,,,
review-backfill-210100c02c5409e9f21585b0,real-shadow-event-f7d4f455769fd78340f162cb,latentatlas_action_time_masked_evidence_adapter_v1,,,,,,,,,,
review-backfill-d62dde622875d9fb184fc5bd,real-shadow-event-f853ce73dfccd929b57d7328,latentatlas_action_time_masked_evidence_adapter_v1,,,,,,,,,,
review-backfill-0e2985605662198501ee2140,real-shadow-event-f85a2f43eaf3694130cdf440,latentatlas_action_time_masked_evidence_adapter_v1,,,,,,,,,,
review-backfill-6babefa5a9d61fc3eb5f8074,real-shadow-event-f86d7470d5cad87fcd410599,latentatlas_action_time_masked_evidence_adapter_v1,,,,,,,,,,
review-backfill-4e153f71722df59ed94fcdb9,real-shadow-event-f8992de2fd91494b8bd56bab,latentatlas_action_time_masked_evidence_adapter_v1,,,,,,,,,,
review-backfill-ce78eab2463156303719251d,real-shadow-event-f8b22a831ed3a3517751953b,latentatlas_action_time_masked_evidence_adapter_v1,,,,,,,,,,
review-backfill-f23af6e68af524abda7e3f83,real-shadow-event-f8fbf82b9072aef9de0fe372,latentatlas_action_time_masked_evidence_adapter_v1,,,,,,,,,,
review-backfill-d103604fbac46c162f5fc7c9,real-shadow-event-f9313472a684df06b8938d2e,latentatlas_action_time_masked_evidence_adapter_v1,,,,,,,,,,
review-backfill-412121bef8af1dd74a3fc2c7,real-shadow-event-f9411a5bbc7490442c484e82,latentatlas_action_time_masked_evidence_adapter_v1,,,,,,,,,,
review-backfill-c5274894a6b2445b7debd7dd,real-shadow-event-f963a6abacea5e006908dbc6,latentatlas_action_time_masked_evidence_adapter_v1,,,,,,,,,,
review-backfill-a9ecffa0a405559d04595837,real-shadow-event-f97ae4952512df8daea1b225,latentatlas_action_time_masked_evidence_adapter_v1,,,,,,,,,,
review-backfill-b30acbd7f77a0fb0a7b755bb,real-shadow-event-f97e16139398e3ffddbdd113,latentatlas_action_time_masked_evidence_adapter_v1,,,,,,,,,,
review-backfill-15b53f63847d9249d9a25813,real-shadow-event-f9911e3165c3edb09d647a20,latentatlas_action_time_masked_evidence_adapter_v1,,,,,,,,,,
review-backfill-7d99b5e929a0aaf3d989bc98,real-shadow-event-f9a805a19b5d623f8c31c0ed,latentatlas_action_time_masked_evidence_adapter_v1,,,,,,,,,,
review-backfill-a2b25cf65040a41c8e6017e6,real-shadow-event-f9d9c46609aecd5febd7623c,latentatlas_action_time_masked_evidence_adapter_v1,,,,,,,,,,
review-backfill-2455102a7f8a856861b4622c,real-shadow-event-fa04837ca9e5c3bd8f7d3d7a,latentatlas_action_time_masked_evidence_adapter_v1,,,,,,,,,,
review-backfill-cd97695afe294fc2101c3d32,real-shadow-event-fa05fb296ba26e37b4bd65d3,latentatlas_action_time_masked_evidence_adapter_v1,,,,,,,,,,
review-backfill-b239fddd054bb5e5a9bdfa94,real-shadow-event-fa2924446cd37c37b822cf46,latentatlas_action_time_masked_evidence_adapter_v1,,,,,,,,,,
review-backfill-14b9f3ca79cc400b326169dd,real-shadow-event-fa5d3db6f71ec7a498e090b5,latentatlas_action_time_masked_evidence_adapter_v1,,,,,,,,,,
review-backfill-268510c2e9f15148ec3512bb,real-shadow-event-fa61374849b3c1a1091cff43,latentatlas_action_time_masked_evidence_adapter_v1,,,,,,,,,,
review-backfill-d02ea6a9c5418e5936889c04,real-shadow-event-fa95c44c76051aa57b535fc1,latentatlas_action_time_masked_evidence_adapter_v1,,,,,,,,,,
review-backfill-b259d585e562551f950fe46c,real-shadow-event-faa982c0d3af9338c54b0bb8,latentatlas_action_time_masked_evidence_adapter_v1,,,,,,,,,,
review-backfill-6e3cd6fd2e1c3b7457ca589d,real-shadow-event-fad5b387821224c95393c38e,latentatlas_action_time_masked_evidence_adapter_v1,,,,,,,,,,
review-backfill-b5c600a6c65a5b581312c3f9,real-shadow-event-fadd80089ea421863d93d2db,latentatlas_action_time_masked_evidence_adapter_v1,,,,,,,,,,
review-backfill-00ed152c4a15d6b82989d254,real-shadow-event-fadf1a4a3980dff69170a79e,latentatlas_action_time_masked_evidence_adapter_v1,,,,,,,,,,
review-backfill-9d80ff2c3387cc7159831933,real-shadow-event-fb19fab61c2038aa958dee08,latentatlas_action_time_masked_evidence_adapter_v1,,,,,,,,,,
review-backfill-f21ce345b2061fdae2d02937,real-shadow-event-fb941ea63959fb9c8268ef32,latentatlas_action_time_masked_evidence_adapter_v1,,,,,,,,,,
review-backfill-7eebcdc7da9e4ac1b755c0c2,real-shadow-event-fb9ed97633c14e0326991324,latentatlas_action_time_masked_evidence_adapter_v1,,,,,,,,,,
review-backfill-45c693850d5088db3261d557,real-shadow-event-fbb3c118ef1468c6c9c7a715,latentatlas_action_time_masked_evidence_adapter_v1,,,,,,,,,,
review-backfill-320b783f65f3f974adb1f32c,real-shadow-event-fc03b708cd4cd6883adbadc6,latentatlas_action_time_masked_evidence_adapter_v1,,,,,,,,,,
review-backfill-c817e2ff3c4a67fe440d243b,real-shadow-event-fc550ec4b694f892d0d9986c,latentatlas_action_time_masked_evidence_adapter_v1,,,,,,,,,,
review-backfill-f737179b4ea82a07515d54b2,real-shadow-event-fc64125caddb586a40d05ac6,latentatlas_action_time_masked_evidence_adapter_v1,,,,,,,,,,
review-backfill-da452271800fd2fcbb18c670,real-shadow-event-fc9cf68e9fd33226a124d634,latentatlas_action_time_masked_evidence_adapter_v1,,,,,,,,,,
review-backfill-9688c6fe504c8c9920d459e1,real-shadow-event-fcaee5ccbf96a1409dd72549,latentatlas_action_time_masked_evidence_adapter_v1,,,,,,,,,,
review-backfill-9bcc0b30b579fe1eded8a278,real-shadow-event-fceacdee6701c292effb4892,latentatlas_action_time_masked_evidence_adapter_v1,,,,,,,,,,
review-backfill-101f8fcb8b692f2f528eca40,real-shadow-event-fcedcb23572983002834e10e,latentatlas_action_time_masked_evidence_adapter_v1,,,,,,,,,,
review-backfill-7d347d6c692c916ff3dc5cfe,real-shadow-event-fd08173a3b2cb6821aec0f8b,latentatlas_action_time_masked_evidence_adapter_v1,,,,,,,,,,
review-backfill-65c68bdff2af3a5aab080d15,real-shadow-event-fd21971777111b3162ea7a5d,latentatlas_action_time_masked_evidence_adapter_v1,,,,,,,,,,
review-backfill-c4debea89143a1716f3c7d1f,real-shadow-event-fe06248f87c7e69e7bde7d5a,latentatlas_action_time_masked_evidence_adapter_v1,,,,,,,,,,
review-backfill-9df59708462d2eae1d61ab2d,real-shadow-event-fe7636e39e06ec5da7de3ca5,latentatlas_action_time_masked_evidence_adapter_v1,,,,,,,,,,
review-backfill-721934b832a1d2c389e2f571,real-shadow-event-fed66e2c93c72f690f6c1cf0,latentatlas_action_time_masked_evidence_adapter_v1,,,,,,,,,,
review-backfill-d5c8cf6b62a2798c4799d39a,real-shadow-event-fee6f5f39302f30f4c5b486d,latentatlas_action_time_masked_evidence_adapter_v1,,,,,,,,,,
review-backfill-13adf527d5ea6e9cdf3ba668,real-shadow-event-feef5f992e7ebf286a67074d,latentatlas_action_time_masked_evidence_adapter_v1,,,,,,,,,,
review-backfill-0661e54459dd69c86812872e,real-shadow-event-ff20d682a1c5887dec9c6f76,latentatlas_action_time_masked_evidence_adapter_v1,,,,,,,,,,
review-backfill-5570d42ad9c192c92b1fcb66,real-shadow-event-ff2a0df43237f060034ab1ce,latentatlas_action_time_masked_evidence_adapter_v1,,,,,,,,,,
review-backfill-34d6556904ce71b83a3cb440,real-shadow-event-ff935242a12a534e2e3e5aa6,latentatlas_action_time_masked_evidence_adapter_v1,,,,,,,,,,
review-backfill-2227beef40abf5e30923ce09,real-shadow-event-ffb34e810283afbca6abe6a6,latentatlas_action_time_masked_evidence_adapter_v1,,,,,,,,,,
review-backfill-b203f35bd24a4ac0e4d2ae98,real-shadow-event-0497c6ba2e7df01e94653c07,latentatlas_action_time_masked_evidence_adapter_v1,,,,,,,,,,
review-backfill-c5e8ab171f3ada01015c2115,real-shadow-event-061218238026d30ea2a12663,latentatlas_action_time_masked_evidence_adapter_v1,,,,,,,,,,
review-backfill-52b63908e615e7e8ddfabb74,real-shadow-event-0666fa0d66184a05fd432464,latentatlas_action_time_masked_evidence_adapter_v1,,,,,,,,,,
review-backfill-c9116723b360a86293661ca3,real-shadow-event-09da8f2d2413ce8512d52915,latentatlas_action_time_masked_evidence_adapter_v1,,,,,,,,,,
review-backfill-3dd0291795d9e9817ec943b3,real-shadow-event-0a4af824749ddf2f9c490f41,latentatlas_action_time_masked_evidence_adapter_v1,,,,,,,,,,
review-backfill-0d53728eecda530d4f15bfe2,real-shadow-event-0bf383c37fbdf1176b43102e,latentatlas_action_time_masked_evidence_adapter_v1,,,,,,,,,,
review-backfill-8bda1385be55ea94fd20a8d2,real-shadow-event-10527ce6ece099000bb3c706,latentatlas_action_time_masked_evidence_adapter_v1,,,,,,,,,,
review-backfill-be1a40904ae7f425188fda27,real-shadow-event-1056a8b43630670cd7312806,latentatlas_action_time_masked_evidence_adapter_v1,,,,,,,,,,
review-backfill-dea4339c7e38ff5cd29690e6,real-shadow-event-1262a407ed8fb77b1491cba4,latentatlas_action_time_masked_evidence_adapter_v1,,,,,,,,,,
review-backfill-9e3b06c4351be9603aa7e76a,real-shadow-event-1302f6ccb84c2c5acebe33e9,latentatlas_action_time_masked_evidence_adapter_v1,,,,,,,,,,
review-backfill-2372bcfa304d1c0f3feba178,real-shadow-event-149e87598314a3316e45562b,latentatlas_action_time_masked_evidence_adapter_v1,,,,,,,,,,
review-backfill-649494d01cd16e19c7b80138,real-shadow-event-15b86dbef9b4d0e8a547225e,latentatlas_action_time_masked_evidence_adapter_v1,,,,,,,,,,
review-backfill-336dbcc38d34d1011fa30f06,real-shadow-event-1c4a8ebe74bd9bcfa96690f6,latentatlas_action_time_masked_evidence_adapter_v1,,,,,,,,,,
review-backfill-c249d246500e38ebb48d0891,real-shadow-event-1d2abc4e88482c0770793200,latentatlas_action_time_masked_evidence_adapter_v1,,,,,,,,,,
review-backfill-f1429d1cc05dec7a2a975220,real-shadow-event-202bde8840b7d6ccca1dd4c7,latentatlas_action_time_masked_evidence_adapter_v1,,,,,,,,,,
review-backfill-3bbcdf8e4ca06c7b43f65f08,real-shadow-event-21d0377fad01a0b2331b5a37,latentatlas_action_time_masked_evidence_adapter_v1,,,,,,,,,,
review-backfill-82d5b04cde253d22a696102d,real-shadow-event-234f87aedd20561fe052ced0,latentatlas_action_time_masked_evidence_adapter_v1,,,,,,,,,,
review-backfill-622af6375fbb4bdf512e6064,real-shadow-event-24fee6e53f17390d776ed62b,latentatlas_action_time_masked_evidence_adapter_v1,,,,,,,,,,
review-backfill-d7690b50d15d1831955c4f35,real-shadow-event-289012304e055780afb08f42,latentatlas_action_time_masked_evidence_adapter_v1,,,,,,,,,,
review-backfill-37c7dc8b1b4fa900dca14739,real-shadow-event-29fb9e845ee90ecdbd698312,latentatlas_action_time_masked_evidence_adapter_v1,,,,,,,,,,
review-backfill-2c1ac0ff23ece51411d007cc,real-shadow-event-2e0c8286bcb260e2ec4c2a90,latentatlas_action_time_masked_evidence_adapter_v1,,,,,,,,,,
review-backfill-a0421d7d13c972a73609398d,real-shadow-event-2f465f646cf46073f7b51a82,latentatlas_action_time_masked_evidence_adapter_v1,,,,,,,,,,
review-backfill-8e53b8c7bcea778f2de38b51,real-shadow-event-2fa18ec1148cf8266956dc3c,latentatlas_action_time_masked_evidence_adapter_v1,,,,,,,,,,
review-backfill-11b068bc3972a2d2c2256cca,real-shadow-event-350db6088197240761d84ec9,latentatlas_action_time_masked_evidence_adapter_v1,,,,,,,,,,
review-backfill-9ec9587f30c394cd0c3ed0ab,real-shadow-event-35657e80398cc1dd847de6a7,latentatlas_action_time_masked_evidence_adapter_v1,,,,,,,,,,
review-backfill-680af161c3dc0f8fc15e5094,real-shadow-event-3610240534e183343941fcc4,latentatlas_action_time_masked_evidence_adapter_v1,,,,,,,,,,
review-backfill-68f98cfe1212a721aa908479,real-shadow-event-3a161d01dd0779d0cd1b3031,latentatlas_action_time_masked_evidence_adapter_v1,,,,,,,,,,
review-backfill-37df781dbf02799de9737a86,real-shadow-event-3b2e0b08f24796dcfe9f25f9,latentatlas_action_time_masked_evidence_adapter_v1,,,,,,,,,,
review-backfill-8e55e6d1df9a07538a22b710,real-shadow-event-3b747699df25b1ae2df20d3d,latentatlas_action_time_masked_evidence_adapter_v1,,,,,,,,,,
review-backfill-ba65020ef27013afb39fa920,real-shadow-event-3ec3c3516f206b6d154875d4,latentatlas_action_time_masked_evidence_adapter_v1,,,,,,,,,,
review-backfill-190693a316a282dfa11a702a,real-shadow-event-3fdad0155484f3b102259668,latentatlas_action_time_masked_evidence_adapter_v1,,,,,,,,,,
review-backfill-651c34af517f86ede788d810,real-shadow-event-41e6624e0821f7d6b1895273,latentatlas_action_time_masked_evidence_adapter_v1,,,,,,,,,,
review-backfill-9a2bbe8910ccf327043793b5,real-shadow-event-4209d678e1ca7062af1bf490,latentatlas_action_time_masked_evidence_adapter_v1,,,,,,,,,,
review-backfill-ec67dbd212f5cea18c81dac8,real-shadow-event-424efdb74252fca3870a1ee2,latentatlas_action_time_masked_evidence_adapter_v1,,,,,,,,,,
review-backfill-6aefc361e6775fee9332190d,real-shadow-event-44392d701f52abe8e73946e3,latentatlas_action_time_masked_evidence_adapter_v1,,,,,,,,,,
review-backfill-af718d98e5b0645cecbfb4d6,real-shadow-event-451745aac1d42e8681e0858a,latentatlas_action_time_masked_evidence_adapter_v1,,,,,,,,,,
review-backfill-5c68cbe95be3cd8094489407,real-shadow-event-454b67a80fd458afd99ce0c9,latentatlas_action_time_masked_evidence_adapter_v1,,,,,,,,,,
review-backfill-1c1a0415b732b4d87237a6f3,real-shadow-event-48addc0590d565054e300a7f,latentatlas_action_time_masked_evidence_adapter_v1,,,,,,,,,,
review-backfill-d9f31b9122acbbb0de73afe9,real-shadow-event-4b553b0d7935d40c6d8662c1,latentatlas_action_time_masked_evidence_adapter_v1,,,,,,,,,,
review-backfill-ebcb4d2a23ffa2b7df94749d,real-shadow-event-4bb341fa5e8463449bb25446,latentatlas_action_time_masked_evidence_adapter_v1,,,,,,,,,,
review-backfill-47521869ec3cdf5233ffcb63,real-shadow-event-4c47e5ec5ef5a21aca85c13d,latentatlas_action_time_masked_evidence_adapter_v1,,,,,,,,,,
review-backfill-882d3d5724e4c2348b8f1d1f,real-shadow-event-4ebe1d4c9e03fb986a676d8f,latentatlas_action_time_masked_evidence_adapter_v1,,,,,,,,,,
review-backfill-fb27be4984e691287615d498,real-shadow-event-52077113ae79ab342b700a3b,latentatlas_action_time_masked_evidence_adapter_v1,,,,,,,,,,
review-backfill-609693291739bf36b3f362a9,real-shadow-event-529208b8372e967dc18b99fa,latentatlas_action_time_masked_evidence_adapter_v1,,,,,,,,,,
review-backfill-ba2ee50168e1980f49f14c19,real-shadow-event-52b632bfcbb8e7fc99f4514b,latentatlas_action_time_masked_evidence_adapter_v1,,,,,,,,,,
review-backfill-28c6d53aec1fd26020dd44e8,real-shadow-event-557bd155a63faa581fc54afa,latentatlas_action_time_masked_evidence_adapter_v1,,,,,,,,,,
review-backfill-d69615a300ac9332bb7f9e1a,real-shadow-event-58921e06d6fe863a71faf371,latentatlas_action_time_masked_evidence_adapter_v1,,,,,,,,,,
review-backfill-7ea9a11736930bde17fa28d8,real-shadow-event-5929a4ea27118a24b4d8f535,latentatlas_action_time_masked_evidence_adapter_v1,,,,,,,,,,
review-backfill-d1d8868b0106102f11c6e539,real-shadow-event-593581e3054930fb48b79b32,latentatlas_action_time_masked_evidence_adapter_v1,,,,,,,,,,
review-backfill-f8adf32b837316e1e10a7191,real-shadow-event-5bd2061646271219d04e2300,latentatlas_action_time_masked_evidence_adapter_v1,,,,,,,,,,
review-backfill-1809b3cc481df1fed11f0034,real-shadow-event-6297ad74a197a302710bf1b1,latentatlas_action_time_masked_evidence_adapter_v1,,,,,,,,,,
review-backfill-cc13a4754984d45bb2cfa869,real-shadow-event-650d90af7f07ccd87ad755f0,latentatlas_action_time_masked_evidence_adapter_v1,,,,,,,,,,
review-backfill-ca82260f4bf5c2528b84e7a4,real-shadow-event-655bf431797fa03f7f222295,latentatlas_action_time_masked_evidence_adapter_v1,,,,,,,,,,
review-backfill-1425d4b355a4c5e31c876740,real-shadow-event-657151d1236ba3ec0f9362d6,latentatlas_action_time_masked_evidence_adapter_v1,,,,,,,,,,
review-backfill-23f9e35b9c5699495299f21e,real-shadow-event-65a7e998c66ebe39d484be5d,latentatlas_action_time_masked_evidence_adapter_v1,,,,,,,,,,
review-backfill-457d4621efc1b86f0d2a1a2d,real-shadow-event-6b57a5299958ffdbd6d3e2ed,latentatlas_action_time_masked_evidence_adapter_v1,,,,,,,,,,
review-backfill-9738b70e35c7c4f1cd3c51e0,real-shadow-event-6d22eec104607761791cef07,latentatlas_action_time_masked_evidence_adapter_v1,,,,,,,,,,
review-backfill-b949a867fff8ba7c29b809f9,real-shadow-event-6dc8ad6414d204afec42b848,latentatlas_action_time_masked_evidence_adapter_v1,,,,,,,,,,
review-backfill-9c4d31bf12d5cd75460cab52,real-shadow-event-6f3886918e352d62f6f5b837,latentatlas_action_time_masked_evidence_adapter_v1,,,,,,,,,,
review-backfill-eb595f28de1e6e025332f1ad,real-shadow-event-6fc0042aad7f79a4f0004ed8,latentatlas_action_time_masked_evidence_adapter_v1,,,,,,,,,,
review-backfill-552232fec5d8f3f5e6dc8044,real-shadow-event-718c662581bb3cee8dd603b5,latentatlas_action_time_masked_evidence_adapter_v1,,,,,,,,,,
review-backfill-12fde0f82930c47b04195a6a,real-shadow-event-72abe601da455704681520ad,latentatlas_action_time_masked_evidence_adapter_v1,,,,,,,,,,
review-backfill-c6714a1ff1f94b95e8ac1902,real-shadow-event-743d4c7057ab66164c4152d7,latentatlas_action_time_masked_evidence_adapter_v1,,,,,,,,,,
review-backfill-ca826a4c96a2cd604fce26cb,real-shadow-event-78052bf1bd7ef390bffa898e,latentatlas_action_time_masked_evidence_adapter_v1,,,,,,,,,,
review-backfill-53edb9a5a70715d56635345f,real-shadow-event-781abfb2b0484accb7af8edc,latentatlas_action_time_masked_evidence_adapter_v1,,,,,,,,,,
review-backfill-272c38b28daa60af1cf413f1,real-shadow-event-7ec2c4b191c19f1c83f31cd8,latentatlas_action_time_masked_evidence_adapter_v1,,,,,,,,,,
review-backfill-9cf6e1562a959601ea0f0c79,real-shadow-event-7edc4921246cce9ba69cad0b,latentatlas_action_time_masked_evidence_adapter_v1,,,,,,,,,,
review-backfill-1f3b63756794c098ee949699,real-shadow-event-849e249264ad3cb6531d25ba,latentatlas_action_time_masked_evidence_adapter_v1,,,,,,,,,,
review-backfill-c886bef44f0b90f47ef5f95b,real-shadow-event-853eb06b644f26bf8b8303b8,latentatlas_action_time_masked_evidence_adapter_v1,,,,,,,,,,
review-backfill-da65c3125513e4d5506c89ae,real-shadow-event-875f50489fbb9f4333a2f4f6,latentatlas_action_time_masked_evidence_adapter_v1,,,,,,,,,,
review-backfill-06797b10b5801e390553e624,real-shadow-event-87aa81a0dbb33078ebe7707a,latentatlas_action_time_masked_evidence_adapter_v1,,,,,,,,,,
review-backfill-886d132d8e6d8748bdbc4d3d,real-shadow-event-897cb11eefb26a6c4a9443a2,latentatlas_action_time_masked_evidence_adapter_v1,,,,,,,,,,
review-backfill-77411793ebf66003b24a39f6,real-shadow-event-89a1c0259ca161ff12114851,latentatlas_action_time_masked_evidence_adapter_v1,,,,,,,,,,
review-backfill-aabc9cbb8250a21e5893acb2,real-shadow-event-8a04d101e1611f74d6fbc382,latentatlas_action_time_masked_evidence_adapter_v1,,,,,,,,,,
review-backfill-9ef9176f4733a0f471930151,real-shadow-event-8e2f206d9f8159a67fac07e4,latentatlas_action_time_masked_evidence_adapter_v1,,,,,,,,,,
review-backfill-b8d0d86c0eba4ea2c632f7cb,real-shadow-event-8f6026ba1b47d8a81c0d1a2e,latentatlas_action_time_masked_evidence_adapter_v1,,,,,,,,,,
review-backfill-c6c1ef3b82b88c9606d10909,real-shadow-event-95212d2a47ba869af0c8dee9,latentatlas_action_time_masked_evidence_adapter_v1,,,,,,,,,,
review-backfill-fcc8deac76b8a722bfb8b4c8,real-shadow-event-96608a6ecc8a91b21ec51bc0,latentatlas_action_time_masked_evidence_adapter_v1,,,,,,,,,,
review-backfill-734ab1299f657a2ebc412409,real-shadow-event-96e465aec3a6d25f7be0931f,latentatlas_action_time_masked_evidence_adapter_v1,,,,,,,,,,
review-backfill-676c8ca9b2de5d28478c7423,real-shadow-event-976de20872f3583247990f76,latentatlas_action_time_masked_evidence_adapter_v1,,,,,,,,,,
review-backfill-d8fa54a6371c79a869004a40,real-shadow-event-999cd3374ca7d569ec400f8c,latentatlas_action_time_masked_evidence_adapter_v1,,,,,,,,,,
review-backfill-312d7b0b1e641017fa3e4a91,real-shadow-event-9ba23f47025adbab34bd6e5b,latentatlas_action_time_masked_evidence_adapter_v1,,,,,,,,,,
review-backfill-43393ea1630d6893520f3fd2,real-shadow-event-9fee7824a0f93ccaa6b34a49,latentatlas_action_time_masked_evidence_adapter_v1,,,,,,,,,,
review-backfill-35591ee012e4773fac34d37c,real-shadow-event-a0b9d59928607356c42648a1,latentatlas_action_time_masked_evidence_adapter_v1,,,,,,,,,,
review-backfill-c5c9b7ddc677f590aeb7fd42,real-shadow-event-a1ff02fd540c56621c9f5064,latentatlas_action_time_masked_evidence_adapter_v1,,,,,,,,,,
review-backfill-5a8b01638477d3db889e477f,real-shadow-event-a2a4fcf9d04c7b8dc1422d59,latentatlas_action_time_masked_evidence_adapter_v1,,,,,,,,,,
review-backfill-95b97573fe94ea51d58d583b,real-shadow-event-a4035b10121ef300f95766b1,latentatlas_action_time_masked_evidence_adapter_v1,,,,,,,,,,
review-backfill-6ede986e2b52f29910752a88,real-shadow-event-a5dbbe0aa1a70716a582bf0e,latentatlas_action_time_masked_evidence_adapter_v1,,,,,,,,,,
review-backfill-2eb6789bbf3ad2f4ca48b83a,real-shadow-event-a8cef3f486d453ce1f584dc3,latentatlas_action_time_masked_evidence_adapter_v1,,,,,,,,,,
review-backfill-5bc8dc82c211d2a0b26ad2a2,real-shadow-event-a9a5589e4163b737edb7dcc5,latentatlas_action_time_masked_evidence_adapter_v1,,,,,,,,,,
review-backfill-4475cb9f8b50c0537600c587,real-shadow-event-ab6b6be488415a8080b9c987,latentatlas_action_time_masked_evidence_adapter_v1,,,,,,,,,,
review-backfill-1ef64a88ad468b6201170946,real-shadow-event-ab98389fa1cd752f762b6b1c,latentatlas_action_time_masked_evidence_adapter_v1,,,,,,,,,,
review-backfill-65b5f58a5c2c685bdc8d34a4,real-shadow-event-acfba1a737e1668153d2199b,latentatlas_action_time_masked_evidence_adapter_v1,,,,,,,,,,
review-backfill-78f971e8d6667d9e3a174bf1,real-shadow-event-af33a679298dc65d29c147d3,latentatlas_action_time_masked_evidence_adapter_v1,,,,,,,,,,
review-backfill-64318026e762771091b1099f,real-shadow-event-afb2230b9758c8f3ded8c00b,latentatlas_action_time_masked_evidence_adapter_v1,,,,,,,,,,
review-backfill-053a1c0234c4f715d9dda2c4,real-shadow-event-b0013afaaf897edbd8f56478,latentatlas_action_time_masked_evidence_adapter_v1,,,,,,,,,,
review-backfill-694bac637d052d07c16762db,real-shadow-event-b533d39e30b8c0d1385c0430,latentatlas_action_time_masked_evidence_adapter_v1,,,,,,,,,,
review-backfill-b0af847289ed6c46622763c8,real-shadow-event-b5d297ad1dd4fe3a996128e5,latentatlas_action_time_masked_evidence_adapter_v1,,,,,,,,,,
review-backfill-ed81be3743bc6410215cb9ae,real-shadow-event-b63188ac04880bfb787c0ef8,latentatlas_action_time_masked_evidence_adapter_v1,,,,,,,,,,
review-backfill-981c7a523fff8aeaf8b512ab,real-shadow-event-b7ba1a6be4966e1f07cdb38c,latentatlas_action_time_masked_evidence_adapter_v1,,,,,,,,,,
review-backfill-9f4a56d1e51dd95bf614ea6d,real-shadow-event-b98326110f2a669b5a792acb,latentatlas_action_time_masked_evidence_adapter_v1,,,,,,,,,,
review-backfill-175b2d441a45b3a4c21afb75,real-shadow-event-ba4f8c12ab3bf6b255f2f415,latentatlas_action_time_masked_evidence_adapter_v1,,,,,,,,,,
review-backfill-0e2e399a34e5ef6217c35abc,real-shadow-event-bb102fe3d4ab08fb9f1f2e42,latentatlas_action_time_masked_evidence_adapter_v1,,,,,,,,,,
review-backfill-e8d7af6a340623049c232a9e,real-shadow-event-bc5c7ac4dcb5a32d0438b086,latentatlas_action_time_masked_evidence_adapter_v1,,,,,,,,,,
review-backfill-dfa56590e094aff1dc9d254e,real-shadow-event-bc6601965546a3d361cda34f,latentatlas_action_time_masked_evidence_adapter_v1,,,,,,,,,,
review-backfill-830d782f5d2f21ef2158958e,real-shadow-event-bca08953ee5341a9704782e4,latentatlas_action_time_masked_evidence_adapter_v1,,,,,,,,,,
review-backfill-3b8072217718aed52ce49a4e,real-shadow-event-bda365e1bbbaf10d407eab63,latentatlas_action_time_masked_evidence_adapter_v1,,,,,,,,,,
review-backfill-1a844e1a621ad98f91de8b6f,real-shadow-event-be5e1073a06a4b5347a5aa67,latentatlas_action_time_masked_evidence_adapter_v1,,,,,,,,,,
review-backfill-a37174aee46f4ea2ce309bdf,real-shadow-event-bf16c95fa0a69d1d1bfc4a00,latentatlas_action_time_masked_evidence_adapter_v1,,,,,,,,,,
review-backfill-f5181326afafdd35e995154d,real-shadow-event-c0a4bfa86e64a7529e05ecae,latentatlas_action_time_masked_evidence_adapter_v1,,,,,,,,,,
review-backfill-c734eb7fe6fbec4e60eec4fd,real-shadow-event-c0b05e4a146430c6df4f5e70,latentatlas_action_time_masked_evidence_adapter_v1,,,,,,,,,,
review-backfill-e4d7a3578cdbf9dae1981fe1,real-shadow-event-c245a63149ad2b9f8ec43641,latentatlas_action_time_masked_evidence_adapter_v1,,,,,,,,,,
review-backfill-d5ac5612f6c29f7b9b72cad2,real-shadow-event-c2e78f5f6e136c40597e98a4,latentatlas_action_time_masked_evidence_adapter_v1,,,,,,,,,,
review-backfill-dc9d5e9a48b19d6c47d1597d,real-shadow-event-c3ab99d9296b9eb1c93fae62,latentatlas_action_time_masked_evidence_adapter_v1,,,,,,,,,,
review-backfill-6d57013d5eec53c6dface9cb,real-shadow-event-c5e4edb81b3821aa8581ccd4,latentatlas_action_time_masked_evidence_adapter_v1,,,,,,,,,,
review-backfill-971f7ffa428e3d3ae346714c,real-shadow-event-c8bff1dca81d7a30bb1ed485,latentatlas_action_time_masked_evidence_adapter_v1,,,,,,,,,,
review-backfill-4fd7312393711171bd3f4f8a,real-shadow-event-c8d7e98f7b8139816d648542,latentatlas_action_time_masked_evidence_adapter_v1,,,,,,,,,,
review-backfill-6d70964c7acf9781732b9aa5,real-shadow-event-ca6a5b629a4292ca14904001,latentatlas_action_time_masked_evidence_adapter_v1,,,,,,,,,,
review-backfill-52ec3f8cbee112328f3e7a45,real-shadow-event-cb47eac76c35eb9e452bc20a,latentatlas_action_time_masked_evidence_adapter_v1,,,,,,,,,,
review-backfill-2169705cc822a367145edb5d,real-shadow-event-cc24d33180b6bb7cd42a2787,latentatlas_action_time_masked_evidence_adapter_v1,,,,,,,,,,
review-backfill-30688fa8b489a270b8a8fc9a,real-shadow-event-ccfae844e37079e3fd44f5c2,latentatlas_action_time_masked_evidence_adapter_v1,,,,,,,,,,
review-backfill-70d3011c6853ce4f0165c665,real-shadow-event-cd26a88992eb9cd9965cbc78,latentatlas_action_time_masked_evidence_adapter_v1,,,,,,,,,,
review-backfill-956b8c16083bbb33fde27cc8,real-shadow-event-cfd84a669eb2c0035bc57bf4,latentatlas_action_time_masked_evidence_adapter_v1,,,,,,,,,,
review-backfill-9c8f8db9c049e09e4c8f3ddb,real-shadow-event-d4e8982404a94a1051fe6189,latentatlas_action_time_masked_evidence_adapter_v1,,,,,,,,,,
review-backfill-9042bbbdf5566280de9f9c72,real-shadow-event-d7c2533c3f0a71c24c5d4f05,latentatlas_action_time_masked_evidence_adapter_v1,,,,,,,,,,
review-backfill-ee2127e97f8e42a51e389048,real-shadow-event-dcb84898fc239508dc5b527e,latentatlas_action_time_masked_evidence_adapter_v1,,,,,,,,,,
review-backfill-2eee6365de8ae42cb771b633,real-shadow-event-de042c398fd194e4b9c7ff8b,latentatlas_action_time_masked_evidence_adapter_v1,,,,,,,,,,
review-backfill-5ce0893f97e89ae9d77669da,real-shadow-event-e23804ea12dd4f47fd74a4a9,latentatlas_action_time_masked_evidence_adapter_v1,,,,,,,,,,
review-backfill-61d2e4a0685cb1f322ba4e24,real-shadow-event-e2b455f00b397590ae24649d,latentatlas_action_time_masked_evidence_adapter_v1,,,,,,,,,,
review-backfill-bf692547e59977dfaabe488e,real-shadow-event-e2dbc7f78cd1b6c761d3f7ea,latentatlas_action_time_masked_evidence_adapter_v1,,,,,,,,,,
review-backfill-5e746937f402f49728ca12c9,real-shadow-event-e4d6d9b991895a6f676c7055,latentatlas_action_time_masked_evidence_adapter_v1,,,,,,,,,,
review-backfill-1c6482698db5da0ca7dc6520,real-shadow-event-eb40704c5acb8e79f137a5f1,latentatlas_action_time_masked_evidence_adapter_v1,,,,,,,,,,
review-backfill-c5b69d6ee5ed2b37bc10c25a,real-shadow-event-edcd6b07037f9c85200f2aca,latentatlas_action_time_masked_evidence_adapter_v1,,,,,,,,,,
review-backfill-48d780d1966837c53ec9d7f5,real-shadow-event-ee15c5a6f7ccb65f8829e69e,latentatlas_action_time_masked_evidence_adapter_v1,,,,,,,,,,
review-backfill-c0b3eb04e2e6fbe722e4c2c7,real-shadow-event-ee5b5a8e0b182c0cf10c9bb2,latentatlas_action_time_masked_evidence_adapter_v1,,,,,,,,,,
review-backfill-d826edee5922a9af9455f552,real-shadow-event-efe51a4929487c7f814166ab,latentatlas_action_time_masked_evidence_adapter_v1,,,,,,,,,,
review-backfill-48ddcabfffa91936c338d0f9,real-shadow-event-f399aff04717ee7ac6c5cc93,latentatlas_action_time_masked_evidence_adapter_v1,,,,,,,,,,
review-backfill-7feb212788b638e82d689c78,real-shadow-event-f58acc41f993bbf973654841,latentatlas_action_time_masked_evidence_adapter_v1,,,,,,,,,,
review-backfill-833bc44a777c30004c1d7105,real-shadow-event-f918bb56127227089d47b14c,latentatlas_action_time_masked_evidence_adapter_v1,,,,,,,,,,
review-backfill-3efcd09a6df4c6701ba5e5bc,real-shadow-event-f943288c540d4e0ab52cf728,latentatlas_action_time_masked_evidence_adapter_v1,,,,,,,,,,
review-backfill-97df9005b85e2b2c587a30f6,real-shadow-event-0024c7e08ddc5b0aeed0b6bc,latentatlas_action_time_masked_evidence_adapter_v1,,,,,,,,,,
review-backfill-489c1ae935efbb74e5cb5aef,real-shadow-event-0056b51234ebc164f17d91e8,latentatlas_action_time_masked_evidence_adapter_v1,,,,,,,,,,
review-backfill-c94f9bf3732bbf2ad7dafae7,real-shadow-event-00649aa791c9acfc0fcceabf,latentatlas_action_time_masked_evidence_adapter_v1,,,,,,,,,,
review-backfill-5373d17b4eaeea7b91374e47,real-shadow-event-006aaf65cbeabfdd86e129ec,latentatlas_action_time_masked_evidence_adapter_v1,,,,,,,,,,
review-backfill-620484801feded8ac83671cb,real-shadow-event-007ec03770efe0045dee1291,latentatlas_action_time_masked_evidence_adapter_v1,,,,,,,,,,
review-backfill-315816eec878b498429d8313,real-shadow-event-0087f56fbd0d335939df561a,latentatlas_action_time_masked_evidence_adapter_v1,,,,,,,,,,
review-backfill-38fd33bce52cc02a73c01b40,real-shadow-event-009d1e6028c2a5d828fbcfd5,latentatlas_action_time_masked_evidence_adapter_v1,,,,,,,,,,
review-backfill-1a37ab8b00532add7b1d68a1,real-shadow-event-00d33e800685ac6f1bfc24da,latentatlas_action_time_masked_evidence_adapter_v1,,,,,,,,,,
review-backfill-63613dcc29a6b02310c2df73,real-shadow-event-00f81a26b0930471e4e078dd,latentatlas_action_time_masked_evidence_adapter_v1,,,,,,,,,,
review-backfill-fe17af832383e51d383b40fe,real-shadow-event-010298c48d99f92efc4d17af,latentatlas_action_time_masked_evidence_adapter_v1,,,,,,,,,,
review-backfill-0403bb595e9ddcb000ad41a5,real-shadow-event-011e10e0b22cb70b78c4de35,latentatlas_action_time_masked_evidence_adapter_v1,,,,,,,,,,
review-backfill-47cd2bd3c0e16c05bc7025cf,real-shadow-event-0164fdfa7d1819f5fc1a181b,latentatlas_action_time_masked_evidence_adapter_v1,,,,,,,,,,
review-backfill-673c6374959fdd3748a6ea62,real-shadow-event-016f2dde63b032166c9ac378,latentatlas_action_time_masked_evidence_adapter_v1,,,,,,,,,,
review-backfill-8b8728bd4c8234b469c13500,real-shadow-event-017a76403f81f81a8c05666f,latentatlas_action_time_masked_evidence_adapter_v1,,,,,,,,,,
review-backfill-9d5a7f74a52343ed878c4759,real-shadow-event-018e791e8ec7a76308d3bff8,latentatlas_action_time_masked_evidence_adapter_v1,,,,,,,,,,
review-backfill-8b358ebbed85982852816190,real-shadow-event-018f2dd414610cc39f271d90,latentatlas_action_time_masked_evidence_adapter_v1,,,,,,,,,,
review-backfill-d3116824e8c9a02da1d93788,real-shadow-event-01f31a2503581defd741708b,latentatlas_action_time_masked_evidence_adapter_v1,,,,,,,,,,
review-backfill-b8b7842ba442c198f4930bc6,real-shadow-event-02370590ab971b3b349f91df,latentatlas_action_time_masked_evidence_adapter_v1,,,,,,,,,,
review-backfill-dc090c023fce58a2f50abe15,real-shadow-event-024812bbd8bfcb1ba749b013,latentatlas_action_time_masked_evidence_adapter_v1,,,,,,,,,,
review-backfill-9c9b27352384b21902edd5fe,real-shadow-event-02c9b5978e8453392748d1ff,latentatlas_action_time_masked_evidence_adapter_v1,,,,,,,,,,
review-backfill-8dd935674d761a381a38ea36,real-shadow-event-02d05567661c136fcc015158,latentatlas_action_time_masked_evidence_adapter_v1,,,,,,,,,,
review-backfill-8ab99cafb5ae8d5d556244f6,real-shadow-event-02de1544f93b2408f64d0928,latentatlas_action_time_masked_evidence_adapter_v1,,,,,,,,,,
review-backfill-2052a3d3ce9cd065ff3b8b5a,real-shadow-event-03198bfaa35f2b215709a9fc,latentatlas_action_time_masked_evidence_adapter_v1,,,,,,,,,,
review-backfill-012c9b743c6eb7d84aa60928,real-shadow-event-03334d87a9cd714679997d62,latentatlas_action_time_masked_evidence_adapter_v1,,,,,,,,,,
review-backfill-befe3ef62727c338f99f468f,real-shadow-event-0360d827e74d8f8a6d27a5b0,latentatlas_action_time_masked_evidence_adapter_v1,,,,,,,,,,
review-backfill-b401b314b9a6aaa45c997e16,real-shadow-event-03653053537a10e7786d475b,latentatlas_action_time_masked_evidence_adapter_v1,,,,,,,,,,
review-backfill-9ba5454232cd21f8bac8e1e3,real-shadow-event-0390b9f658d1150d2abcbb18,latentatlas_action_time_masked_evidence_adapter_v1,,,,,,,,,,
review-backfill-9c832b6f03c47afad26a0a36,real-shadow-event-0396ffc48b71ce6ca28cbc29,latentatlas_action_time_masked_evidence_adapter_v1,,,,,,,,,,
review-backfill-b8ae2ddca888861e9958d976,real-shadow-event-03b56bc30484ca0076656ba2,latentatlas_action_time_masked_evidence_adapter_v1,,,,,,,,,,
review-backfill-93adcf602f0220a46baec693,real-shadow-event-03bc336aec2793a15d83578f,latentatlas_action_time_masked_evidence_adapter_v1,,,,,,,,,,
review-backfill-58d269668fc9aa4d293a86e3,real-shadow-event-03cb5d2eb403c73aa00ca5a5,latentatlas_action_time_masked_evidence_adapter_v1,,,,,,,,,,
review-backfill-4292d0f25a04f2cdd6c376c2,real-shadow-event-03ccb7dd0786241520cfeb25,latentatlas_action_time_masked_evidence_adapter_v1,,,,,,,,,,
review-backfill-1edec69c21fbc4da91cec948,real-shadow-event-03d9c9a42d4e2b3368404ae8,latentatlas_action_time_masked_evidence_adapter_v1,,,,,,,,,,
review-backfill-3bb403dc9b217faa2434ad4e,real-shadow-event-03e9570c9a7ceb83c002760b,latentatlas_action_time_masked_evidence_adapter_v1,,,,,,,,,,
review-backfill-3b8fa6a607e751289c360ebb,real-shadow-event-0404a1e5e9c513cf6b30d231,latentatlas_action_time_masked_evidence_adapter_v1,,,,,,,,,,
review-backfill-71035691dbaa1ad6ba0598aa,real-shadow-event-044c74cbf89625f7411bc8ee,latentatlas_action_time_masked_evidence_adapter_v1,,,,,,,,,,
review-backfill-89ee444a1b4faa15c251ee63,real-shadow-event-04534973b6c94aee3f6ef7c9,latentatlas_action_time_masked_evidence_adapter_v1,,,,,,,,,,
review-backfill-8f7d4d9e4236e8f373e6e019,real-shadow-event-045a0b9e76390107ea9b7443,latentatlas_action_time_masked_evidence_adapter_v1,,,,,,,,,,
review-backfill-f4d1a91e1483ebf7033090f8,real-shadow-event-04a48d52d7b8d7020d39342c,latentatlas_action_time_masked_evidence_adapter_v1,,,,,,,,,,
review-backfill-aaa1e7a1c71b0f1aa80f05aa,real-shadow-event-04be7922cf78030a867ca1e8,latentatlas_action_time_masked_evidence_adapter_v1,,,,,,,,,,
review-backfill-5645989f7fa97b1e5913ca89,real-shadow-event-04d2ebb632cb57a5daf1fd56,latentatlas_action_time_masked_evidence_adapter_v1,,,,,,,,,,
review-backfill-ea8af0eac85363c320bd945b,real-shadow-event-04daa5d0e173da181731f5ed,latentatlas_action_time_masked_evidence_adapter_v1,,,,,,,,,,
review-backfill-131f52ba81b59559b174d957,real-shadow-event-054124271c74caf0b13db7f7,latentatlas_action_time_masked_evidence_adapter_v1,,,,,,,,,,
review-backfill-05ab0726d823fc14a453158c,real-shadow-event-055f5fdac38d20c3e7552ee5,latentatlas_action_time_masked_evidence_adapter_v1,,,,,,,,,,
review-backfill-9da2f2610768b0efed8b185d,real-shadow-event-0565a471491e2ecdd77785fa,latentatlas_action_time_masked_evidence_adapter_v1,,,,,,,,,,
review-backfill-568679507df85aa1f8a398eb,real-shadow-event-05670e600b5e98c8bd5b3238,latentatlas_action_time_masked_evidence_adapter_v1,,,,,,,,,,
review-backfill-b5c517ff01837bb5c71b8e40,real-shadow-event-058ea82938de3a440accf9c6,latentatlas_action_time_masked_evidence_adapter_v1,,,,,,,,,,
review-backfill-8d85ed01a8128353f2acc4e1,real-shadow-event-05d203bfcd9644062db17677,latentatlas_action_time_masked_evidence_adapter_v1,,,,,,,,,,
review-backfill-14b16a720385d81de76cbc4d,real-shadow-event-05e1bcf4229d28a7b21d2828,latentatlas_action_time_masked_evidence_adapter_v1,,,,,,,,,,
review-backfill-38be0a507c79b8e1852865b8,real-shadow-event-06086578f43b2b15c5ffa5e3,latentatlas_action_time_masked_evidence_adapter_v1,,,,,,,,,,
review-backfill-2daac1d14af320975cff32a0,real-shadow-event-064fdf4cdc4a0e6dcd525d54,latentatlas_action_time_masked_evidence_adapter_v1,,,,,,,,,,
review-backfill-bde71a3a30920e687432aedc,real-shadow-event-0681a558f9c6e197cfb4e77f,latentatlas_action_time_masked_evidence_adapter_v1,,,,,,,,,,
review-backfill-0d8c43125e887d2896521959,real-shadow-event-06c4ebc7381ee1838cf0dec0,latentatlas_action_time_masked_evidence_adapter_v1,,,,,,,,,,
review-backfill-86daf178924230ab4e6508d0,real-shadow-event-06cae2760debdeca2cc3465f,latentatlas_action_time_masked_evidence_adapter_v1,,,,,,,,,,
review-backfill-23b995a8f6a481f9ca2e0ad1,real-shadow-event-06fd1fab6e1ff322e4a4facf,latentatlas_action_time_masked_evidence_adapter_v1,,,,,,,,,,
review-backfill-044c36e75d12087eb0fba730,real-shadow-event-070ff8dabee827e3ad00e5d2,latentatlas_action_time_masked_evidence_adapter_v1,,,,,,,,,,
review-backfill-c18e242fa83dc1133d17b679,real-shadow-event-071738b7c638f586c2469cc7,latentatlas_action_time_masked_evidence_adapter_v1,,,,,,,,,,
review-backfill-1ddd972691e0e436ba795259,real-shadow-event-0725378c8de43300309d5c16,latentatlas_action_time_masked_evidence_adapter_v1,,,,,,,,,,
review-backfill-f3a4121694dba1fba7fd3a15,real-shadow-event-072852556103a3ee317a5b4a,latentatlas_action_time_masked_evidence_adapter_v1,,,,,,,,,,
review-backfill-445cf5cf3ec16aed7b35681a,real-shadow-event-073f9080c57dbc31a64e65af,latentatlas_action_time_masked_evidence_adapter_v1,,,,,,,,,,
review-backfill-44a93b55fb647e04d780dd67,real-shadow-event-0764ee65f4e23a0b7e4b9d88,latentatlas_action_time_masked_evidence_adapter_v1,,,,,,,,,,
review-backfill-5287345bdb25c5a616dfd7e6,real-shadow-event-0766a4c72f994a54f7e43464,latentatlas_action_time_masked_evidence_adapter_v1,,,,,,,,,,
review-backfill-b9b8e5f05a1fb84a59604ede,real-shadow-event-077b81cbc020803163df1103,latentatlas_action_time_masked_evidence_adapter_v1,,,,,,,,,,
review-backfill-a65ead825f3d205dfccec400,real-shadow-event-078d2ce7d32424cbe503e678,latentatlas_action_time_masked_evidence_adapter_v1,,,,,,,,,,
review-backfill-d2c04fdfa3ad83a4a613f258,real-shadow-event-079ab0983b002324605aacc3,latentatlas_action_time_masked_evidence_adapter_v1,,,,,,,,,,
review-backfill-03c28d48c5ffecbbc67f1a22,real-shadow-event-079eaa82a2801f863d8dbcd0,latentatlas_action_time_masked_evidence_adapter_v1,,,,,,,,,,
review-backfill-d4daacbcc2a1d02468b0d716,real-shadow-event-0802588000af66cac4ec34b7,latentatlas_action_time_masked_evidence_adapter_v1,,,,,,,,,,
review-backfill-5bdca4457372b16b365fc1ef,real-shadow-event-083147594d803366422f0fd6,latentatlas_action_time_masked_evidence_adapter_v1,,,,,,,,,,
review-backfill-0ea80669fb4a7155992da5d4,real-shadow-event-08a377de0f48b2c001de2a95,latentatlas_action_time_masked_evidence_adapter_v1,,,,,,,,,,
review-backfill-aec4b65ceeb3daf7276cf013,real-shadow-event-0906ae9f81522a3bf6461355,latentatlas_action_time_masked_evidence_adapter_v1,,,,,,,,,,
review-backfill-bc24a39b17ec1208f9a4ec5c,real-shadow-event-0917aa7f2911f1746e250b62,latentatlas_action_time_masked_evidence_adapter_v1,,,,,,,,,,
review-backfill-1e947e4d0af70564dd631cc3,real-shadow-event-0931bfad0a5dbeab57b4eef3,latentatlas_action_time_masked_evidence_adapter_v1,,,,,,,,,,
review-backfill-ab97370df40afefb799dda9b,real-shadow-event-093ed3aba122ffa03f78a66e,latentatlas_action_time_masked_evidence_adapter_v1,,,,,,,,,,
review-backfill-4b51542dc4a28b44873cd4e3,real-shadow-event-095e31169e73863255a68c3e,latentatlas_action_time_masked_evidence_adapter_v1,,,,,,,,,,
review-backfill-92c1c820bc437cc4389184cb,real-shadow-event-096421d688fe01d03b9d0a81,latentatlas_action_time_masked_evidence_adapter_v1,,,,,,,,,,
review-backfill-6bb250fe36211deeb227ec01,real-shadow-event-097bd5da1fc6106e7ec2a027,latentatlas_action_time_masked_evidence_adapter_v1,,,,,,,,,,
review-backfill-738c7f9c01a3b82956c16afb,real-shadow-event-0981cd3ed2f7be72cc64d382,latentatlas_action_time_masked_evidence_adapter_v1,,,,,,,,,,
review-backfill-7882d4b3fdfbcfc9d5e29dae,real-shadow-event-098ead755eaf907f30f23b2b,latentatlas_action_time_masked_evidence_adapter_v1,,,,,,,,,,
review-backfill-64aece5c217ca32722497881,real-shadow-event-09b014583965a0d525f2d303,latentatlas_action_time_masked_evidence_adapter_v1,,,,,,,,,,
review-backfill-7ca210fc1a82b570147f0aaf,real-shadow-event-09c56ed705d73508235a170a,latentatlas_action_time_masked_evidence_adapter_v1,,,,,,,,,,
review-backfill-a5cb1a7489725140d7fd0a26,real-shadow-event-09cf94b6c124fc489ceb4796,latentatlas_action_time_masked_evidence_adapter_v1,,,,,,,,,,
review-backfill-6c7a8757508ff3776c0e17b0,real-shadow-event-0a1f788c83e6a51b1f2c2c63,latentatlas_action_time_masked_evidence_adapter_v1,,,,,,,,,,
review-backfill-8a69a6eea1d7c9fa1cd9df64,real-shadow-event-0a2f408db6036ae4126a9309,latentatlas_action_time_masked_evidence_adapter_v1,,,,,,,,,,
review-backfill-041a09572d68499824af62a0,real-shadow-event-0a5103e6351c33ee401f4f08,latentatlas_action_time_masked_evidence_adapter_v1,,,,,,,,,,
review-backfill-2fd324b1dfeb5d4ec079b571,real-shadow-event-0ac01a0bc3ca5888fe671ff5,latentatlas_action_time_masked_evidence_adapter_v1,,,,,,,,,,
review-backfill-29f7b74852ebac3cbeec1b8c,real-shadow-event-0b341654668aa2a7a3da8f93,latentatlas_action_time_masked_evidence_adapter_v1,,,,,,,,,,
review-backfill-9459fae6eeefb16de1d92ad3,real-shadow-event-0b60513f2be88ad1c9e31a4f,latentatlas_action_time_masked_evidence_adapter_v1,,,,,,,,,,
review-backfill-4f3ac3556c8efe728c473a43,real-shadow-event-0bfb7ea245b2b3132b1a7836,latentatlas_action_time_masked_evidence_adapter_v1,,,,,,,,,,
review-backfill-850d7acee868ac29ee85ec2b,real-shadow-event-0c02fbc16f7671f357bea7f6,latentatlas_action_time_masked_evidence_adapter_v1,,,,,,,,,,
review-backfill-e2881b13fffe5f97444a5bfe,real-shadow-event-0c2cb540e1d6606565bdf14a,latentatlas_action_time_masked_evidence_adapter_v1,,,,,,,,,,
review-backfill-dae8b3b14e1ff44e213a3e25,real-shadow-event-0c425e7f7e3f0cd03a677777,latentatlas_action_time_masked_evidence_adapter_v1,,,,,,,,,,
review-backfill-1c02d49e7dd2d7c8913037be,real-shadow-event-0c5ae39e033a7509b5c1ac85,latentatlas_action_time_masked_evidence_adapter_v1,,,,,,,,,,
review-backfill-a3a68f89a06c3e29f61fa967,real-shadow-event-0c6c69bc327b126c0238fa3d,latentatlas_action_time_masked_evidence_adapter_v1,,,,,,,,,,
review-backfill-1359193fd1979066a48c7e04,real-shadow-event-0c6e9a2761cffc7ca271ec60,latentatlas_action_time_masked_evidence_adapter_v1,,,,,,,,,,
review-backfill-6ca014f42512cb5d09cd4408,real-shadow-event-0c9a195e24b4814bc699d582,latentatlas_action_time_masked_evidence_adapter_v1,,,,,,,,,,
review-backfill-c03dd7d40df5c053253b023b,real-shadow-event-0c9e215c1221e095b18dbbe1,latentatlas_action_time_masked_evidence_adapter_v1,,,,,,,,,,
review-backfill-3d5feed64d2783a05dcbdffd,real-shadow-event-0cabce856d0cd8e05dae9f1d,latentatlas_action_time_masked_evidence_adapter_v1,,,,,,,,,,
review-backfill-5af826e9a46eac34a4029906,real-shadow-event-0cad041b7ef9b1c4c559fe98,latentatlas_action_time_masked_evidence_adapter_v1,,,,,,,,,,
review-backfill-174840d4fc1b680c7e3f5314,real-shadow-event-0cae0bfd81350012c87e3214,latentatlas_action_time_masked_evidence_adapter_v1,,,,,,,,,,
review-backfill-0fdced272756a8e2454757c9,real-shadow-event-0cd5fd355908e88a9ac7e8e1,latentatlas_action_time_masked_evidence_adapter_v1,,,,,,,,,,
review-backfill-baf27c9e6ecaa287ff31f50c,real-shadow-event-0cf99e41fafbd7cff825da1f,latentatlas_action_time_masked_evidence_adapter_v1,,,,,,,,,,
review-backfill-f365f5d98bacc572eb9c7ea9,real-shadow-event-0cfb09781408db488a6a6729,latentatlas_action_time_masked_evidence_adapter_v1,,,,,,,,,,
review-backfill-f96a0a212e90c66e56766d4d,real-shadow-event-0d245f1509e8cdc54459622f,latentatlas_action_time_masked_evidence_adapter_v1,,,,,,,,,,
review-backfill-fd7dd55dbd2189776d050e4d,real-shadow-event-0d8e5f64495086063e4227ed,latentatlas_action_time_masked_evidence_adapter_v1,,,,,,,,,,
review-backfill-2122b7ab705e94b49aec954d,real-shadow-event-0dc5ae3937c73e23c1e072f6,latentatlas_action_time_masked_evidence_adapter_v1,,,,,,,,,,
review-backfill-ad3522c53a5d13c76686f1ae,real-shadow-event-0e1a03b178735a0ac65ccead,latentatlas_action_time_masked_evidence_adapter_v1,,,,,,,,,,
review-backfill-34e0dd4702de388603dd3b96,real-shadow-event-0e304acf5edb9e660548a7fd,latentatlas_action_time_masked_evidence_adapter_v1,,,,,,,,,,
review-backfill-4c99c61cc5fa5223ea9ab715,real-shadow-event-0e30b6d645d26e7069af776e,latentatlas_action_time_masked_evidence_adapter_v1,,,,,,,,,,
review-backfill-5ab38dba8af82e7d7af8f3c0,real-shadow-event-0e5652fb30455d1082972dfe,latentatlas_action_time_masked_evidence_adapter_v1,,,,,,,,,,
review-backfill-a5c20951a787937af3f3f389,real-shadow-event-0e5a789a0dcb40a4d6f9cca2,latentatlas_action_time_masked_evidence_adapter_v1,,,,,,,,,,
review-backfill-863247f40b3ef55deb3199d1,real-shadow-event-0e5e2edd70eeb87da178aa02,latentatlas_action_time_masked_evidence_adapter_v1,,,,,,,,,,
review-backfill-35a2438bd8a3511b0d2ff285,real-shadow-event-0eb911677a03bcaa944353da,latentatlas_action_time_masked_evidence_adapter_v1,,,,,,,,,,
review-backfill-318a059aec7527d07e6819de,real-shadow-event-0ecb509401dacfddc81f33fe,latentatlas_action_time_masked_evidence_adapter_v1,,,,,,,,,,
review-backfill-db48896be67bd7bb93eedf8c,real-shadow-event-0ed5b8843dd268e1765f959f,latentatlas_action_time_masked_evidence_adapter_v1,,,,,,,,,,
review-backfill-90120a583489c487585cd140,real-shadow-event-0eec69df71f76bef980e332d,latentatlas_action_time_masked_evidence_adapter_v1,,,,,,,,,,
review-backfill-53a2c8cb505d805957aee362,real-shadow-event-0f0aa6f08ed09ead4af529b4,latentatlas_action_time_masked_evidence_adapter_v1,,,,,,,,,,
review-backfill-9209f5922f0a10f0fff5e658,real-shadow-event-0f13ed759e445ee43e3a4d57,latentatlas_action_time_masked_evidence_adapter_v1,,,,,,,,,,
review-backfill-580bad6e2b0001d9ff4926b9,real-shadow-event-0f18ffcd3f5ca37bce76f77f,latentatlas_action_time_masked_evidence_adapter_v1,,,,,,,,,,
review-backfill-6031dab712387a71938d769f,real-shadow-event-0f648d851f5ca4e4d60bd512,latentatlas_action_time_masked_evidence_adapter_v1,,,,,,,,,,
review-backfill-a5e08e4fe21af70d8568d820,real-shadow-event-0f80d492681eda4aae1305fd,latentatlas_action_time_masked_evidence_adapter_v1,,,,,,,,,,
review-backfill-373502ad34a2eaccd8bf7bcb,real-shadow-event-0f81397e6190574c11fb85a3,latentatlas_action_time_masked_evidence_adapter_v1,,,,,,,,,,
review-backfill-52951caaed52991686ffb1c6,real-shadow-event-0fd06ebe9402c46015f926e9,latentatlas_action_time_masked_evidence_adapter_v1,,,,,,,,,,
review-backfill-80573dc3f8f38bbe0f16dddc,real-shadow-event-0ff2960210dbd97fed808a1f,latentatlas_action_time_masked_evidence_adapter_v1,,,,,,,,,,
review-backfill-dfa95e6f11829131327a173f,real-shadow-event-10575fe8876f28c1c9d363e2,latentatlas_action_time_masked_evidence_adapter_v1,,,,,,,,,,
review-backfill-69af5615b5b1461dd740fbe4,real-shadow-event-1070b148f8d0c1bd828c5900,latentatlas_action_time_masked_evidence_adapter_v1,,,,,,,,,,
review-backfill-73a3e1dfbec071c255b06d87,real-shadow-event-1095b915f1e52de66961ff3a,latentatlas_action_time_masked_evidence_adapter_v1,,,,,,,,,,
review-backfill-19c2737380c48f12769e3876,real-shadow-event-10b614b3d07cf94e1c71ab92,latentatlas_action_time_masked_evidence_adapter_v1,,,,,,,,,,
review-backfill-b3f266af0f190f82f8a05741,real-shadow-event-10c9d08d773b0ede14d0a0aa,latentatlas_action_time_masked_evidence_adapter_v1,,,,,,,,,,
review-backfill-c045eae3b9ea4f6acd05ff3d,real-shadow-event-10df604f5d0a889b1e823993,latentatlas_action_time_masked_evidence_adapter_v1,,,,,,,,,,
review-backfill-6b7e366172f55ac65be15387,real-shadow-event-1100ea29c195eb9b705de6bb,latentatlas_action_time_masked_evidence_adapter_v1,,,,,,,,,,
review-backfill-34246c39b4d2891bc9c5605a,real-shadow-event-111a7c088169825460ae7237,latentatlas_action_time_masked_evidence_adapter_v1,,,,,,,,,,
review-backfill-66818dc7167c4326c013888e,real-shadow-event-11468af56904df64a51965ce,latentatlas_action_time_masked_evidence_adapter_v1,,,,,,,,,,
review-backfill-4f4130811c36132bd3427c29,real-shadow-event-11515ae7cc1e6e728755ac0d,latentatlas_action_time_masked_evidence_adapter_v1,,,,,,,,,,
review-backfill-cda8c061cf74c70869c3b112,real-shadow-event-115d644d96a0f84eff0cf64e,latentatlas_action_time_masked_evidence_adapter_v1,,,,,,,,,,
review-backfill-9ca98cffc12d027fa6fc5933,real-shadow-event-1173e7323ec74b56bff48898,latentatlas_action_time_masked_evidence_adapter_v1,,,,,,,,,,
review-backfill-93203f66d482eee8ea8a69a4,real-shadow-event-11906c8b40159f463fec29c3,latentatlas_action_time_masked_evidence_adapter_v1,,,,,,,,,,
review-backfill-232d0a315c879828b29e7612,real-shadow-event-1190bbbf92e038517d75ff90,latentatlas_action_time_masked_evidence_adapter_v1,,,,,,,,,,
review-backfill-0b0ddf049ce1cf8183df2a7e,real-shadow-event-119ac82120fa474a662aa533,latentatlas_action_time_masked_evidence_adapter_v1,,,,,,,,,,
review-backfill-26ba3fbdd4da7c1b932dbd6d,real-shadow-event-11b70e3a0b068b73a55d40d5,latentatlas_action_time_masked_evidence_adapter_v1,,,,,,,,,,
review-backfill-a47a6e4e8f97d438e2f4a0bc,real-shadow-event-11cdaf000c397645fd135b92,latentatlas_action_time_masked_evidence_adapter_v1,,,,,,,,,,
review-backfill-874baa83b2459607cc331b30,real-shadow-event-11d925ca7a999df4b53a230d,latentatlas_action_time_masked_evidence_adapter_v1,,,,,,,,,,
review-backfill-9d899eadbb2c70739cabb186,real-shadow-event-11e102681d3689cea66f3b47,latentatlas_action_time_masked_evidence_adapter_v1,,,,,,,,,,
review-backfill-3f8c7e31ccf05ccb76818e10,real-shadow-event-1224be8016d28c8a4c3f4444,latentatlas_action_time_masked_evidence_adapter_v1,,,,,,,,,,
review-backfill-b77b2a327860c52c7bcb30e0,real-shadow-event-12280cf622753b36512b855f,latentatlas_action_time_masked_evidence_adapter_v1,,,,,,,,,,
review-backfill-1cb9c64283d1463d25a3d0ff,real-shadow-event-124929eca3f0ca96ed2d0e08,latentatlas_action_time_masked_evidence_adapter_v1,,,,,,,,,,
review-backfill-74f9d12603ea567c3d3ae0b7,real-shadow-event-1257ac1cc265d94554ee3b1c,latentatlas_action_time_masked_evidence_adapter_v1,,,,,,,,,,
review-backfill-649c2e2b37509d66a0240396,real-shadow-event-12648bc593ce81ff57583c7c,latentatlas_action_time_masked_evidence_adapter_v1,,,,,,,,,,
review-backfill-2c1b575b2a1330372c0ed62d,real-shadow-event-13129b873c2ff2b095f7c45d,latentatlas_action_time_masked_evidence_adapter_v1,,,,,,,,,,
review-backfill-b2ca7b62a5f17449d7fc7902,real-shadow-event-13489d5f6adf73995f2a1d76,latentatlas_action_time_masked_evidence_adapter_v1,,,,,,,,,,
review-backfill-889328d339ae528497dac26f,real-shadow-event-135227a57977b313500890df,latentatlas_action_time_masked_evidence_adapter_v1,,,,,,,,,,
review-backfill-6a2985fb0b4f9fbca2ced740,real-shadow-event-135a0e2bbb2016d4876ac562,latentatlas_action_time_masked_evidence_adapter_v1,,,,,,,,,,
review-backfill-119936a3be2df151283b933c,real-shadow-event-135cd618df3fcebd990f679f,latentatlas_action_time_masked_evidence_adapter_v1,,,,,,,,,,
review-backfill-f1ca490a399cc0f1747c7aca,real-shadow-event-136ca9115cf0b0e9359a4f73,latentatlas_action_time_masked_evidence_adapter_v1,,,,,,,,,,
review-backfill-29065ed22e3e27bd135beacf,real-shadow-event-13848b72b10b0afd0aef527f,latentatlas_action_time_masked_evidence_adapter_v1,,,,,,,,,,
review-backfill-adc0e03efa9ba0a1e20a5a8d,real-shadow-event-13849e1bf6e4c2073cba87eb,latentatlas_action_time_masked_evidence_adapter_v1,,,,,,,,,,
review-backfill-2557314a3be3327fde366b69,real-shadow-event-138cd4218369c9c7583f9851,latentatlas_action_time_masked_evidence_adapter_v1,,,,,,,,,,
review-backfill-ab199e7c570b908a2ea41ca2,real-shadow-event-13c08d79e7ea9a6c3acc3572,latentatlas_action_time_masked_evidence_adapter_v1,,,,,,,,,,
review-backfill-9192c2428cde1618ddf2dcb9,real-shadow-event-13c0a3da95a08d67cac9125e,latentatlas_action_time_masked_evidence_adapter_v1,,,,,,,,,,
review-backfill-757e1b8022dc6d637e37d9b6,real-shadow-event-13c911ed03ae036d1e21f2fb,latentatlas_action_time_masked_evidence_adapter_v1,,,,,,,,,,
review-backfill-15dd096b66747369d47aafce,real-shadow-event-13eebfe56f178fa0f759820c,latentatlas_action_time_masked_evidence_adapter_v1,,,,,,,,,,
review-backfill-170b0bd60d4afa82b472cced,real-shadow-event-14021ca92d71920091bdfc71,latentatlas_action_time_masked_evidence_adapter_v1,,,,,,,,,,
review-backfill-b980e8219a0309df70254168,real-shadow-event-1418c3f1f789aafb394e2b4b,latentatlas_action_time_masked_evidence_adapter_v1,,,,,,,,,,
review-backfill-cd6b3eb8a7444299299e5225,real-shadow-event-143d7af7ca1ce08a299d3805,latentatlas_action_time_masked_evidence_adapter_v1,,,,,,,,,,
review-backfill-437429fb55a6fca660c69a95,real-shadow-event-14548db6c31d6d40d14cbfd8,latentatlas_action_time_masked_evidence_adapter_v1,,,,,,,,,,
review-backfill-8410eecf227fd202079b01ba,real-shadow-event-146b0959905b9a44762d59c1,latentatlas_action_time_masked_evidence_adapter_v1,,,,,,,,,,
review-backfill-1e7ed680c7e5d3d1b890bca2,real-shadow-event-146eb182cbac9337ce32d00e,latentatlas_action_time_masked_evidence_adapter_v1,,,,,,,,,,
review-backfill-b1300eb29bcbe3c84baf5573,real-shadow-event-1481f464950728d2addf5b5b,latentatlas_action_time_masked_evidence_adapter_v1,,,,,,,,,,
review-backfill-eee21ad61081babd87c8d4ea,real-shadow-event-1498228c452ebe64581c5a1e,latentatlas_action_time_masked_evidence_adapter_v1,,,,,,,,,,
review-backfill-3f6cdd3b83ec7883bf246f51,real-shadow-event-1498feeb6587a71051c9d561,latentatlas_action_time_masked_evidence_adapter_v1,,,,,,,,,,
review-backfill-f9a078eff5b676eddc10209a,real-shadow-event-14b081c9c5d37268ce2e8985,latentatlas_action_time_masked_evidence_adapter_v1,,,,,,,,,,
review-backfill-22ed91c77c761553967774f6,real-shadow-event-14d3af8954e49c09c4f0344b,latentatlas_action_time_masked_evidence_adapter_v1,,,,,,,,,,
review-backfill-8ea38cb875b47f60c20c193a,real-shadow-event-15246dd4e205356fb1e3c26b,latentatlas_action_time_masked_evidence_adapter_v1,,,,,,,,,,
review-backfill-c7e7b072bb8783cc382d90d5,real-shadow-event-15432e30e392048af1773dbe,latentatlas_action_time_masked_evidence_adapter_v1,,,,,,,,,,
review-backfill-4d93477f0beb27c4774b03d1,real-shadow-event-15992f649cefa7ac6650dde3,latentatlas_action_time_masked_evidence_adapter_v1,,,,,,,,,,
review-backfill-29a78c7362e4219c2afb10b3,real-shadow-event-15a5854c7bb0fd09756299e7,latentatlas_action_time_masked_evidence_adapter_v1,,,,,,,,,,
review-backfill-bf1aa8e84e567e375f35605e,real-shadow-event-15e5a45c446c421d9247fda8,latentatlas_action_time_masked_evidence_adapter_v1,,,,,,,,,,
review-backfill-5747cb57a5ebe7d614dc213d,real-shadow-event-1635e8722e03c5b8d405251c,latentatlas_action_time_masked_evidence_adapter_v1,,,,,,,,,,
review-backfill-31279ac3be312b507fff91e3,real-shadow-event-1653499d0d3475f71df3f1fa,latentatlas_action_time_masked_evidence_adapter_v1,,,,,,,,,,
review-backfill-361ee2f28ba0ae10ad336da7,real-shadow-event-16586181c31410c56f4f397f,latentatlas_action_time_masked_evidence_adapter_v1,,,,,,,,,,
review-backfill-7dd1206748f584585673ab3e,real-shadow-event-167755c216e75f062d94773d,latentatlas_action_time_masked_evidence_adapter_v1,,,,,,,,,,
review-backfill-ea065cee7e91674ddfff8fbb,real-shadow-event-169c1bd02b24bd3a7a4086a3,latentatlas_action_time_masked_evidence_adapter_v1,,,,,,,,,,
review-backfill-f129bb0a50dd94e74b99c38e,real-shadow-event-169c40730ab06185c03c9d3e,latentatlas_action_time_masked_evidence_adapter_v1,,,,,,,,,,
review-backfill-7ce08c455459ff69fbf4df0f,real-shadow-event-169fb4e361aa872f4075d002,latentatlas_action_time_masked_evidence_adapter_v1,,,,,,,,,,
review-backfill-f46b41815703cb11d36ffd9f,real-shadow-event-16a574c7b733d70f66fc2c05,latentatlas_action_time_masked_evidence_adapter_v1,,,,,,,,,,
review-backfill-2cece89d2080818cc7bfe2a5,real-shadow-event-16b821b2797ef7727d02f326,latentatlas_action_time_masked_evidence_adapter_v1,,,,,,,,,,
review-backfill-ca6b55273fd9ec61087d4b2d,real-shadow-event-16c77ca5bcb1f4d775362412,latentatlas_action_time_masked_evidence_adapter_v1,,,,,,,,,,
review-backfill-f1de767c14a67404c965e083,real-shadow-event-16e0bdc8c3f5bb4cc4b2d89a,latentatlas_action_time_masked_evidence_adapter_v1,,,,,,,,,,
review-backfill-e8c71c395cb04acc925a4b17,real-shadow-event-17236da7cef15d5f18cc9b2c,latentatlas_action_time_masked_evidence_adapter_v1,,,,,,,,,,
review-backfill-7b4e2f795e69163bb809594e,real-shadow-event-17255d427d403b2868288ba1,latentatlas_action_time_masked_evidence_adapter_v1,,,,,,,,,,
review-backfill-32e78c80972261415f57af1e,real-shadow-event-17307d5491ce0e92281a6a70,latentatlas_action_time_masked_evidence_adapter_v1,,,,,,,,,,
review-backfill-8e9d0a9271cd4b2ebf098d55,real-shadow-event-173cd050bef0f33580e252f5,latentatlas_action_time_masked_evidence_adapter_v1,,,,,,,,,,
review-backfill-8904ca26351c7bc6affc3646,real-shadow-event-175d3232477e4c15aa17a336,latentatlas_action_time_masked_evidence_adapter_v1,,,,,,,,,,
review-backfill-46f897173cec3b9dab8354b8,real-shadow-event-178dd9e2619fc81f67ca84b5,latentatlas_action_time_masked_evidence_adapter_v1,,,,,,,,,,
review-backfill-43b40d28ada357fac6cd6b56,real-shadow-event-179a0fa9cff868395b4f7e57,latentatlas_action_time_masked_evidence_adapter_v1,,,,,,,,,,
review-backfill-fbb9f6eb79da8d852f0be0b7,real-shadow-event-17a723c568d59655ee775d97,latentatlas_action_time_masked_evidence_adapter_v1,,,,,,,,,,
review-backfill-5c258073e072997c821c128a,real-shadow-event-17cba7523e1fd2ebdd23ff92,latentatlas_action_time_masked_evidence_adapter_v1,,,,,,,,,,
review-backfill-8878c11ebaf4d05700927df4,real-shadow-event-17ffc41d0f3655a3d7bb4c01,latentatlas_action_time_masked_evidence_adapter_v1,,,,,,,,,,
review-backfill-7bff53d9b53275468c3e81c6,real-shadow-event-18058bfd7a3f3d652f66d949,latentatlas_action_time_masked_evidence_adapter_v1,,,,,,,,,,
review-backfill-fbfbe1a142b10a53da0b30da,real-shadow-event-180f9239ee523dfbf32c6dd4,latentatlas_action_time_masked_evidence_adapter_v1,,,,,,,,,,
review-backfill-4571ae81e6044b6319c6f63f,real-shadow-event-181e9f5b5464af1aa362916b,latentatlas_action_time_masked_evidence_adapter_v1,,,,,,,,,,
review-backfill-2f1a35672b53355764e1138d,real-shadow-event-183d0738285117f528c24881,latentatlas_action_time_masked_evidence_adapter_v1,,,,,,,,,,
review-backfill-817f55b7674bc0735f7ab155,real-shadow-event-183e2304ae6dd39a6d8f733b,latentatlas_action_time_masked_evidence_adapter_v1,,,,,,,,,,
review-backfill-a4591b54ff86487f1ff379f9,real-shadow-event-18a68be21f0b6d44917e70c1,latentatlas_action_time_masked_evidence_adapter_v1,,,,,,,,,,
review-backfill-24d237b018001dd00d36b382,real-shadow-event-18a8322b3814fb8f489460cf,latentatlas_action_time_masked_evidence_adapter_v1,,,,,,,,,,
review-backfill-101eb87405f04c96fce15e99,real-shadow-event-18ad71a52993568786082524,latentatlas_action_time_masked_evidence_adapter_v1,,,,,,,,,,
review-backfill-1b31df0869b8bb6fba307a59,real-shadow-event-18bd47da3de2d8dd4d3b9282,latentatlas_action_time_masked_evidence_adapter_v1,,,,,,,,,,
review-backfill-ea4290ae0f7f9808ddbb6e0a,real-shadow-event-18cbcc37c7a1aa2b3c8d83b1,latentatlas_action_time_masked_evidence_adapter_v1,,,,,,,,,,
review-backfill-72783df8c3df34511b3fb880,real-shadow-event-18dc4a166eb252bab5eb8c05,latentatlas_action_time_masked_evidence_adapter_v1,,,,,,,,,,
review-backfill-cc6664490e412dc4f5ad6a7c,real-shadow-event-18ea3a653cfeba4251db1eb1,latentatlas_action_time_masked_evidence_adapter_v1,,,,,,,,,,
review-backfill-eaeb68c3ff6419fa4c6bb02b,real-shadow-event-18f179a5de467ac9943f43c1,latentatlas_action_time_masked_evidence_adapter_v1,,,,,,,,,,
review-backfill-0e8cb0c1e533d31a959bdc2f,real-shadow-event-190db695a799fdffc2fe9ffa,latentatlas_action_time_masked_evidence_adapter_v1,,,,,,,,,,
review-backfill-1874565c595b7d8a155a5bc7,real-shadow-event-193611946f7c7d11b850372f,latentatlas_action_time_masked_evidence_adapter_v1,,,,,,,,,,
review-backfill-15d7d1327c283722215667a4,real-shadow-event-1972f943c984fcdab645cfee,latentatlas_action_time_masked_evidence_adapter_v1,,,,,,,,,,
review-backfill-1109605786b0909e52dae2c0,real-shadow-event-197fedf01695b846ae05def2,latentatlas_action_time_masked_evidence_adapter_v1,,,,,,,,,,
review-backfill-4eaeb4b234638ae6fabce440,real-shadow-event-198fe707f647a2cc4d1f7154,latentatlas_action_time_masked_evidence_adapter_v1,,,,,,,,,,
review-backfill-4055251b5f90b367f44179cd,real-shadow-event-19968bbfb384b3d047b41765,latentatlas_action_time_masked_evidence_adapter_v1,,,,,,,,,,
review-backfill-9e31d08c80a552c2a85f7526,real-shadow-event-19a2177b36f3ff5718629db2,latentatlas_action_time_masked_evidence_adapter_v1,,,,,,,,,,
review-backfill-b08346b987c52ceafcf154d7,real-shadow-event-1a00c3f616cd43392a133dcd,latentatlas_action_time_masked_evidence_adapter_v1,,,,,,,,,,
review-backfill-01e9b93143e43daf35de7269,real-shadow-event-1a1564a3dd63eb03c723937b,latentatlas_action_time_masked_evidence_adapter_v1,,,,,,,,,,
review-backfill-26e222228d261eadfe04215f,real-shadow-event-1a248ebc01e456dfffc8fcc8,latentatlas_action_time_masked_evidence_adapter_v1,,,,,,,,,,
review-backfill-c9122c4f544ac8e95bd5b69b,real-shadow-event-1a2df92fbe719890f544b010,latentatlas_action_time_masked_evidence_adapter_v1,,,,,,,,,,
review-backfill-6383c23c6ea699e779a7ed41,real-shadow-event-1a2f3ed6554bc848c41e2f0f,latentatlas_action_time_masked_evidence_adapter_v1,,,,,,,,,,
review-backfill-43575dd3259bd98a8d93b5d0,real-shadow-event-1a75bb463fe9d89882131ddd,latentatlas_action_time_masked_evidence_adapter_v1,,,,,,,,,,
review-backfill-fcf4bcfe438532e4dc0042d2,real-shadow-event-1a78b4498b6be97de6da3843,latentatlas_action_time_masked_evidence_adapter_v1,,,,,,,,,,
review-backfill-6dfdf7342417e55a10cc3bbb,real-shadow-event-1a886c42dc5c5c7c9f849fca,latentatlas_action_time_masked_evidence_adapter_v1,,,,,,,,,,
review-backfill-7bdc6843b3630b8a25778065,real-shadow-event-1aab8a09a83aef766419d9c6,latentatlas_action_time_masked_evidence_adapter_v1,,,,,,,,,,
review-backfill-238ec974ac1d38c4817520b9,real-shadow-event-1ac5664516f017a8596b97c9,latentatlas_action_time_masked_evidence_adapter_v1,,,,,,,,,,
review-backfill-3bf9fc05d396084fb29f331b,real-shadow-event-1acaa5bec41dd4b5d905af80,latentatlas_action_time_masked_evidence_adapter_v1,,,,,,,,,,
review-backfill-b0ed03c1f21b3675f1797986,real-shadow-event-1add88e4e24231bc2683b25d,latentatlas_action_time_masked_evidence_adapter_v1,,,,,,,,,,
review-backfill-2aef0c20eb91e4f40ed34979,real-shadow-event-1ae0e66f138db2cc87193005,latentatlas_action_time_masked_evidence_adapter_v1,,,,,,,,,,
review-backfill-b08536327376351537218f98,real-shadow-event-1b1800f2450c046079118038,latentatlas_action_time_masked_evidence_adapter_v1,,,,,,,,,,
review-backfill-7acb14c3c09b8f09cb4e64e1,real-shadow-event-1b27bde38dadb4ad4c96641c,latentatlas_action_time_masked_evidence_adapter_v1,,,,,,,,,,
review-backfill-fb4cc89ee4f6983668a7bc11,real-shadow-event-1b35c500756d6997076be335,latentatlas_action_time_masked_evidence_adapter_v1,,,,,,,,,,
review-backfill-8d8d49855ef11de2aacc538c,real-shadow-event-1b441fd838084de2e217a2e3,latentatlas_action_time_masked_evidence_adapter_v1,,,,,,,,,,
review-backfill-718cafad8b0636b9632e0198,real-shadow-event-1b595f798a7eed66787dce98,latentatlas_action_time_masked_evidence_adapter_v1,,,,,,,,,,
review-backfill-369a682c66c11d888020fe18,real-shadow-event-1b6fd5d280c937b079fb9cf0,latentatlas_action_time_masked_evidence_adapter_v1,,,,,,,,,,
review-backfill-785de40ce115726cef384e73,real-shadow-event-1b75d25492414d972311dca6,latentatlas_action_time_masked_evidence_adapter_v1,,,,,,,,,,
review-backfill-ae75a5d48bf83dec21e156ef,real-shadow-event-1b8198116c8196c88eeb5ee7,latentatlas_action_time_masked_evidence_adapter_v1,,,,,,,,,,
review-backfill-bb28c0f938ef06b7f720a46d,real-shadow-event-1b90e5769045decef0279ddb,latentatlas_action_time_masked_evidence_adapter_v1,,,,,,,,,,
review-backfill-d3be6f7c942d22a82b947866,real-shadow-event-1be243067d9b6de802ab1e7b,latentatlas_action_time_masked_evidence_adapter_v1,,,,,,,,,,
review-backfill-12819fe4e547cb5527c28928,real-shadow-event-1c2da141a89b57156e46f03d,latentatlas_action_time_masked_evidence_adapter_v1,,,,,,,,,,
review-backfill-ba050dcfacaf915ff646ad8f,real-shadow-event-1c65282759da270933be7a29,latentatlas_action_time_masked_evidence_adapter_v1,,,,,,,,,,
review-backfill-9f830747f099ef1ffd6aec95,real-shadow-event-1c8fb4ae697bc4a3862a04fd,latentatlas_action_time_masked_evidence_adapter_v1,,,,,,,,,,
review-backfill-e31e70c82246ae46c5f987ec,real-shadow-event-1cc244b9a9d6a105e06d5681,latentatlas_action_time_masked_evidence_adapter_v1,,,,,,,,,,
review-backfill-34900b989e5e2431c906f255,real-shadow-event-1cd060a0623a52fcc33969a2,latentatlas_action_time_masked_evidence_adapter_v1,,,,,,,,,,
review-backfill-ba101ac9bb3d573bf4405ead,real-shadow-event-1cf22a8fe3ee7f5628665c8b,latentatlas_action_time_masked_evidence_adapter_v1,,,,,,,,,,
review-backfill-8eb0192bebc019d2548a43ae,real-shadow-event-1cf7e52287e15a1854e7d0c4,latentatlas_action_time_masked_evidence_adapter_v1,,,,,,,,,,
review-backfill-f408efdcf8678b780569e753,real-shadow-event-1d38e3cdcfccd90094bf8e7c,latentatlas_action_time_masked_evidence_adapter_v1,,,,,,,,,,
review-backfill-e475682580d037ff4db18976,real-shadow-event-1d48153847d3ab9614e9588e,latentatlas_action_time_masked_evidence_adapter_v1,,,,,,,,,,
review-backfill-c20f2d8d201be768d8b8a691,real-shadow-event-1d48207f5f297a92318487b7,latentatlas_action_time_masked_evidence_adapter_v1,,,,,,,,,,
review-backfill-432157fcc884f1ea5b390d20,real-shadow-event-1d589ce9ef9f8d25102afd00,latentatlas_action_time_masked_evidence_adapter_v1,,,,,,,,,,
review-backfill-6d561560268b67c49522e183,real-shadow-event-1d5d7ff08f0935bc453377a6,latentatlas_action_time_masked_evidence_adapter_v1,,,,,,,,,,
review-backfill-66ac686f1dd13d5160a7c898,real-shadow-event-1d74a6b46de9dc7d628bb368,latentatlas_action_time_masked_evidence_adapter_v1,,,,,,,,,,
review-backfill-d69bbbc6ff614b850c75eeaf,real-shadow-event-1db1ac971c0dd1d192066e5f,latentatlas_action_time_masked_evidence_adapter_v1,,,,,,,,,,
review-backfill-e4334b247ed4dcc39b4b9aa6,real-shadow-event-1dbde8571720098e69b2879c,latentatlas_action_time_masked_evidence_adapter_v1,,,,,,,,,,
review-backfill-53b4a2e9bd05fc1cfdcf7caa,real-shadow-event-1dc82e1f7e1d5a2499f62e27,latentatlas_action_time_masked_evidence_adapter_v1,,,,,,,,,,
review-backfill-7cfd01f1e25189606fe94b79,real-shadow-event-1deaae224ff12075dc0ed8c9,latentatlas_action_time_masked_evidence_adapter_v1,,,,,,,,,,
review-backfill-9dc5f429c224c321d4d93943,real-shadow-event-1e204c8666d8645e0f775dbc,latentatlas_action_time_masked_evidence_adapter_v1,,,,,,,,,,
review-backfill-9c102713ac1fce05535aacb7,real-shadow-event-1e3312a16e4e7a6ec539c499,latentatlas_action_time_masked_evidence_adapter_v1,,,,,,,,,,
review-backfill-d83475d68775cd912ca86035,real-shadow-event-1e6bd4eea52b8b5dc660d3f3,latentatlas_action_time_masked_evidence_adapter_v1,,,,,,,,,,
review-backfill-db5b92155955773e23c0e307,real-shadow-event-1ea33f67635dae8dd47402b2,latentatlas_action_time_masked_evidence_adapter_v1,,,,,,,,,,
review-backfill-029b238ab5164034efdaeb72,real-shadow-event-1eac066f576191a289114cba,latentatlas_action_time_masked_evidence_adapter_v1,,,,,,,,,,
review-backfill-5e0aa3a1207188c990cf3231,real-shadow-event-1ee38ad9146fde98e9cd0014,latentatlas_action_time_masked_evidence_adapter_v1,,,,,,,,,,
review-backfill-4d0aa998685ea1b1815afa07,real-shadow-event-1f065988f10619e86535e5b7,latentatlas_action_time_masked_evidence_adapter_v1,,,,,,,,,,
review-backfill-dc0b4d9bebe932d1c4b225c3,real-shadow-event-1f65e3490f2b945f29f9f451,latentatlas_action_time_masked_evidence_adapter_v1,,,,,,,,,,
review-backfill-c8812c18eb28d1ea169763bd,real-shadow-event-1f880d6db1ece44aafa4a07f,latentatlas_action_time_masked_evidence_adapter_v1,,,,,,,,,,
review-backfill-897e3609c42dbf6a7e4cde73,real-shadow-event-1f9c9580f9ad45b20026e44c,latentatlas_action_time_masked_evidence_adapter_v1,,,,,,,,,,
review-backfill-8c5382e14853e1ccc83c1c02,real-shadow-event-1fca462b7de4c9fc01d5d67f,latentatlas_action_time_masked_evidence_adapter_v1,,,,,,,,,,
review-backfill-0ce3efcebd781029080de8b6,real-shadow-event-1fdaec8c7a9f58e57dc56566,latentatlas_action_time_masked_evidence_adapter_v1,,,,,,,,,,
review-backfill-4af0a1342a989d652e723304,real-shadow-event-1fde0dbec2f72f43a1847d34,latentatlas_action_time_masked_evidence_adapter_v1,,,,,,,,,,
review-backfill-a00c3d2dbbb7fe4bd32f95da,real-shadow-event-1ff5cd54088f8e18c1988c42,latentatlas_action_time_masked_evidence_adapter_v1,,,,,,,,,,
review-backfill-775a60dd907f4b0181dd92a8,real-shadow-event-20041ce2027c35e3b5c2e344,latentatlas_action_time_masked_evidence_adapter_v1,,,,,,,,,,
review-backfill-c4a9711e9b44eae0fb6f96a8,real-shadow-event-202d09c41d87f51aa4dff2af,latentatlas_action_time_masked_evidence_adapter_v1,,,,,,,,,,
review-backfill-bffea3c50c73d0481c918513,real-shadow-event-2035474e3c8c0c94ad088a07,latentatlas_action_time_masked_evidence_adapter_v1,,,,,,,,,,
review-backfill-99927d55ac3cdd76fee478aa,real-shadow-event-203da788229e855e9b134fbe,latentatlas_action_time_masked_evidence_adapter_v1,,,,,,,,,,
review-backfill-55ba97a174a53fbf98b95fad,real-shadow-event-206c37e797e7c89d33dd239e,latentatlas_action_time_masked_evidence_adapter_v1,,,,,,,,,,
review-backfill-87833442ea412551e1be534b,real-shadow-event-209db22f32ddfa858f18952a,latentatlas_action_time_masked_evidence_adapter_v1,,,,,,,,,,
review-backfill-b76644a5cac3b0900100ae7e,real-shadow-event-20a4f1a693574c4df008d7bd,latentatlas_action_time_masked_evidence_adapter_v1,,,,,,,,,,
review-backfill-cae087c66230245b86fabbf5,real-shadow-event-20ab3c45b52c527dace26165,latentatlas_action_time_masked_evidence_adapter_v1,,,,,,,,,,
review-backfill-d1cee293c17d26facf46da28,real-shadow-event-20b6496cbbf665a0e9736baf,latentatlas_action_time_masked_evidence_adapter_v1,,,,,,,,,,
review-backfill-2f80dbb8946ce247589aa1f8,real-shadow-event-20bdb46857995bdb5ba547cc,latentatlas_action_time_masked_evidence_adapter_v1,,,,,,,,,,
review-backfill-2f44ffaa12aa53932c77c5b4,real-shadow-event-20da556331d2622a75be2569,latentatlas_action_time_masked_evidence_adapter_v1,,,,,,,,,,
review-backfill-f6715c2a0fbd2a41f2289c58,real-shadow-event-21046c2c648f3081b01767d8,latentatlas_action_time_masked_evidence_adapter_v1,,,,,,,,,,
review-backfill-1eaeb4c8017056e0c8e84c77,real-shadow-event-2133d5d5a14e827ef546e818,latentatlas_action_time_masked_evidence_adapter_v1,,,,,,,,,,
review-backfill-da225689e79c94743b056683,real-shadow-event-214f8678816bf5620575014a,latentatlas_action_time_masked_evidence_adapter_v1,,,,,,,,,,
review-backfill-2a09aa8d4f83eb2d13943107,real-shadow-event-2170a296ef51c05dd235346e,latentatlas_action_time_masked_evidence_adapter_v1,,,,,,,,,,
review-backfill-5b72a245aac4b657718705a0,real-shadow-event-217e7a0325a7680e2bce624a,latentatlas_action_time_masked_evidence_adapter_v1,,,,,,,,,,
review-backfill-3ac00366e8a32f7a604124fd,real-shadow-event-219e230d498b16e87522289c,latentatlas_action_time_masked_evidence_adapter_v1,,,,,,,,,,
review-backfill-31950c85505dd33b8dba8dfb,real-shadow-event-21aa7c03764ee339d8808f3b,latentatlas_action_time_masked_evidence_adapter_v1,,,,,,,,,,
review-backfill-973aecdf4e08540627494d96,real-shadow-event-21dcbedade8550928cf21a7e,latentatlas_action_time_masked_evidence_adapter_v1,,,,,,,,,,
review-backfill-43391aa22cd834b0418a3626,real-shadow-event-2203c92039a215c0fa7c019a,latentatlas_action_time_masked_evidence_adapter_v1,,,,,,,,,,
review-backfill-b8d93a64e3f03b29a0ebc084,real-shadow-event-2215a1f6106134297f2adcc3,latentatlas_action_time_masked_evidence_adapter_v1,,,,,,,,,,
review-backfill-92d8b8e1ca083a9c28333cd7,real-shadow-event-2224ad368098bda9603696b8,latentatlas_action_time_masked_evidence_adapter_v1,,,,,,,,,,
review-backfill-64564292914b615b9911b8fa,real-shadow-event-228c15eaddba050150d4c912,latentatlas_action_time_masked_evidence_adapter_v1,,,,,,,,,,
review-backfill-bf7f1bff787c294f822b15ae,real-shadow-event-229f5df8bb34d37c6ba5a4c2,latentatlas_action_time_masked_evidence_adapter_v1,,,,,,,,,,
review-backfill-51fa17261ccd619368ef76a7,real-shadow-event-22abc130a28731f8fec412b0,latentatlas_action_time_masked_evidence_adapter_v1,,,,,,,,,,
review-backfill-de8b2ec505fd54834f6e1182,real-shadow-event-22dda347d0c3db3624ec0224,latentatlas_action_time_masked_evidence_adapter_v1,,,,,,,,,,
review-backfill-c9b8996ea2032fc3e03390ac,real-shadow-event-22eea588e2d5de027c8dec63,latentatlas_action_time_masked_evidence_adapter_v1,,,,,,,,,,
review-backfill-adbeb8e8ef855a8d4251cc7c,real-shadow-event-2327583f1f6bc1a6c9d955b6,latentatlas_action_time_masked_evidence_adapter_v1,,,,,,,,,,
review-backfill-fa3882f17ce8d5a97304ff9d,real-shadow-event-2354753cd66b74744b620da9,latentatlas_action_time_masked_evidence_adapter_v1,,,,,,,,,,
review-backfill-7ad7b6b2428acd59919624a6,real-shadow-event-235c72e11550dae8c07b07c3,latentatlas_action_time_masked_evidence_adapter_v1,,,,,,,,,,
review-backfill-70ad47b18220b3e2153c2817,real-shadow-event-23879a7d3d88d1a9ebac2a37,latentatlas_action_time_masked_evidence_adapter_v1,,,,,,,,,,
review-backfill-6979a47c8134d064b1cdb600,real-shadow-event-239273d6fa29b77a0df2d6c5,latentatlas_action_time_masked_evidence_adapter_v1,,,,,,,,,,
review-backfill-4a11042620fc219b3a595bd7,real-shadow-event-239694af49f4f6d4a3654546,latentatlas_action_time_masked_evidence_adapter_v1,,,,,,,,,,
review-backfill-0f28a9eee942ed015a14b533,real-shadow-event-23d50823ddb5ac51a50a1d37,latentatlas_action_time_masked_evidence_adapter_v1,,,,,,,,,,
review-backfill-7974ab54c9e55a4b87a27d26,real-shadow-event-23e422342470e396302463fb,latentatlas_action_time_masked_evidence_adapter_v1,,,,,,,,,,
review-backfill-8798148a637419aa4fd66272,real-shadow-event-23e8cf61816c1347e432273e,latentatlas_action_time_masked_evidence_adapter_v1,,,,,,,,,,
review-backfill-5ae7013a9368d350791a6d50,real-shadow-event-2419c25700c95f037dbd31aa,latentatlas_action_time_masked_evidence_adapter_v1,,,,,,,,,,
review-backfill-3ad089e1ccb2c7d5c3bcd1bc,real-shadow-event-2448cca3e0241b3d07243398,latentatlas_action_time_masked_evidence_adapter_v1,,,,,,,,,,
review-backfill-40c58e877bff337f222ffaed,real-shadow-event-246218eeddf1d8479c63228c,latentatlas_action_time_masked_evidence_adapter_v1,,,,,,,,,,
review-backfill-b998167727af17eda8f4fdec,real-shadow-event-248305686f293b50dec934f7,latentatlas_action_time_masked_evidence_adapter_v1,,,,,,,,,,
review-backfill-aee2a56e0e7da9d3baf95b5d,real-shadow-event-24ac05c25294faf8d9465110,latentatlas_action_time_masked_evidence_adapter_v1,,,,,,,,,,
review-backfill-fa85cbe414915fb4d20e28fa,real-shadow-event-24b9204a34eab5a84ed884d6,latentatlas_action_time_masked_evidence_adapter_v1,,,,,,,,,,
review-backfill-2ed6315eaa2021349a4bbca9,real-shadow-event-24de772e7a7f6335bcca0070,latentatlas_action_time_masked_evidence_adapter_v1,,,,,,,,,,
review-backfill-0413a1875a68ef23128f730b,real-shadow-event-25404f9daa674250a8073a72,latentatlas_action_time_masked_evidence_adapter_v1,,,,,,,,,,
review-backfill-8ecff7d2eb082641960f0ffd,real-shadow-event-25422ae0a8e818554de68620,latentatlas_action_time_masked_evidence_adapter_v1,,,,,,,,,,
review-backfill-7cf4aab9810d4fdb1a5c2c12,real-shadow-event-2549d162fe4f19f94538d105,latentatlas_action_time_masked_evidence_adapter_v1,,,,,,,,,,
review-backfill-a52e10db17d45537aac0e8e0,real-shadow-event-2575bd00360986b26fb46649,latentatlas_action_time_masked_evidence_adapter_v1,,,,,,,,,,
review-backfill-b057249874a73ec46e277ac6,real-shadow-event-2576e3a2a2ac72bd1ff6ff15,latentatlas_action_time_masked_evidence_adapter_v1,,,,,,,,,,
review-backfill-cc25e790b535b8b3f1df41e9,real-shadow-event-2593fa07e769dbc6cf57bc9b,latentatlas_action_time_masked_evidence_adapter_v1,,,,,,,,,,
review-backfill-8911ba07e06db9ad29d4a190,real-shadow-event-2597912327f8283f101a1fe7,latentatlas_action_time_masked_evidence_adapter_v1,,,,,,,,,,
review-backfill-a6f050ebe5337c006cb584b2,real-shadow-event-25aaa37b7c443807cdd07a3a,latentatlas_action_time_masked_evidence_adapter_v1,,,,,,,,,,
review-backfill-d0eccec0b13ad49bfbabe326,real-shadow-event-25ae22431a356637ff939ede,latentatlas_action_time_masked_evidence_adapter_v1,,,,,,,,,,
review-backfill-9bd899875a7a4695b0d5f7e2,real-shadow-event-25c31fcc08b2c11a2ed2d02f,latentatlas_action_time_masked_evidence_adapter_v1,,,,,,,,,,
review-backfill-1f4ac905046e15258023362b,real-shadow-event-25de31a7d015ab0380db4f66,latentatlas_action_time_masked_evidence_adapter_v1,,,,,,,,,,
review-backfill-9c0e1f0526bac9da6aef47dc,real-shadow-event-26153b773c4a5fa3af8f3140,latentatlas_action_time_masked_evidence_adapter_v1,,,,,,,,,,
review-backfill-fe03efd65632e1b7174fad7b,real-shadow-event-26226a4070de5fb9ffcd2be2,latentatlas_action_time_masked_evidence_adapter_v1,,,,,,,,,,
review-backfill-879228dcb26c701d1f64a817,real-shadow-event-26c9b2fc27dea5d9a534a4e3,latentatlas_action_time_masked_evidence_adapter_v1,,,,,,,,,,
review-backfill-9f68d740bfda959e9bb86307,real-shadow-event-270c67d4f0b9e0e8422ced14,latentatlas_action_time_masked_evidence_adapter_v1,,,,,,,,,,
review-backfill-c520919475737066bd14279b,real-shadow-event-2720cfc60b79c93fde36fda3,latentatlas_action_time_masked_evidence_adapter_v1,,,,,,,,,,
review-backfill-8c4dab0ae2c576b771b3eaed,real-shadow-event-27226f0e452c912cc8a20ab2,latentatlas_action_time_masked_evidence_adapter_v1,,,,,,,,,,
review-backfill-714146b729c3daa6f7a17f49,real-shadow-event-2742c556f07ebb37e8e31b7a,latentatlas_action_time_masked_evidence_adapter_v1,,,,,,,,,,
review-backfill-2baf5ce8f054f7149ce992b5,real-shadow-event-2746be6f1497a705247de993,latentatlas_action_time_masked_evidence_adapter_v1,,,,,,,,,,
review-backfill-6e3e7f315cd7838e15b2d7c4,real-shadow-event-275817d0616dccee88fb66f4,latentatlas_action_time_masked_evidence_adapter_v1,,,,,,,,,,
review-backfill-c23f279faf53245f4a9b660f,real-shadow-event-2764904d20bb6a2437bf8e9e,latentatlas_action_time_masked_evidence_adapter_v1,,,,,,,,,,
review-backfill-9e4fe2af061a75cdc80cfa92,real-shadow-event-276dba85f92ac64d0d1e1f46,latentatlas_action_time_masked_evidence_adapter_v1,,,,,,,,,,
review-backfill-9eae5438f99f69810fe31593,real-shadow-event-278f5db88ebcff636f62f274,latentatlas_action_time_masked_evidence_adapter_v1,,,,,,,,,,
review-backfill-e92f4042c1195b87b68e0758,real-shadow-event-27afb2edd870b53e36f579c7,latentatlas_action_time_masked_evidence_adapter_v1,,,,,,,,,,
review-backfill-b991405ca4edef9f84c337be,real-shadow-event-27c6f8d2ca9bd79b9fe9b60b,latentatlas_action_time_masked_evidence_adapter_v1,,,,,,,,,,
review-backfill-3b658083b9af5a7d7718b54d,real-shadow-event-280a1001eaed32eec28a83c2,latentatlas_action_time_masked_evidence_adapter_v1,,,,,,,,,,
review-backfill-9d1e584bc753267490de0059,real-shadow-event-2850d5f6ee0f73dd39042753,latentatlas_action_time_masked_evidence_adapter_v1,,,,,,,,,,
review-backfill-c9df0f46ca48bf8083d5af8a,real-shadow-event-2851f6c6df6ac38291c943f1,latentatlas_action_time_masked_evidence_adapter_v1,,,,,,,,,,
review-backfill-4b45caac75be1806fe680b63,real-shadow-event-2864f762dd0595552650f96f,latentatlas_action_time_masked_evidence_adapter_v1,,,,,,,,,,
review-backfill-ad4c95fd576bd77c178b578a,real-shadow-event-2877490e93ddc80ba05427d5,latentatlas_action_time_masked_evidence_adapter_v1,,,,,,,,,,
review-backfill-4030e7a09e6dcbe179a4c1fd,real-shadow-event-287a9d87cce029a1a392777c,latentatlas_action_time_masked_evidence_adapter_v1,,,,,,,,,,
review-backfill-011042ea97e34048627776e6,real-shadow-event-289fe8aede706f075cf4ef4e,latentatlas_action_time_masked_evidence_adapter_v1,,,,,,,,,,
review-backfill-2c7e9791fb3684f61eae0d54,real-shadow-event-28c25ceecd9f69c74a31f12c,latentatlas_action_time_masked_evidence_adapter_v1,,,,,,,,,,
review-backfill-762ab42148a75cb8c9d396e9,real-shadow-event-28c8476ae626ecdd19458873,latentatlas_action_time_masked_evidence_adapter_v1,,,,,,,,,,
review-backfill-9301edd9ad048734995a26b4,real-shadow-event-290be64c0e703fbd9e7d790c,latentatlas_action_time_masked_evidence_adapter_v1,,,,,,,,,,
review-backfill-d007e7e4e17b5ab32fe1b74c,real-shadow-event-291bc850bde9205ca9247c1a,latentatlas_action_time_masked_evidence_adapter_v1,,,,,,,,,,
review-backfill-a15fdfe781fffdb29b2732a6,real-shadow-event-2928dc06f66e33344a2ea790,latentatlas_action_time_masked_evidence_adapter_v1,,,,,,,,,,
review-backfill-eefb25bdd3dd729ebc88277d,real-shadow-event-292af00bcbe11b04d646f2fa,latentatlas_action_time_masked_evidence_adapter_v1,,,,,,,,,,
review-backfill-97e95775f7cc019bc929b692,real-shadow-event-2945db32ce524f0fb0e2b513,latentatlas_action_time_masked_evidence_adapter_v1,,,,,,,,,,
review-backfill-ccf9409a1a5b02c7504b308a,real-shadow-event-297fa3e2969067758a398b8c,latentatlas_action_time_masked_evidence_adapter_v1,,,,,,,,,,
review-backfill-a19002bd53735e2d771c1bc2,real-shadow-event-29907638a28f71a0e66489b7,latentatlas_action_time_masked_evidence_adapter_v1,,,,,,,,,,
review-backfill-2265c72e13f5f538a9c99f6f,real-shadow-event-299712c67149203a999792a1,latentatlas_action_time_masked_evidence_adapter_v1,,,,,,,,,,
review-backfill-458a94b5eb573f4db77730c4,real-shadow-event-29c36b66a21f43c03fbf1eb3,latentatlas_action_time_masked_evidence_adapter_v1,,,,,,,,,,
review-backfill-16d27d0b24e3c4527e90d12f,real-shadow-event-29c8ed660a33de318ecfdf26,latentatlas_action_time_masked_evidence_adapter_v1,,,,,,,,,,
review-backfill-7cc63c8318b5f7903716d9f7,real-shadow-event-29eba171f20877362cde73a3,latentatlas_action_time_masked_evidence_adapter_v1,,,,,,,,,,
review-backfill-8844eb094a8f8176d028cca8,real-shadow-event-29eddb9199a3a55b8fe736fd,latentatlas_action_time_masked_evidence_adapter_v1,,,,,,,,,,
review-backfill-21895146efac99adf78fd8c7,real-shadow-event-29fea7708bbccec11a3cc4b6,latentatlas_action_time_masked_evidence_adapter_v1,,,,,,,,,,
review-backfill-86bd0aedd4622bff49c044b9,real-shadow-event-2a11d288100358f267791aaa,latentatlas_action_time_masked_evidence_adapter_v1,,,,,,,,,,
review-backfill-fce7addd863c7cf7ee2329a3,real-shadow-event-2a488e204c02e8d1674b8f26,latentatlas_action_time_masked_evidence_adapter_v1,,,,,,,,,,
review-backfill-fd2e6c8b6233895bc70b59de,real-shadow-event-2a4d81d96ce93ddaa61bf2ad,latentatlas_action_time_masked_evidence_adapter_v1,,,,,,,,,,
review-backfill-81f1b442099f08f0dbd5ef2e,real-shadow-event-2a667027e62c4843a80c62be,latentatlas_action_time_masked_evidence_adapter_v1,,,,,,,,,,
review-backfill-4873f48e9d3028e5047bf6e3,real-shadow-event-2a9f211cba6323e8911b603a,latentatlas_action_time_masked_evidence_adapter_v1,,,,,,,,,,
review-backfill-e168d83adb73ca1cc9f9fed9,real-shadow-event-2b1070e42a1983a220c7ac6b,latentatlas_action_time_masked_evidence_adapter_v1,,,,,,,,,,
review-backfill-cd52a8207ea1ab2100c38aa9,real-shadow-event-2b587b5e27aa84c06b1f6bc1,latentatlas_action_time_masked_evidence_adapter_v1,,,,,,,,,,
review-backfill-77bc93f49aa583eb61c0e426,real-shadow-event-2b5c64a9a78ce4620730605a,latentatlas_action_time_masked_evidence_adapter_v1,,,,,,,,,,
review-backfill-420eb3f965b90b865a9038e8,real-shadow-event-2bb4eb854451f74a9838d672,latentatlas_action_time_masked_evidence_adapter_v1,,,,,,,,,,
review-backfill-d60f2585f82bfe798641ced0,real-shadow-event-2bce731c773285a76f3b2971,latentatlas_action_time_masked_evidence_adapter_v1,,,,,,,,,,
review-backfill-23775c723480279fd7950505,real-shadow-event-2bd755df12d7c6a7f44f3cef,latentatlas_action_time_masked_evidence_adapter_v1,,,,,,,,,,
review-backfill-5b1c3315d9394f06ea60d303,real-shadow-event-2c0fc8c0cf1873c87fbe7526,latentatlas_action_time_masked_evidence_adapter_v1,,,,,,,,,,
review-backfill-72cf2166967bdc32e3fbf92f,real-shadow-event-2c1dc3b6d74ac25b50adee31,latentatlas_action_time_masked_evidence_adapter_v1,,,,,,,,,,
review-backfill-12e9773b2113dd4ca2dd46a5,real-shadow-event-2c1e6ad90ef42165bfdbc43d,latentatlas_action_time_masked_evidence_adapter_v1,,,,,,,,,,
review-backfill-1658f09ffc60f831d59f9978,real-shadow-event-2c67e27f435ed6e6eda0be33,latentatlas_action_time_masked_evidence_adapter_v1,,,,,,,,,,
review-backfill-7ade0ffc6f4ae63cbd582a70,real-shadow-event-2ca5256b62ce705f214a0bd4,latentatlas_action_time_masked_evidence_adapter_v1,,,,,,,,,,
review-backfill-3f997d0e5145c1ec2020d3f3,real-shadow-event-2cdc553023384c41ea3c0afc,latentatlas_action_time_masked_evidence_adapter_v1,,,,,,,,,,
review-backfill-6e71a9650f2f90213016e45b,real-shadow-event-2cdd3ef8e07618c6e27492cf,latentatlas_action_time_masked_evidence_adapter_v1,,,,,,,,,,
review-backfill-e4503dab5929981075869ce4,real-shadow-event-2d3b074591b65e6990849d04,latentatlas_action_time_masked_evidence_adapter_v1,,,,,,,,,,
review-backfill-9b84a19879defdabcd19ae11,real-shadow-event-2d4a1bbe140885e495f99be5,latentatlas_action_time_masked_evidence_adapter_v1,,,,,,,,,,
review-backfill-8f07878b6314bdb102493c10,real-shadow-event-2d737ed8c4d59921bae92b9d,latentatlas_action_time_masked_evidence_adapter_v1,,,,,,,,,,
review-backfill-ae9f170e8a2f2fc2b1e5be7f,real-shadow-event-2d7a16cf791ff1114808a468,latentatlas_action_time_masked_evidence_adapter_v1,,,,,,,,,,
review-backfill-5975f4c9d94c60bd789db82c,real-shadow-event-2d97b02ff8d926d6cdd883e6,latentatlas_action_time_masked_evidence_adapter_v1,,,,,,,,,,
review-backfill-4de920abe64ec87c344d5b7c,real-shadow-event-2e0106de512291d4da0adc80,latentatlas_action_time_masked_evidence_adapter_v1,,,,,,,,,,
review-backfill-3a1729cb127ed2a00ed33555,real-shadow-event-2e154ec599e5acb7de53b33c,latentatlas_action_time_masked_evidence_adapter_v1,,,,,,,,,,
review-backfill-83ed033d38b21ec62f70cf25,real-shadow-event-2e3e07bb64982d9819bcc5eb,latentatlas_action_time_masked_evidence_adapter_v1,,,,,,,,,,
review-backfill-87bda871eede8142b2008794,real-shadow-event-2e4dc06a6fb2391f80b794bc,latentatlas_action_time_masked_evidence_adapter_v1,,,,,,,,,,
review-backfill-679c13a6e133e449185ffeac,real-shadow-event-2e918c14d0accd672c57a260,latentatlas_action_time_masked_evidence_adapter_v1,,,,,,,,,,
review-backfill-21582ef314a3d9410effb80f,real-shadow-event-2eaefedf558e890f77139c10,latentatlas_action_time_masked_evidence_adapter_v1,,,,,,,,,,
review-backfill-352d50b27939b9de3caad21c,real-shadow-event-2ed02091b70f9c33ddfd6ee5,latentatlas_action_time_masked_evidence_adapter_v1,,,,,,,,,,
review-backfill-cb13046b0b3518806f0332ed,real-shadow-event-2ef9840021d08d8b3cf3fe5c,latentatlas_action_time_masked_evidence_adapter_v1,,,,,,,,,,
review-backfill-7cff898911e60ec7a81cdb91,real-shadow-event-2f0b17c95b7cb02cd9ea6ba3,latentatlas_action_time_masked_evidence_adapter_v1,,,,,,,,,,
review-backfill-6dceda682f10ffc6c7f765d4,real-shadow-event-2f192b23daa84545577ae806,latentatlas_action_time_masked_evidence_adapter_v1,,,,,,,,,,
review-backfill-00671bf34fc076a9160d27e6,real-shadow-event-2f55a9c63147a377154f6704,latentatlas_action_time_masked_evidence_adapter_v1,,,,,,,,,,
review-backfill-9b3e05d7853d2ece3c9affc8,real-shadow-event-2f98704ce6237f6464c42f8a,latentatlas_action_time_masked_evidence_adapter_v1,,,,,,,,,,
review-backfill-1251fcd020d5a335b3135e33,real-shadow-event-2f9a58c83b5d95116544e23e,latentatlas_action_time_masked_evidence_adapter_v1,,,,,,,,,,
review-backfill-55a2d09c6a8158353341d090,real-shadow-event-2fa748483d9c801c0c525d83,latentatlas_action_time_masked_evidence_adapter_v1,,,,,,,,,,
review-backfill-2d52d61cbc8cf380cd2320a4,real-shadow-event-2fbd921f6c017ae3f5ff22da,latentatlas_action_time_masked_evidence_adapter_v1,,,,,,,,,,
review-backfill-fed4aabecf386312214ef821,real-shadow-event-2ff5ab22e45e5261e7875be5,latentatlas_action_time_masked_evidence_adapter_v1,,,,,,,,,,
review-backfill-92d201661ea6fa184f215582,real-shadow-event-2ff7e4cd552a0f174f9f9860,latentatlas_action_time_masked_evidence_adapter_v1,,,,,,,,,,
review-backfill-f9dd8430d76ca0bcdfda5b7f,real-shadow-event-3031f0971336644287e3f24f,latentatlas_action_time_masked_evidence_adapter_v1,,,,,,,,,,
review-backfill-84c7b734bc86b452c30d1837,real-shadow-event-303abd3a6d9d7b4d9bced376,latentatlas_action_time_masked_evidence_adapter_v1,,,,,,,,,,
review-backfill-db48c21fed96b3e2fed4ee18,real-shadow-event-308f5d181bc252cffac9fa27,latentatlas_action_time_masked_evidence_adapter_v1,,,,,,,,,,
review-backfill-76bc9af452458313fb6096f1,real-shadow-event-30ac41d386ab670416b842db,latentatlas_action_time_masked_evidence_adapter_v1,,,,,,,,,,
review-backfill-1b9c2724e061ac40b559e139,real-shadow-event-30d2b0e7a08b470a4b2d269d,latentatlas_action_time_masked_evidence_adapter_v1,,,,,,,,,,
review-backfill-0b860a2e38e389fa58e4600f,real-shadow-event-30f46edd987f0610259132dc,latentatlas_action_time_masked_evidence_adapter_v1,,,,,,,,,,
review-backfill-b6ba6ec754b3cb33dbcb2d10,real-shadow-event-31221ad42b98965a73c0ea15,latentatlas_action_time_masked_evidence_adapter_v1,,,,,,,,,,
review-backfill-4fc0cb70e5afff13aa3701a2,real-shadow-event-3131c0d6ea071792bca00e70,latentatlas_action_time_masked_evidence_adapter_v1,,,,,,,,,,
review-backfill-5789a8e1819c91e0849ac168,real-shadow-event-31527e386ed0ce0c5f342a25,latentatlas_action_time_masked_evidence_adapter_v1,,,,,,,,,,
review-backfill-16a9c91d051daaa4590aa3c0,real-shadow-event-3161d7d820b1846dc26d53e9,latentatlas_action_time_masked_evidence_adapter_v1,,,,,,,,,,
review-backfill-a5797603af63f95f143861d1,real-shadow-event-3179a52d79eda0701b7cb94e,latentatlas_action_time_masked_evidence_adapter_v1,,,,,,,,,,
review-backfill-19506893323ceb96a8a1aba2,real-shadow-event-319cc53748ff02e128b00849,latentatlas_action_time_masked_evidence_adapter_v1,,,,,,,,,,
review-backfill-193040ad92f60af908604e76,real-shadow-event-31d7a829d1f6654100a092ac,latentatlas_action_time_masked_evidence_adapter_v1,,,,,,,,,,
review-backfill-3f25a30d5b4fb1d93529fc9a,real-shadow-event-31de9706e8346dc348b00c8e,latentatlas_action_time_masked_evidence_adapter_v1,,,,,,,,,,
review-backfill-410322e801baea59b38225a4,real-shadow-event-31f80ce997798b9278fc65e4,latentatlas_action_time_masked_evidence_adapter_v1,,,,,,,,,,
review-backfill-97436a64689d511039c3addc,real-shadow-event-31fc39509c00da97f08dd373,latentatlas_action_time_masked_evidence_adapter_v1,,,,,,,,,,
review-backfill-5c2964b208566f141ff55d46,real-shadow-event-328f4f9249220f43dafcba18,latentatlas_action_time_masked_evidence_adapter_v1,,,,,,,,,,
review-backfill-8e89e5e148ce7d9f6aa4450a,real-shadow-event-32eb25e3bd4f26c617a866c5,latentatlas_action_time_masked_evidence_adapter_v1,,,,,,,,,,
review-backfill-6b7da93649e39a50cde46bd8,real-shadow-event-330dcfcd8babc39dd57fe7e7,latentatlas_action_time_masked_evidence_adapter_v1,,,,,,,,,,
review-backfill-1a6a5c8fa53ac6e12e82c660,real-shadow-event-331953c22e603bb05cb7a598,latentatlas_action_time_masked_evidence_adapter_v1,,,,,,,,,,
review-backfill-17dabe70e063d9b8ac76eef8,real-shadow-event-334ea6e1eb1dd629056edfe2,latentatlas_action_time_masked_evidence_adapter_v1,,,,,,,,,,
review-backfill-97d8b7e965bf1c4c9b5996f2,real-shadow-event-3359f5095b68fe22f75a22d3,latentatlas_action_time_masked_evidence_adapter_v1,,,,,,,,,,
review-backfill-036725236a0545388b4df85d,real-shadow-event-3388f50f10b839f34eb7dd2b,latentatlas_action_time_masked_evidence_adapter_v1,,,,,,,,,,
review-backfill-8ceecea318cbfadfc70ad085,real-shadow-event-33a128c76b3095f080f2582f,latentatlas_action_time_masked_evidence_adapter_v1,,,,,,,,,,
review-backfill-970a0d81ec4f47ed7bb0fad5,real-shadow-event-33ad98f73cffa6a2b4eafe21,latentatlas_action_time_masked_evidence_adapter_v1,,,,,,,,,,
review-backfill-24f39e37f5b9cb1d5f53836c,real-shadow-event-33e96b60c309040f7727c482,latentatlas_action_time_masked_evidence_adapter_v1,,,,,,,,,,
review-backfill-515b2f77803cf47cdc3cb5bc,real-shadow-event-33f6bf5ffc81d188f3ee43a5,latentatlas_action_time_masked_evidence_adapter_v1,,,,,,,,,,
review-backfill-a9e822a2cd946be5408d5e1e,real-shadow-event-33f8d7d3a718fc3189a1f6f6,latentatlas_action_time_masked_evidence_adapter_v1,,,,,,,,,,
review-backfill-07e07e5d8a8bf56c0c6c128d,real-shadow-event-34089ddeebe1a41a0b431863,latentatlas_action_time_masked_evidence_adapter_v1,,,,,,,,,,
review-backfill-8c34aae7757429a71b0c0b4e,real-shadow-event-34187d78df2e23221477a4ff,latentatlas_action_time_masked_evidence_adapter_v1,,,,,,,,,,
review-backfill-1320b232b205cb0037c5cd5d,real-shadow-event-343d0777742ec32b806eadd4,latentatlas_action_time_masked_evidence_adapter_v1,,,,,,,,,,
review-backfill-43d45b4cc9ed29e2c4130d8a,real-shadow-event-3465dec8162f671e2dcac560,latentatlas_action_time_masked_evidence_adapter_v1,,,,,,,,,,
review-backfill-262a7c73ac6be5394e495c74,real-shadow-event-34ade1bc2b33764c06a4c869,latentatlas_action_time_masked_evidence_adapter_v1,,,,,,,,,,
review-backfill-0945f7c2eef81db989a7cdca,real-shadow-event-34e4290b98ee26433e59968f,latentatlas_action_time_masked_evidence_adapter_v1,,,,,,,,,,
review-backfill-a6b0042d27607b49823dcb73,real-shadow-event-34f360355e15ba4a4d4ef565,latentatlas_action_time_masked_evidence_adapter_v1,,,,,,,,,,
review-backfill-f9cfdf96407384496751ddaf,real-shadow-event-35318a87e2fdb7093f8516f4,latentatlas_action_time_masked_evidence_adapter_v1,,,,,,,,,,
review-backfill-2517eec5c3da208f28496d88,real-shadow-event-353d364dc5b75e9d47c8478e,latentatlas_action_time_masked_evidence_adapter_v1,,,,,,,,,,
review-backfill-d3c8c5ab384990cfbdd6f2b2,real-shadow-event-354dc94489a329eddb748a92,latentatlas_action_time_masked_evidence_adapter_v1,,,,,,,,,,
review-backfill-9600948612e1746c21124b7d,real-shadow-event-354eb86dcddff10cca297f6a,latentatlas_action_time_masked_evidence_adapter_v1,,,,,,,,,,
review-backfill-ae2ee49aaa49f9ef1010e16f,real-shadow-event-355baebc31b71e517526758e,latentatlas_action_time_masked_evidence_adapter_v1,,,,,,,,,,
review-backfill-0e3058d0f37191fadb12f962,real-shadow-event-35635bc71dddab98be3529eb,latentatlas_action_time_masked_evidence_adapter_v1,,,,,,,,,,
review-backfill-e7d2d50df6f3ab358c70600a,real-shadow-event-3583ebb98864ad0f71758b9b,latentatlas_action_time_masked_evidence_adapter_v1,,,,,,,,,,
review-backfill-2921bcf49055a8a78ea9acf0,real-shadow-event-35a7ac574623b76a73b51281,latentatlas_action_time_masked_evidence_adapter_v1,,,,,,,,,,
review-backfill-515073b104d9bb2cd991f995,real-shadow-event-35bce97f32fb80f3568f0a56,latentatlas_action_time_masked_evidence_adapter_v1,,,,,,,,,,
review-backfill-9c71b49d7aeb460f18bf1c7a,real-shadow-event-35c2c07e17244465b21bf260,latentatlas_action_time_masked_evidence_adapter_v1,,,,,,,,,,
review-backfill-ab69f4545f05e1c49fb2ede8,real-shadow-event-35c5f8ae62e1d3209fe3f8a6,latentatlas_action_time_masked_evidence_adapter_v1,,,,,,,,,,
review-backfill-c1cd7dcce47a91092656f616,real-shadow-event-35e7f278e497ce592ec3b8d9,latentatlas_action_time_masked_evidence_adapter_v1,,,,,,,,,,
review-backfill-77b1d57db9afbcde877d9b1e,real-shadow-event-360a20765bb99e71d7b5fe61,latentatlas_action_time_masked_evidence_adapter_v1,,,,,,,,,,
review-backfill-98a49d31a90afa483e63057d,real-shadow-event-360fc05d8c6f74d274402295,latentatlas_action_time_masked_evidence_adapter_v1,,,,,,,,,,
review-backfill-d3b80d376187650c42c89246,real-shadow-event-365878360d4a32c70a0514a4,latentatlas_action_time_masked_evidence_adapter_v1,,,,,,,,,,
review-backfill-7c91ca87a0b16dc3b1a1717d,real-shadow-event-365bc80bc0c40e580c1588c1,latentatlas_action_time_masked_evidence_adapter_v1,,,,,,,,,,
review-backfill-0c8886d8c5c2e1b275bc7e2c,real-shadow-event-365e2efc9670b4d5d32d4871,latentatlas_action_time_masked_evidence_adapter_v1,,,,,,,,,,
review-backfill-4b12b80b6d83f33e200360e1,real-shadow-event-366cf0850ca56835826dbb0e,latentatlas_action_time_masked_evidence_adapter_v1,,,,,,,,,,
review-backfill-5d24a2dcb00a4fa3534af5f4,real-shadow-event-366ffed722d08bc9af58da20,latentatlas_action_time_masked_evidence_adapter_v1,,,,,,,,,,
review-backfill-48b9c702e4364763fc1fe75e,real-shadow-event-367ef7afb0361254d52cebe9,latentatlas_action_time_masked_evidence_adapter_v1,,,,,,,,,,
review-backfill-22e4366f893578dc4490a12a,real-shadow-event-36e6c8fd1e0c6da294ede7a4,latentatlas_action_time_masked_evidence_adapter_v1,,,,,,,,,,
review-backfill-03143b271f651b56602d831d,real-shadow-event-36f4f5998d7ddd10c7c13ee3,latentatlas_action_time_masked_evidence_adapter_v1,,,,,,,,,,
review-backfill-3f09759f8570d51e582d3838,real-shadow-event-3739b44f3862ee89488d7d83,latentatlas_action_time_masked_evidence_adapter_v1,,,,,,,,,,
review-backfill-1d01fa08175e2c54469d5080,real-shadow-event-375ed7cd88c0fb1d5a7df21b,latentatlas_action_time_masked_evidence_adapter_v1,,,,,,,,,,
review-backfill-52a347b1b1f29267b5998685,real-shadow-event-375fd009b5b41cc6f643dc98,latentatlas_action_time_masked_evidence_adapter_v1,,,,,,,,,,
review-backfill-c4906fd9a5078291c70d7e68,real-shadow-event-37c54f7ceb5b041078321508,latentatlas_action_time_masked_evidence_adapter_v1,,,,,,,,,,
review-backfill-79ed35f9e783574de3773884,real-shadow-event-37f8db4300056269733f6a25,latentatlas_action_time_masked_evidence_adapter_v1,,,,,,,,,,
review-backfill-46e217d55368ba6593cf5027,real-shadow-event-3831c424402b9c4742fc7e3b,latentatlas_action_time_masked_evidence_adapter_v1,,,,,,,,,,
review-backfill-b280a0b80310851e1cb41165,real-shadow-event-386bdda955f8cc59b0aef1b1,latentatlas_action_time_masked_evidence_adapter_v1,,,,,,,,,,
review-backfill-1c537da9ade2a73fb4fcbfbb,real-shadow-event-38835663dd4272d019101952,latentatlas_action_time_masked_evidence_adapter_v1,,,,,,,,,,
review-backfill-8c9904448d08981d9ef866fb,real-shadow-event-38a40b12b228a915e24cb96d,latentatlas_action_time_masked_evidence_adapter_v1,,,,,,,,,,
review-backfill-14058adaaf5439eef83fdd37,real-shadow-event-38e3f189be3008982ac685f5,latentatlas_action_time_masked_evidence_adapter_v1,,,,,,,,,,
review-backfill-bf7f5737370e5e9d9ddf1e0b,real-shadow-event-3933bf2295526e26bebe01a3,latentatlas_action_time_masked_evidence_adapter_v1,,,,,,,,,,
review-backfill-d89d25f0dcaf912e96decaca,real-shadow-event-396609fe7d328971809295e8,latentatlas_action_time_masked_evidence_adapter_v1,,,,,,,,,,
review-backfill-b0cd5b7a06cf9122381ee60b,real-shadow-event-39720a7d10ee92f80a4aaacf,latentatlas_action_time_masked_evidence_adapter_v1,,,,,,,,,,
review-backfill-19be83b972d73e4a34a3f8b8,real-shadow-event-39810866636044c7dc21d73e,latentatlas_action_time_masked_evidence_adapter_v1,,,,,,,,,,
review-backfill-1b526fddaae288340eb3eaf4,real-shadow-event-39ba49455b7f37011b1056d1,latentatlas_action_time_masked_evidence_adapter_v1,,,,,,,,,,
review-backfill-7d7235f605fbff945d2b3e72,real-shadow-event-39cfe498db968be4a58097c8,latentatlas_action_time_masked_evidence_adapter_v1,,,,,,,,,,
review-backfill-5fe25db965ae6edaed31abe3,real-shadow-event-3a0e4d8f9495a042a902dc0f,latentatlas_action_time_masked_evidence_adapter_v1,,,,,,,,,,
review-backfill-0a7170913a2a675c08c1fc65,real-shadow-event-3a15f2993849ed47bb36275f,latentatlas_action_time_masked_evidence_adapter_v1,,,,,,,,,,
review-backfill-37d10e38b0af7fc2a1bf4b1e,real-shadow-event-3a16eb048dd3bee61769f939,latentatlas_action_time_masked_evidence_adapter_v1,,,,,,,,,,
review-backfill-311b4db233ea570f54a23764,real-shadow-event-3a5dd7fc8c72fb5d44928dda,latentatlas_action_time_masked_evidence_adapter_v1,,,,,,,,,,
review-backfill-00cad0f4fbe73107f148f9de,real-shadow-event-3a97723fa0dd261d320f67be,latentatlas_action_time_masked_evidence_adapter_v1,,,,,,,,,,
review-backfill-0e957430f06499ef0b9dcb0d,real-shadow-event-3aae32bc54b7afb2e3310773,latentatlas_action_time_masked_evidence_adapter_v1,,,,,,,,,,
review-backfill-ef5277bfc5170fa1c1e30b6f,real-shadow-event-3acbb6507090aef6a1291d04,latentatlas_action_time_masked_evidence_adapter_v1,,,,,,,,,,
review-backfill-ff93e0692d5e58629dd8f999,real-shadow-event-3af89b29734ddb7563af8c48,latentatlas_action_time_masked_evidence_adapter_v1,,,,,,,,,,
review-backfill-12e4073942b4a6b3ab8a1270,real-shadow-event-3b521c24ce0d67c17d5e3d7a,latentatlas_action_time_masked_evidence_adapter_v1,,,,,,,,,,
review-backfill-e8e4f80406067865b8a49e9a,real-shadow-event-3bc4f6ef32fce13747a99330,latentatlas_action_time_masked_evidence_adapter_v1,,,,,,,,,,
review-backfill-9c219564ec7d42d93fdb9b12,real-shadow-event-3bce42f4c67f5e762270ea3a,latentatlas_action_time_masked_evidence_adapter_v1,,,,,,,,,,
review-backfill-629bd8299f28e517168d0cf8,real-shadow-event-3bd70209449336f96d9e438f,latentatlas_action_time_masked_evidence_adapter_v1,,,,,,,,,,
review-backfill-76fc31168d13082723c327d8,real-shadow-event-3beea50735373b73f43a6c2c,latentatlas_action_time_masked_evidence_adapter_v1,,,,,,,,,,
review-backfill-f980707cdbd1491744212f3b,real-shadow-event-3bf24153f06ab4ae9efe5cc7,latentatlas_action_time_masked_evidence_adapter_v1,,,,,,,,,,
review-backfill-198e1ec184fa958681a27a11,real-shadow-event-3c259790dfed4c02192b05fb,latentatlas_action_time_masked_evidence_adapter_v1,,,,,,,,,,
review-backfill-5923585a40d29283c09608bc,real-shadow-event-3c36ec1ac4a7fbd9f64db008,latentatlas_action_time_masked_evidence_adapter_v1,,,,,,,,,,
review-backfill-cb03f8ad57709c112d6d7501,real-shadow-event-3c383815b0dc5363a3148877,latentatlas_action_time_masked_evidence_adapter_v1,,,,,,,,,,
review-backfill-62983320bbbd8d5732b46a79,real-shadow-event-3c691515e3978416052a3f82,latentatlas_action_time_masked_evidence_adapter_v1,,,,,,,,,,
review-backfill-febf6fbfd1fba3298b6dea60,real-shadow-event-3c76db9ff5c1f2ae719509d6,latentatlas_action_time_masked_evidence_adapter_v1,,,,,,,,,,
review-backfill-2f8dd8bedccdebe56c9fc97a,real-shadow-event-3c82f7be4b5fc156ae3bea2d,latentatlas_action_time_masked_evidence_adapter_v1,,,,,,,,,,
review-backfill-4415d9e334074d2e23dcb13b,real-shadow-event-3c84475085ce0484e7b53f36,latentatlas_action_time_masked_evidence_adapter_v1,,,,,,,,,,
review-backfill-b5a68ad6716df1d599a01938,real-shadow-event-3ca265104ab98d3ada694a92,latentatlas_action_time_masked_evidence_adapter_v1,,,,,,,,,,
review-backfill-4c9b84640b1222599b79111c,real-shadow-event-3cd1ae428e309da3b566bcb4,latentatlas_action_time_masked_evidence_adapter_v1,,,,,,,,,,
review-backfill-74c11769fe9e49a5d98b86ac,real-shadow-event-3d0266c3171e4cffa4f2f124,latentatlas_action_time_masked_evidence_adapter_v1,,,,,,,,,,
review-backfill-2557797e28f0f3471ce46b72,real-shadow-event-3d314fe73c55d8710a36e648,latentatlas_action_time_masked_evidence_adapter_v1,,,,,,,,,,
review-backfill-a5c7fa06f6e659e673d872f7,real-shadow-event-3d53b7cc282cbbc67478fbae,latentatlas_action_time_masked_evidence_adapter_v1,,,,,,,,,,
review-backfill-e72df20a72ce918cbb4a5427,real-shadow-event-3d622b736909263f8235fae6,latentatlas_action_time_masked_evidence_adapter_v1,,,,,,,,,,
review-backfill-4e967e0fdfd2d059b6596157,real-shadow-event-3d626034294b8d3361931cb0,latentatlas_action_time_masked_evidence_adapter_v1,,,,,,,,,,
review-backfill-79f672656aac91078acb6c5d,real-shadow-event-3d75cb7aa1140074b9955da7,latentatlas_action_time_masked_evidence_adapter_v1,,,,,,,,,,
review-backfill-af4b3b48a5e35cb11c4e28ab,real-shadow-event-3db971abc72bf3f81759a719,latentatlas_action_time_masked_evidence_adapter_v1,,,,,,,,,,
review-backfill-86eb57614f7dd6f7458f3017,real-shadow-event-3ddc3cfdd657101745ae82c0,latentatlas_action_time_masked_evidence_adapter_v1,,,,,,,,,,
review-backfill-c37a98738ad8ff69947ba014,real-shadow-event-3df12b7e78bfd4d169c202e1,latentatlas_action_time_masked_evidence_adapter_v1,,,,,,,,,,
review-backfill-bf4177ecde6ad0133a557386,real-shadow-event-3e3d840ce6389b495c55dea0,latentatlas_action_time_masked_evidence_adapter_v1,,,,,,,,,,
review-backfill-29b04176e81594ff8035cd3c,real-shadow-event-3e732032c629b32b62e366eb,latentatlas_action_time_masked_evidence_adapter_v1,,,,,,,,,,
review-backfill-2841619610792f1ad60417b3,real-shadow-event-3e9c3b08a43c6615cac00c95,latentatlas_action_time_masked_evidence_adapter_v1,,,,,,,,,,
review-backfill-732e8815f4c225194c32b7e7,real-shadow-event-3eab5446545f13a5d5046671,latentatlas_action_time_masked_evidence_adapter_v1,,,,,,,,,,
review-backfill-1c4973f48336ebfc480a9ebf,real-shadow-event-3f023c517ec992a3e36453e7,latentatlas_action_time_masked_evidence_adapter_v1,,,,,,,,,,
review-backfill-b351809248bed52439250e03,real-shadow-event-3f5d23beac2d8c50ebd0d955,latentatlas_action_time_masked_evidence_adapter_v1,,,,,,,,,,
review-backfill-d53cc266f306564e719714ad,real-shadow-event-3f610f9e4430dc84d8c814ac,latentatlas_action_time_masked_evidence_adapter_v1,,,,,,,,,,
review-backfill-622c3c86f05d12e4c2b7de50,real-shadow-event-3f977e9f889cf8e24a3df3e8,latentatlas_action_time_masked_evidence_adapter_v1,,,,,,,,,,
review-backfill-6503586c862a9cb74c19a2f6,real-shadow-event-3fb7e864b4cf7710f566ab41,latentatlas_action_time_masked_evidence_adapter_v1,,,,,,,,,,
review-backfill-7e45b70e93d270e85b53e564,real-shadow-event-4000c5cd0ecbb7ad0fac52ad,latentatlas_action_time_masked_evidence_adapter_v1,,,,,,,,,,
review-backfill-6c242675ed8d014781f30e9a,real-shadow-event-40044a44ce5b06808a760fde,latentatlas_action_time_masked_evidence_adapter_v1,,,,,,,,,,
review-backfill-83527869375891410e2618ff,real-shadow-event-401b871373e3d5c228c19725,latentatlas_action_time_masked_evidence_adapter_v1,,,,,,,,,,
review-backfill-eadaaaeacb4108e6d07b6601,real-shadow-event-402848f84950652e56f41f4e,latentatlas_action_time_masked_evidence_adapter_v1,,,,,,,,,,
review-backfill-39791e441014a03e3ea2c0c3,real-shadow-event-4033336d005ae54c1cec4d91,latentatlas_action_time_masked_evidence_adapter_v1,,,,,,,,,,
review-backfill-0618f1f2d6ffe98cfc1f437c,real-shadow-event-405d92a73932406db90c3d40,latentatlas_action_time_masked_evidence_adapter_v1,,,,,,,,,,
review-backfill-fc9988ee374667194870757f,real-shadow-event-406f59b43d8b1ea5271ce156,latentatlas_action_time_masked_evidence_adapter_v1,,,,,,,,,,
review-backfill-7595e4b955fd97a754b6726f,real-shadow-event-4091155f3a7ded84163b3e86,latentatlas_action_time_masked_evidence_adapter_v1,,,,,,,,,,
review-backfill-bbb5c0d9e58bf08e698589f3,real-shadow-event-40a1347ab9db29bd69f22706,latentatlas_action_time_masked_evidence_adapter_v1,,,,,,,,,,
review-backfill-b52d9b984db1f661997fa24e,real-shadow-event-40a2d6b2656ca491cce4ed95,latentatlas_action_time_masked_evidence_adapter_v1,,,,,,,,,,
review-backfill-f47b8a1a0155a42aa494b94f,real-shadow-event-40c516c6470ba4fe8e3c417b,latentatlas_action_time_masked_evidence_adapter_v1,,,,,,,,,,
review-backfill-03d16f3c58d141203c08b0aa,real-shadow-event-40c7998f8d5fb4b616cc6b3c,latentatlas_action_time_masked_evidence_adapter_v1,,,,,,,,,,
review-backfill-f33e0b5357e7a6597bf2f579,real-shadow-event-40eef3bed5fe3ca1566dc869,latentatlas_action_time_masked_evidence_adapter_v1,,,,,,,,,,
review-backfill-c6607e5a19adb70007cda0f0,real-shadow-event-41111480c211dc838911922a,latentatlas_action_time_masked_evidence_adapter_v1,,,,,,,,,,
review-backfill-aea36d06199089ae76c0a2cc,real-shadow-event-411daf1fc07577cfba79e1ee,latentatlas_action_time_masked_evidence_adapter_v1,,,,,,,,,,
review-backfill-5c587f84daa65db39796d115,real-shadow-event-4145168c620a0abc6722c0da,latentatlas_action_time_masked_evidence_adapter_v1,,,,,,,,,,
review-backfill-1501075eafef8e9c1d185f9e,real-shadow-event-414ced69ff5ac6d8e2c15f1a,latentatlas_action_time_masked_evidence_adapter_v1,,,,,,,,,,
review-backfill-0fdab39ff8e83d4f98a997d7,real-shadow-event-4183190b8de0127acb678a78,latentatlas_action_time_masked_evidence_adapter_v1,,,,,,,,,,
review-backfill-fd790122c21d31e2fdaec69d,real-shadow-event-418b148d36026b7aca66a584,latentatlas_action_time_masked_evidence_adapter_v1,,,,,,,,,,
review-backfill-a895d289f724d9eccd261313,real-shadow-event-41d219eb46657381d32ed191,latentatlas_action_time_masked_evidence_adapter_v1,,,,,,,,,,
review-backfill-6e918fc576996469d7c0d2f9,real-shadow-event-41dc2dacb48d8df07494ed37,latentatlas_action_time_masked_evidence_adapter_v1,,,,,,,,,,
review-backfill-652437ce09c206041bdd5260,real-shadow-event-41e46cd1b85625b1b0c40f56,latentatlas_action_time_masked_evidence_adapter_v1,,,,,,,,,,
review-backfill-8ad31cd36a9ef5a104b810e3,real-shadow-event-41f6bb1382d8f9d9a7be460b,latentatlas_action_time_masked_evidence_adapter_v1,,,,,,,,,,
review-backfill-216302a57706745ab2120b3a,real-shadow-event-4207d17ed4408c9b653ce980,latentatlas_action_time_masked_evidence_adapter_v1,,,,,,,,,,
review-backfill-faafe333911082206292df41,real-shadow-event-421bc2a0f016f72e86343f0a,latentatlas_action_time_masked_evidence_adapter_v1,,,,,,,,,,
review-backfill-b667357af6d48068db1b9860,real-shadow-event-42339b3335b8151026ef0cbc,latentatlas_action_time_masked_evidence_adapter_v1,,,,,,,,,,
review-backfill-7d92291a6599fe82a67b2a6f,real-shadow-event-42ab025b85f8876523e17ea8,latentatlas_action_time_masked_evidence_adapter_v1,,,,,,,,,,
review-backfill-8e32e99f4184e69951f5f387,real-shadow-event-42b18a3f1facf38b0ea21b4b,latentatlas_action_time_masked_evidence_adapter_v1,,,,,,,,,,
review-backfill-1ceb29850cd4cc8f9ca41e7d,real-shadow-event-42d0873b82bbe8465b2fda5b,latentatlas_action_time_masked_evidence_adapter_v1,,,,,,,,,,
review-backfill-378beef4f5e560baa3dd8154,real-shadow-event-42fcf40c633b9d9a0d42c840,latentatlas_action_time_masked_evidence_adapter_v1,,,,,,,,,,
review-backfill-10cccf551d889a7b1ebbe9a5,real-shadow-event-430737d24c0aa647049c2c50,latentatlas_action_time_masked_evidence_adapter_v1,,,,,,,,,,
review-backfill-bb9a69a8c87dc7c5c96b1cff,real-shadow-event-431903bc646d49f0f21d781f,latentatlas_action_time_masked_evidence_adapter_v1,,,,,,,,,,
review-backfill-0bc962ad978b5c99d22010ca,real-shadow-event-432e69cc937ab357897790ce,latentatlas_action_time_masked_evidence_adapter_v1,,,,,,,,,,
review-backfill-c3449f5294cb16d6ecb5dae3,real-shadow-event-433d312db0807f23a0c8cd7e,latentatlas_action_time_masked_evidence_adapter_v1,,,,,,,,,,
review-backfill-dd55998445c831ae853cc818,real-shadow-event-43618cde843d5b3b4bbb4eaa,latentatlas_action_time_masked_evidence_adapter_v1,,,,,,,,,,
review-backfill-07843435a3344707320d82db,real-shadow-event-4383b8cac7106c51350c8ebf,latentatlas_action_time_masked_evidence_adapter_v1,,,,,,,,,,
review-backfill-74cfa0f655e702c268609056,real-shadow-event-43a0875c35fcc64722a5f00f,latentatlas_action_time_masked_evidence_adapter_v1,,,,,,,,,,
review-backfill-e47f5350e022b02f62875601,real-shadow-event-43a8c29d08fce8babaefede5,latentatlas_action_time_masked_evidence_adapter_v1,,,,,,,,,,
review-backfill-0bb852b0ac64a3eeb39c6d30,real-shadow-event-43e4d01f9b1c511127cdafb8,latentatlas_action_time_masked_evidence_adapter_v1,,,,,,,,,,
review-backfill-b2067453a968c38bca589f4f,real-shadow-event-43e8efddeca1f17e3f8aa5bd,latentatlas_action_time_masked_evidence_adapter_v1,,,,,,,,,,
review-backfill-0c89198e1de4c44980f52a65,real-shadow-event-43eceac4ac9ed664560a60d5,latentatlas_action_time_masked_evidence_adapter_v1,,,,,,,,,,
review-backfill-31d6fe523909cd1c9c957bd7,real-shadow-event-44219151a9daeda4ca361e0f,latentatlas_action_time_masked_evidence_adapter_v1,,,,,,,,,,
review-backfill-ff6187fef96adcd22a368cae,real-shadow-event-443656f62987b5a2dde0cb91,latentatlas_action_time_masked_evidence_adapter_v1,,,,,,,,,,
review-backfill-d7008f78693bece7b567b715,real-shadow-event-444399be36e54245c5df720c,latentatlas_action_time_masked_evidence_adapter_v1,,,,,,,,,,
review-backfill-ceda588e1006fd443b21ce3e,real-shadow-event-44559720441bf0ea2a2b22c8,latentatlas_action_time_masked_evidence_adapter_v1,,,,,,,,,,
review-backfill-b7f1f9ffb1a1c1ae841a7bb9,real-shadow-event-445752f9e1c90bc307d2945e,latentatlas_action_time_masked_evidence_adapter_v1,,,,,,,,,,
review-backfill-abe8dfeccb69d6569669de88,real-shadow-event-445a7e8717ac9e751759ada0,latentatlas_action_time_masked_evidence_adapter_v1,,,,,,,,,,
review-backfill-0ee3da820e94a86297a272f3,real-shadow-event-4485a9361f43e984fe2c6e53,latentatlas_action_time_masked_evidence_adapter_v1,,,,,,,,,,
review-backfill-cdfcc4fd53a3085d649d73de,real-shadow-event-4490c670f644195ea8c58898,latentatlas_action_time_masked_evidence_adapter_v1,,,,,,,,,,
review-backfill-ac39f9fd8bb8ff2217bb3198,real-shadow-event-44a070cb53ef05a023f2fbe6,latentatlas_action_time_masked_evidence_adapter_v1,,,,,,,,,,
review-backfill-f0f22c436b92df4b05b9aa07,real-shadow-event-44b08a791061951f9c0f9b40,latentatlas_action_time_masked_evidence_adapter_v1,,,,,,,,,,
review-backfill-63331fd2aefad1eb51a28664,real-shadow-event-44b73598f25f3a64d2422731,latentatlas_action_time_masked_evidence_adapter_v1,,,,,,,,,,
review-backfill-f58283b6f41fc2bbdac16983,real-shadow-event-44e39edccbc0ae7f2965af78,latentatlas_action_time_masked_evidence_adapter_v1,,,,,,,,,,
review-backfill-0089da1a7c29b938b5b8fef9,real-shadow-event-44ec88fbda022ff63c445b87,latentatlas_action_time_masked_evidence_adapter_v1,,,,,,,,,,
review-backfill-89954be8bc07d96f4c49eed3,real-shadow-event-44ed22c8f4650a9399e4031a,latentatlas_action_time_masked_evidence_adapter_v1,,,,,,,,,,
review-backfill-f3ab193bcb90885ead7361ce,real-shadow-event-452df5159e27b353714b06a6,latentatlas_action_time_masked_evidence_adapter_v1,,,,,,,,,,
review-backfill-ba608a45e0d81c38e135171f,real-shadow-event-454f7e50e6d850bdec36d4a1,latentatlas_action_time_masked_evidence_adapter_v1,,,,,,,,,,
review-backfill-3c12d230c26ca12d7818b057,real-shadow-event-4554df4032d1c9942b0e9e3c,latentatlas_action_time_masked_evidence_adapter_v1,,,,,,,,,,
review-backfill-93d78fce6669e7f74c40187c,real-shadow-event-4575cea3a9ea36380792d8dc,latentatlas_action_time_masked_evidence_adapter_v1,,,,,,,,,,
review-backfill-841602822e49c0d6c273ca5e,real-shadow-event-4578b878d61b563b1917ffcd,latentatlas_action_time_masked_evidence_adapter_v1,,,,,,,,,,
review-backfill-fee97f3c48c8214b38f340c2,real-shadow-event-4596e8f5751c0f383b3b6568,latentatlas_action_time_masked_evidence_adapter_v1,,,,,,,,,,
review-backfill-a3df7ddfc3287797cd1e0ea4,real-shadow-event-45979570be03e0c59d808961,latentatlas_action_time_masked_evidence_adapter_v1,,,,,,,,,,
review-backfill-972b978f6c0bff3f024deae7,real-shadow-event-45ac9c446fbdedbc3b97dace,latentatlas_action_time_masked_evidence_adapter_v1,,,,,,,,,,
review-backfill-4a56e21243ffe84688f8314c,real-shadow-event-45b96b8166329c18e72d97a8,latentatlas_action_time_masked_evidence_adapter_v1,,,,,,,,,,
review-backfill-174c20e16723ba3b60d928d6,real-shadow-event-45ebf4a59bea542f9462e372,latentatlas_action_time_masked_evidence_adapter_v1,,,,,,,,,,
review-backfill-0b69a2b7db58058a3b74a862,real-shadow-event-4601763f5fa7a63a108e2803,latentatlas_action_time_masked_evidence_adapter_v1,,,,,,,,,,
review-backfill-a1a2a032ea9bc781ff1bf092,real-shadow-event-46034a963d91dcce0fed410c,latentatlas_action_time_masked_evidence_adapter_v1,,,,,,,,,,
review-backfill-71f1d4705073ad5ab6488563,real-shadow-event-46214b98af850952713f8b13,latentatlas_action_time_masked_evidence_adapter_v1,,,,,,,,,,
review-backfill-bbd12bbf8b13055c147afe06,real-shadow-event-46860f6ce4c2ac2b17d4fedd,latentatlas_action_time_masked_evidence_adapter_v1,,,,,,,,,,
review-backfill-6a5c1e5bcfdda0c87890f385,real-shadow-event-46a900684d88df1c5dfec668,latentatlas_action_time_masked_evidence_adapter_v1,,,,,,,,,,
review-backfill-58c6a2712d7117990e760049,real-shadow-event-46ab93d64c8fb599904ebb64,latentatlas_action_time_masked_evidence_adapter_v1,,,,,,,,,,
review-backfill-595926fe3b8240576e783b33,real-shadow-event-46b28ce03738bd572cadf0b6,latentatlas_action_time_masked_evidence_adapter_v1,,,,,,,,,,
review-backfill-9c7eec7be952c204b097f2dd,real-shadow-event-46c830e8c15dfd3ffc918d90,latentatlas_action_time_masked_evidence_adapter_v1,,,,,,,,,,
review-backfill-782379159293ff2d91ff5c24,real-shadow-event-46cf15cffb98196f75924180,latentatlas_action_time_masked_evidence_adapter_v1,,,,,,,,,,
review-backfill-3f036a5ff9d38bfc9490c41d,real-shadow-event-47070612ed863d2c4c1e6e17,latentatlas_action_time_masked_evidence_adapter_v1,,,,,,,,,,
review-backfill-ec70cc4367e2cf99798e8d7a,real-shadow-event-470ff37aa63de3a9f0bf3ca5,latentatlas_action_time_masked_evidence_adapter_v1,,,,,,,,,,
review-backfill-4c0d225bc7d56f807c884473,real-shadow-event-477d1880fb986b43b3cc532a,latentatlas_action_time_masked_evidence_adapter_v1,,,,,,,,,,
review-backfill-285c93d777791e020ee3b29b,real-shadow-event-47891ca1c6cda18a7006b281,latentatlas_action_time_masked_evidence_adapter_v1,,,,,,,,,,
review-backfill-25900cf0c94d5f7f8b763e43,real-shadow-event-47c501d82d2ea4eb089d4c2b,latentatlas_action_time_masked_evidence_adapter_v1,,,,,,,,,,
review-backfill-101fb347a9eaaf3b0345d225,real-shadow-event-47d21ffc6a9b08606b5dca81,latentatlas_action_time_masked_evidence_adapter_v1,,,,,,,,,,
review-backfill-28bb63db110e0c63f0fd2f97,real-shadow-event-47d99a6b97821e934b5fc080,latentatlas_action_time_masked_evidence_adapter_v1,,,,,,,,,,
review-backfill-7f67c6c1cd34a02846c04033,real-shadow-event-47ea06db17b31b4e73459765,latentatlas_action_time_masked_evidence_adapter_v1,,,,,,,,,,
review-backfill-d53e893ced871390a385e70d,real-shadow-event-48059bff79e244ed5e66bfb7,latentatlas_action_time_masked_evidence_adapter_v1,,,,,,,,,,
review-backfill-264e7cfbbd3f967f5e6aeb87,real-shadow-event-480abd220e62edf606988aec,latentatlas_action_time_masked_evidence_adapter_v1,,,,,,,,,,
review-backfill-57dc188b8e22549a678f15f5,real-shadow-event-48464df5706b1f05322e2e3e,latentatlas_action_time_masked_evidence_adapter_v1,,,,,,,,,,
review-backfill-77f8007ef2109e855b8abb89,real-shadow-event-4846e92d4bafb0daf4f16d90,latentatlas_action_time_masked_evidence_adapter_v1,,,,,,,,,,
review-backfill-9ddb512f33bb2388f1c31ec0,real-shadow-event-485cca2c174dfb189713ca36,latentatlas_action_time_masked_evidence_adapter_v1,,,,,,,,,,
review-backfill-21a4070262c1be878074e516,real-shadow-event-489628c6101bd6ae60a6fc1f,latentatlas_action_time_masked_evidence_adapter_v1,,,,,,,,,,
review-backfill-babb92b411baf40f4a0a2fea,real-shadow-event-48a5943c5f644d96b045fb00,latentatlas_action_time_masked_evidence_adapter_v1,,,,,,,,,,
review-backfill-cc4f19cd835326a22b737a6e,real-shadow-event-4920531839261af2757742e5,latentatlas_action_time_masked_evidence_adapter_v1,,,,,,,,,,
review-backfill-69b8e401f512ffe7096fc8fa,real-shadow-event-4936ead3216f16d26aab4e7e,latentatlas_action_time_masked_evidence_adapter_v1,,,,,,,,,,
review-backfill-ef9be3a0eef42e7524f06efc,real-shadow-event-49bcbe4807f7461b081ee377,latentatlas_action_time_masked_evidence_adapter_v1,,,,,,,,,,
review-backfill-6db3c467ec295e4e58accd5f,real-shadow-event-49c43cdd83a5e596f93cd6f7,latentatlas_action_time_masked_evidence_adapter_v1,,,,,,,,,,
review-backfill-c7e391925d8d9338d85fbf28,real-shadow-event-49ce6a4ac69c353fab762d31,latentatlas_action_time_masked_evidence_adapter_v1,,,,,,,,,,
review-backfill-e284b4a9ba6ce8c30a0ae552,real-shadow-event-49f89a6bf4a77b88107177bf,latentatlas_action_time_masked_evidence_adapter_v1,,,,,,,,,,
review-backfill-1c1c04f6b119e8f5615b1f42,real-shadow-event-4a24244f5673b128db8d7113,latentatlas_action_time_masked_evidence_adapter_v1,,,,,,,,,,
review-backfill-cc572790a65341b73d0bab9e,real-shadow-event-4a3bc2bc7f8c0e43ffbe1fdf,latentatlas_action_time_masked_evidence_adapter_v1,,,,,,,,,,
review-backfill-492e091ddbbe811b6e46deac,real-shadow-event-4ac17b1a6149969c904c060f,latentatlas_action_time_masked_evidence_adapter_v1,,,,,,,,,,
review-backfill-b790a153238844548990a88e,real-shadow-event-4ac4da016418954f5ffcdfe1,latentatlas_action_time_masked_evidence_adapter_v1,,,,,,,,,,
review-backfill-d2ee7f8854016f47fce2005e,real-shadow-event-4ad6e23adf25781b06764e99,latentatlas_action_time_masked_evidence_adapter_v1,,,,,,,,,,
review-backfill-713ff9c5e40c392408ba05fb,real-shadow-event-4adae26273de5f40ac6cae48,latentatlas_action_time_masked_evidence_adapter_v1,,,,,,,,,,
review-backfill-7f4365eb4a7e4930c7a13a45,real-shadow-event-4b017b5bb053c24582f6aefd,latentatlas_action_time_masked_evidence_adapter_v1,,,,,,,,,,
review-backfill-994a4b46a80c65da2497e164,real-shadow-event-4b0d7c64458e0bddd987f7f6,latentatlas_action_time_masked_evidence_adapter_v1,,,,,,,,,,
review-backfill-cbf5012a1fe835c5e3fee510,real-shadow-event-4b9982c90edff32690b69406,latentatlas_action_time_masked_evidence_adapter_v1,,,,,,,,,,
review-backfill-a1946cd0edc6bbd6bab25b24,real-shadow-event-4bac00233362331826dbeb79,latentatlas_action_time_masked_evidence_adapter_v1,,,,,,,,,,
review-backfill-ab917b1c401507e33f9b6916,real-shadow-event-4baf3f9532f157ebdff6d1a6,latentatlas_action_time_masked_evidence_adapter_v1,,,,,,,,,,
review-backfill-3e5f21fad2eb4291d02155bc,real-shadow-event-4bb987c8db569aa8d0a37c7a,latentatlas_action_time_masked_evidence_adapter_v1,,,,,,,,,,
review-backfill-441330548756539d55389700,real-shadow-event-4c05a57fa92981df8c315ad5,latentatlas_action_time_masked_evidence_adapter_v1,,,,,,,,,,
review-backfill-5a83d11b946c2c5cc0c8152f,real-shadow-event-4c100d69f13afff89eebef9f,latentatlas_action_time_masked_evidence_adapter_v1,,,,,,,,,,
review-backfill-f142cb4c5e240202e9e17680,real-shadow-event-4c15a28a0afcd1607804bdd6,latentatlas_action_time_masked_evidence_adapter_v1,,,,,,,,,,
review-backfill-e8bdd8849a27df43f540dd69,real-shadow-event-4c1bee1843c79fffb86aa135,latentatlas_action_time_masked_evidence_adapter_v1,,,,,,,,,,
review-backfill-5d52c67d0bb5e36ca94f0189,real-shadow-event-4c24dfddd10f26214ba4f525,latentatlas_action_time_masked_evidence_adapter_v1,,,,,,,,,,
review-backfill-058095e3665bb5d2a55c843b,real-shadow-event-4c2eca1aefa45b9dfa23baf0,latentatlas_action_time_masked_evidence_adapter_v1,,,,,,,,,,
review-backfill-87092d8baf9c3234ee7a150c,real-shadow-event-4c3c62b2740f00c5c69c8e8b,latentatlas_action_time_masked_evidence_adapter_v1,,,,,,,,,,
review-backfill-e2854e95247de0d60f6df429,real-shadow-event-4c61d342bc6761b454a1786d,latentatlas_action_time_masked_evidence_adapter_v1,,,,,,,,,,
review-backfill-466a03c0720d582c98ee9a71,real-shadow-event-4c8120aa032939bee9ae1a8f,latentatlas_action_time_masked_evidence_adapter_v1,,,,,,,,,,
review-backfill-8235d3d88436a54c89a4fde9,real-shadow-event-4cb267fa761014b74b2b894f,latentatlas_action_time_masked_evidence_adapter_v1,,,,,,,,,,
review-backfill-5467df55e2d26e4d1f049ecd,real-shadow-event-4cbbfba01a5bcd1829a6041e,latentatlas_action_time_masked_evidence_adapter_v1,,,,,,,,,,
review-backfill-f8a3b0fd8b0ead693d2ccce0,real-shadow-event-4d0a97dd43f46bdb0b6a0419,latentatlas_action_time_masked_evidence_adapter_v1,,,,,,,,,,
review-backfill-68c85f89d1165023955ea0b1,real-shadow-event-4d27614bc24d274fe300a00d,latentatlas_action_time_masked_evidence_adapter_v1,,,,,,,,,,
review-backfill-fbb5212a6e8c35af5fb9f70f,real-shadow-event-4d2e4703e3c5b2c0a88da41b,latentatlas_action_time_masked_evidence_adapter_v1,,,,,,,,,,
review-backfill-dafec8f675d9fbe546fb5c90,real-shadow-event-4d3777e9ab94957a18e4f486,latentatlas_action_time_masked_evidence_adapter_v1,,,,,,,,,,
review-backfill-69245597d64eaeb946a95ed6,real-shadow-event-4d397440d77c0fdbaa95b73d,latentatlas_action_time_masked_evidence_adapter_v1,,,,,,,,,,
review-backfill-4543b402dbe5b40a9865131c,real-shadow-event-4d462b92f24a3b53813de187,latentatlas_action_time_masked_evidence_adapter_v1,,,,,,,,,,
review-backfill-841d75bc1070fce4eb464855,real-shadow-event-4d8d27d1dae7081eb8f26d56,latentatlas_action_time_masked_evidence_adapter_v1,,,,,,,,,,
review-backfill-d905783349a5c460b6352ab0,real-shadow-event-4d9a1356650044b399052243,latentatlas_action_time_masked_evidence_adapter_v1,,,,,,,,,,
review-backfill-7af5bab22d14bcd6ef6798af,real-shadow-event-4db8af101d66e7190a05f0b2,latentatlas_action_time_masked_evidence_adapter_v1,,,,,,,,,,
review-backfill-7cbe46f46c5d8cde752a33ff,real-shadow-event-4dc0799253c2a624cb67fc97,latentatlas_action_time_masked_evidence_adapter_v1,,,,,,,,,,
review-backfill-4ced852561d68a2715c86759,real-shadow-event-4de049edff68699c95169c7b,latentatlas_action_time_masked_evidence_adapter_v1,,,,,,,,,,
review-backfill-f87ef2fa93a861f93490aedc,real-shadow-event-4e1d52ef8ea597aaf53d4e26,latentatlas_action_time_masked_evidence_adapter_v1,,,,,,,,,,
review-backfill-19679983ca64f52a2e8bffe8,real-shadow-event-4e21d82ed494364aaf30b641,latentatlas_action_time_masked_evidence_adapter_v1,,,,,,,,,,
review-backfill-682e6560d14633c407561530,real-shadow-event-4e56e3404f9cfc6098f9028f,latentatlas_action_time_masked_evidence_adapter_v1,,,,,,,,,,
review-backfill-7ee0960550b388c4e9628e5c,real-shadow-event-4e5c4f8d25b3415893db429c,latentatlas_action_time_masked_evidence_adapter_v1,,,,,,,,,,
review-backfill-8f122be3b89605754a3d358f,real-shadow-event-4e7110cde20d1a092e057e3a,latentatlas_action_time_masked_evidence_adapter_v1,,,,,,,,,,
review-backfill-6d6ed50c0252da3dd7df4576,real-shadow-event-4e8cdd033e464d079790a8f5,latentatlas_action_time_masked_evidence_adapter_v1,,,,,,,,,,
review-backfill-c4f51a712fea2c02fe531580,real-shadow-event-4e8d702ef71c33f5174bd402,latentatlas_action_time_masked_evidence_adapter_v1,,,,,,,,,,
review-backfill-92f395b00b1193cfadb82c0b,real-shadow-event-4ed774c61a324b8c45045948,latentatlas_action_time_masked_evidence_adapter_v1,,,,,,,,,,
review-backfill-2f4091ff8770e1e50bf82d6d,real-shadow-event-4edf0faa313c11a2a1caec3c,latentatlas_action_time_masked_evidence_adapter_v1,,,,,,,,,,
review-backfill-7905051bfbd9a3362004107a,real-shadow-event-4eeb3135d91893daca2e0381,latentatlas_action_time_masked_evidence_adapter_v1,,,,,,,,,,
review-backfill-6bbefbe645761b56b9dcaa95,real-shadow-event-4f031175e3c314be093b95fb,latentatlas_action_time_masked_evidence_adapter_v1,,,,,,,,,,
review-backfill-f343cd8ce4b21c5c5880f47f,real-shadow-event-4f1b8c2e476d1193bded2873,latentatlas_action_time_masked_evidence_adapter_v1,,,,,,,,,,
review-backfill-61d8d08f5e6570c8b43c484d,real-shadow-event-4f2f1ea66f8dc937789bdc21,latentatlas_action_time_masked_evidence_adapter_v1,,,,,,,,,,
review-backfill-4776964c5d84904711ca3b90,real-shadow-event-4f6bb0ceecf4ee82892bce5c,latentatlas_action_time_masked_evidence_adapter_v1,,,,,,,,,,
review-backfill-9cb2cea7a429946227e826b4,real-shadow-event-4fb4d4579c4a0309c743c943,latentatlas_action_time_masked_evidence_adapter_v1,,,,,,,,,,
review-backfill-5b96ec6635c454945ff4a736,real-shadow-event-4ff20849b310d5f4ecd6b1e3,latentatlas_action_time_masked_evidence_adapter_v1,,,,,,,,,,
review-backfill-fda7fffcdac647ceb0aaceeb,real-shadow-event-4ffd161a60bf49322fea163c,latentatlas_action_time_masked_evidence_adapter_v1,,,,,,,,,,
review-backfill-96e041c62930372334a0f14a,real-shadow-event-500a048572ffb942b962c03c,latentatlas_action_time_masked_evidence_adapter_v1,,,,,,,,,,
review-backfill-add5f36f3939d228cfa6c5cb,real-shadow-event-50235bcbbe1017fb6fde7961,latentatlas_action_time_masked_evidence_adapter_v1,,,,,,,,,,
review-backfill-c27be6a2c4fa0107e3eff00c,real-shadow-event-5035941b62b8c829f31c2b6d,latentatlas_action_time_masked_evidence_adapter_v1,,,,,,,,,,
review-backfill-2ca3485de694736b7463dace,real-shadow-event-5074ff35284e1a4ba809ab53,latentatlas_action_time_masked_evidence_adapter_v1,,,,,,,,,,
review-backfill-5d95b572c7a8eaaa712e2a5c,real-shadow-event-5077db72305b6870e33ce127,latentatlas_action_time_masked_evidence_adapter_v1,,,,,,,,,,
review-backfill-64ea33fb289e78dd5df82b69,real-shadow-event-507f3159644b42b57cd77252,latentatlas_action_time_masked_evidence_adapter_v1,,,,,,,,,,
review-backfill-d7bc22541530c32867f21f8b,real-shadow-event-50a65c41b9655a4afa736498,latentatlas_action_time_masked_evidence_adapter_v1,,,,,,,,,,
review-backfill-5ea2e7af181ba3c2a5e91084,real-shadow-event-50bc1b8c0277d446f5f1589d,latentatlas_action_time_masked_evidence_adapter_v1,,,,,,,,,,
review-backfill-0e76e3834417d47f1c5aea7b,real-shadow-event-50ea09046bc603964e6d0b38,latentatlas_action_time_masked_evidence_adapter_v1,,,,,,,,,,
review-backfill-cfc47965561001dce3b2b521,real-shadow-event-5100b77f1279738f37b597cf,latentatlas_action_time_masked_evidence_adapter_v1,,,,,,,,,,
review-backfill-f7ddb3eb7eb6222acb9474f6,real-shadow-event-513187f2361fb27686237a6e,latentatlas_action_time_masked_evidence_adapter_v1,,,,,,,,,,
review-backfill-08f6ab8f0e4bc091b9a4fb45,real-shadow-event-513275870e58cb3b74e9b3ad,latentatlas_action_time_masked_evidence_adapter_v1,,,,,,,,,,
review-backfill-c53744637bd533bccbf7b42a,real-shadow-event-515ea800957941b325bd2b5a,latentatlas_action_time_masked_evidence_adapter_v1,,,,,,,,,,
review-backfill-f14ce6d0eb3924a4954943b3,real-shadow-event-517e12eb1cfe797db52f8dcf,latentatlas_action_time_masked_evidence_adapter_v1,,,,,,,,,,
review-backfill-9252c9d9d4ccdcd6c266cffa,real-shadow-event-51a08db239cf81e673717846,latentatlas_action_time_masked_evidence_adapter_v1,,,,,,,,,,
review-backfill-74fc0ce079ae84fa2748f704,real-shadow-event-51da0c2976d36112397984c9,latentatlas_action_time_masked_evidence_adapter_v1,,,,,,,,,,
review-backfill-dba23e45705e03969528f030,real-shadow-event-51e06c6b1dfe717483da5d05,latentatlas_action_time_masked_evidence_adapter_v1,,,,,,,,,,
review-backfill-29205aa56e03855533dc2ec6,real-shadow-event-52109e718e349965d2521c8a,latentatlas_action_time_masked_evidence_adapter_v1,,,,,,,,,,
review-backfill-7e31cec309402e5c52a9f599,real-shadow-event-5224edce6f6c03acaa55db71,latentatlas_action_time_masked_evidence_adapter_v1,,,,,,,,,,
review-backfill-e5e04dee7e1644d940cc7192,real-shadow-event-525565aa3c71c44a4ac9c653,latentatlas_action_time_masked_evidence_adapter_v1,,,,,,,,,,
review-backfill-590d70dad9f24e261beb8fbd,real-shadow-event-526942b81e9a16d062aa55a8,latentatlas_action_time_masked_evidence_adapter_v1,,,,,,,,,,
review-backfill-bc46c196ebd51d94ca38e108,real-shadow-event-526d68e30b12b150efc5390b,latentatlas_action_time_masked_evidence_adapter_v1,,,,,,,,,,
review-backfill-8d4cfdd097edd6821a4f5bad,real-shadow-event-5273243ccffbdb0e0d7715b7,latentatlas_action_time_masked_evidence_adapter_v1,,,,,,,,,,
review-backfill-43952bf7c506271fe11b1690,real-shadow-event-52869e3378c395cbe951cb26,latentatlas_action_time_masked_evidence_adapter_v1,,,,,,,,,,
review-backfill-6e607f553e95773dd5c6c5fc,real-shadow-event-5286a12c54b5f5d558d1f494,latentatlas_action_time_masked_evidence_adapter_v1,,,,,,,,,,
review-backfill-49c1d9b9f8c721e2038159cf,real-shadow-event-528dacfa843d772da0761595,latentatlas_action_time_masked_evidence_adapter_v1,,,,,,,,,,
review-backfill-b6a385cbdd5afaa9e379d6cb,real-shadow-event-529ec4527fa81e765acfdfb3,latentatlas_action_time_masked_evidence_adapter_v1,,,,,,,,,,
review-backfill-6bd2b5e314a3aa9495e1bd24,real-shadow-event-52b2567cce88858a2cac3d59,latentatlas_action_time_masked_evidence_adapter_v1,,,,,,,,,,
review-backfill-bd25166befda7732b8130c45,real-shadow-event-52c4631d706246a5d19e5d3f,latentatlas_action_time_masked_evidence_adapter_v1,,,,,,,,,,
review-backfill-9055e55f7a334a50ec3f1c04,real-shadow-event-52e698b739f10691a3fa315a,latentatlas_action_time_masked_evidence_adapter_v1,,,,,,,,,,
review-backfill-5d497fce9bfa2e6ed362c63e,real-shadow-event-52e9a7bbc609d4eabb54e216,latentatlas_action_time_masked_evidence_adapter_v1,,,,,,,,,,
review-backfill-d4a85ffd717bb874902d642e,real-shadow-event-52ef15df037f37c298fdf852,latentatlas_action_time_masked_evidence_adapter_v1,,,,,,,,,,
review-backfill-40a5911842fc985a383f9727,real-shadow-event-532cbb98843a875dfdec3533,latentatlas_action_time_masked_evidence_adapter_v1,,,,,,,,,,
review-backfill-09c0f1fd6020742c3e155288,real-shadow-event-533088b95da2ee56433f3c64,latentatlas_action_time_masked_evidence_adapter_v1,,,,,,,,,,
review-backfill-3a6f92480a7940d66466bf06,real-shadow-event-53356ba39eb85778beee9def,latentatlas_action_time_masked_evidence_adapter_v1,,,,,,,,,,
review-backfill-1d8920282f79ce114e123ec8,real-shadow-event-53445b58b96bb1b585e7b18f,latentatlas_action_time_masked_evidence_adapter_v1,,,,,,,,,,
review-backfill-79753335c4eed817fef5bf06,real-shadow-event-53650fa490c0dd09a4a94b8f,latentatlas_action_time_masked_evidence_adapter_v1,,,,,,,,,,
review-backfill-42a91f9b54cfc51e223187db,real-shadow-event-538a044f0de2703f5217da8c,latentatlas_action_time_masked_evidence_adapter_v1,,,,,,,,,,
review-backfill-8ca66bc5428906a2e308e8ac,real-shadow-event-538ff7c19044d3437fbfa8fc,latentatlas_action_time_masked_evidence_adapter_v1,,,,,,,,,,
