freeze_schema_version,queue_id,event_id,priority_rank,priority_band,reviewer_id_hash,reviewed_at,reviewed_outcome,confidence,adjudication_status,notes_code,action_type,execution_verdict,observed_change_type,operator_visual_verdict,identity_match,price_match,seller_comparable,availability_confirmed,packet_sufficiency_label,outcome_adjudication_allowed,pdp_temporal_authority_evidence,lease_validity_relationship,decision_causal_link,insufficiency_marker,contradiction_marker,source_subject_hash,masked_state_before,masked_state_after
latentatlas_action_time_p0_review_freeze_v1,review-backfill-d2dc8ccd86d4d804d978365c,real-shadow-event-36173b1b67b71696f7a6aaeb,1,P0,reviewer01_hsyn,2026-07-12T05:59:54+03:00,correct_block,high,single_reviewed,masked_identity_conflict_supports_block,resolve_official_truth_identity_guard,blocked_identity_changed,identity_conflict_masked,blank,false,false,false,false,sufficient_for_outcome_adjudication,True,not_observed,official_guard_active_at_materialization_boundary,identity_conflict_masked_supports_blocked_identity_changed_block_action,none,none,5c0a9208c987d0ae8563f69c,source_subject_hash:5c0a9208c987d0ae8563f69c|action_code:resolve_official_truth_identity_guard|review_lane:official_truth_identity_guard_review|review_priority:high|raw_values_removed:true,operator_visual_verdict:blank|gpt_visual_review_status:blank|official_guard_status:official_dry_run_duplicate_target_conflict_manual_review|official_guard_reason:duplicate_target_conflict_manual_review_required|identity_match:false|price_match:false|seller_comparable:false|availability_confirmed:false
latentatlas_action_time_p0_review_freeze_v1,review-backfill-1bde575de4c014c1663d215b,real-shadow-event-c5f2c592f4428ba628f1c273,2,P0,reviewer01_hsyn,2026-07-12T06:02:36+03:00,correct_block,high,single_reviewed,masked_identity_conflict_supports_block,resolve_official_truth_identity_guard,blocked_identity_changed,identity_conflict_masked,blank,false,false,false,false,sufficient_for_outcome_adjudication,True,not_observed,official_guard_active_at_materialization_boundary,identity_conflict_masked_supports_blocked_identity_changed_block_action,none,none,a0a7af18142a319c99b23dc2,source_subject_hash:a0a7af18142a319c99b23dc2|action_code:resolve_official_truth_identity_guard|review_lane:official_truth_identity_guard_review|review_priority:high|raw_values_removed:true,operator_visual_verdict:blank|gpt_visual_review_status:blank|official_guard_status:official_dry_run_duplicate_target_conflict_manual_review|official_guard_reason:duplicate_target_conflict_manual_review_required|identity_match:false|price_match:false|seller_comparable:false|availability_confirmed:false
latentatlas_action_time_p0_review_freeze_v1,review-backfill-4966fd974cfa2c414760e486,real-shadow-event-c83394f7ed37be4ff26c292b,3,P0,reviewer01_hsyn,2026-07-12T13:56:59+03:00,correct_block,high,single_reviewed,masked_identity_conflict_supports_block,resolve_official_truth_identity_guard,blocked_identity_changed,identity_conflict_masked,blank,false,false,false,false,sufficient_for_outcome_adjudication,True,not_observed,official_guard_active_at_materialization_boundary,identity_conflict_masked_supports_blocked_identity_changed_block_action,none,none,0223899b94c38251463fdca4,source_subject_hash:0223899b94c38251463fdca4|action_code:resolve_official_truth_identity_guard|review_lane:official_truth_identity_guard_review|review_priority:high|raw_values_removed:true,operator_visual_verdict:blank|gpt_visual_review_status:blank|official_guard_status:official_dry_run_duplicate_target_conflict_manual_review|official_guard_reason:duplicate_target_conflict_manual_review_required|identity_match:false|price_match:false|seller_comparable:false|availability_confirmed:false
latentatlas_action_time_p0_review_freeze_v1,review-backfill-52710db9025152e1a6598c9f,real-shadow-event-dd80c58e0274747024c6be77,4,P0,reviewer01_hsyn,2026-07-12T13:59:02+03:00,correct_block,high,single_reviewed,masked_identity_conflict_supports_block,resolve_official_truth_identity_guard,blocked_identity_changed,identity_conflict_masked,blank,false,false,false,false,sufficient_for_outcome_adjudication,True,not_observed,official_guard_active_at_materialization_boundary,identity_conflict_masked_supports_blocked_identity_changed_block_action,none,none,7a687fa7e820f09c3fb77f68,source_subject_hash:7a687fa7e820f09c3fb77f68|action_code:resolve_official_truth_identity_guard|review_lane:official_truth_identity_guard_review|review_priority:high|raw_values_removed:true,operator_visual_verdict:blank|gpt_visual_review_status:blank|official_guard_status:official_dry_run_duplicate_target_conflict_manual_review|official_guard_reason:duplicate_target_conflict_manual_review_required|identity_match:false|price_match:false|seller_comparable:false|availability_confirmed:false
latentatlas_action_time_p0_review_freeze_v1,review-backfill-18c6fc1849785806e3ede7de,real-shadow-event-01079a5596873594f07d5037,5,P0,reviewer01_hsyn,2026-07-13T04:31:24+03:00,false_block,medium,single_reviewed_revised_after_temporal_context_added,latest_pdp_record_should_supersede_stale_record_price_change_not_block_evidence,manual_review_before_materialization,revalidation_required,not_action_grade_masked,not_action_grade,true,false,true,true,sufficient_for_outcome_adjudication,True,latest_pdp_review_pool_snapshot_present,masked_review_state_observed_at_materialization_boundary,not_action_grade_masked_supports_revalidation_required_request_revalidation,none,none,0589f8026842fd9495afe346,source_subject_hash:0589f8026842fd9495afe346|action_code:manual_review_before_materialization|review_lane:zip10001_shipping_retake|review_priority:high|raw_values_removed:true,operator_visual_verdict:not_action_grade|gpt_visual_review_status:completed|official_guard_status:none|official_guard_reason:none|identity_match:true|price_match:false|seller_comparable:true|availability_confirmed:true
latentatlas_action_time_p0_review_freeze_v1,review-backfill-2e345b09f8729b30771fca04,real-shadow-event-03e5a52aac3ab1188db598d7,7,P0,reviewer01_hsyn,2026-07-12T14:48:27+03:00,correct_block,high,single_reviewed,masked_availability_uncertain_supports_revalidation,recheck_primary_offer_availability,revalidation_required,availability_or_access_uncertain_masked,unknown_availability,true,true,true,false,sufficient_for_outcome_adjudication,True,not_observed,masked_review_state_observed_at_materialization_boundary,availability_or_access_uncertain_masked_supports_revalidation_required_request_revalidation,none,none,a316b255c4cabbbb244d8ac9,source_subject_hash:a316b255c4cabbbb244d8ac9|action_code:recheck_primary_offer_availability|review_lane:availability_recheck|review_priority:high|raw_values_removed:true,operator_visual_verdict:unknown_availability|gpt_visual_review_status:completed|official_guard_status:none|official_guard_reason:none|identity_match:true|price_match:true|seller_comparable:true|availability_confirmed:false
latentatlas_action_time_p0_review_freeze_v1,review-backfill-cc53d28a1d7503ccba1857a7,real-shadow-event-0410c29ea02b5ab341846bf2,8,P0,reviewer01_hsyn,2026-07-12T14:50:24+03:00,correct_block,high,single_reviewed,masked_availability_uncertain_supports_revalidation,recheck_primary_offer_availability,revalidation_required,availability_or_access_uncertain_masked,unknown_availability,true,false,true,false,sufficient_for_outcome_adjudication,True,not_observed,masked_review_state_observed_at_materialization_boundary,availability_or_access_uncertain_masked_supports_revalidation_required_request_revalidation,none,none,d6d368207c101932e63731cb,source_subject_hash:d6d368207c101932e63731cb|action_code:recheck_primary_offer_availability|review_lane:availability_recheck|review_priority:high|raw_values_removed:true,operator_visual_verdict:unknown_availability|gpt_visual_review_status:completed|official_guard_status:none|official_guard_reason:none|identity_match:true|price_match:false|seller_comparable:true|availability_confirmed:false
latentatlas_action_time_p0_review_freeze_v1,review-backfill-d5583f018eb8c7bb268ecfb8,real-shadow-event-0453126684bdbeb98a0316ff,9,P0,reviewer01_hsyn,2026-07-12T15:03:26+03:00,needs_more_evidence,high,single_reviewed,blocked_pdp_evidence_insufficient_for_outcome_judgment,manual_review_before_materialization,revalidation_required,availability_or_access_uncertain_masked,blocked_pdp,true,false,true,false,sufficient_for_outcome_adjudication,True,latest_pdp_review_pool_snapshot_present,masked_review_state_observed_at_materialization_boundary,availability_or_access_uncertain_masked_supports_revalidation_required_request_revalidation,none,none,01228dbcaa0559481c07fb89,source_subject_hash:01228dbcaa0559481c07fb89|action_code:manual_review_before_materialization|review_lane:zip10001_shipping_retake|review_priority:high|raw_values_removed:true,operator_visual_verdict:blocked_pdp|gpt_visual_review_status:completed|official_guard_status:none|official_guard_reason:none|identity_match:true|price_match:false|seller_comparable:true|availability_confirmed:false
latentatlas_action_time_p0_review_freeze_v1,review-backfill-ef696dbb850a7681882d30c8,real-shadow-event-046feb793f1b674b22946c7b,10,P0,reviewer01_hsyn,2026-07-12T15:07:29+03:00,false_block,medium,single_reviewed,latest_pdp_record_should_supersede_stale_record_price_change_not_block_evidence,manual_review_before_materialization,revalidation_required,not_action_grade_masked,not_action_grade,true,false,true,true,sufficient_for_outcome_adjudication,True,latest_pdp_review_pool_snapshot_present,masked_review_state_observed_at_materialization_boundary,not_action_grade_masked_supports_revalidation_required_request_revalidation,none,none,e9c2078447e78a8fb8f762c7,source_subject_hash:e9c2078447e78a8fb8f762c7|action_code:manual_review_before_materialization|review_lane:zip10001_shipping_retake|review_priority:high|raw_values_removed:true,operator_visual_verdict:not_action_grade|gpt_visual_review_status:completed|official_guard_status:none|official_guard_reason:none|identity_match:true|price_match:false|seller_comparable:true|availability_confirmed:true
latentatlas_action_time_p0_review_freeze_v1,review-backfill-3357a4d2c3ba4b237a5befcc,real-shadow-event-056dce2a1ce0876d5616a716,11,P0,reviewer01_hsyn,2026-07-12T15:13:38+03:00,correct_block,high,single_reviewed,masked_availability_uncertain_supports_revalidation,recheck_primary_offer_availability,revalidation_required,availability_or_access_uncertain_masked,unknown_availability,true,true,true,false,sufficient_for_outcome_adjudication,True,not_observed,masked_review_state_observed_at_materialization_boundary,availability_or_access_uncertain_masked_supports_revalidation_required_request_revalidation,none,none,5d718f3bab33339e8562eec0,source_subject_hash:5d718f3bab33339e8562eec0|action_code:recheck_primary_offer_availability|review_lane:availability_recheck|review_priority:high|raw_values_removed:true,operator_visual_verdict:unknown_availability|gpt_visual_review_status:completed|official_guard_status:none|official_guard_reason:none|identity_match:true|price_match:true|seller_comparable:true|availability_confirmed:false
latentatlas_action_time_p0_review_freeze_v1,review-backfill-6af4e3db719d3797bf7da40c,real-shadow-event-05c3ab7e5fb1fede67eaaf72,12,P0,reviewer01_hsyn,2026-07-12T15:15:17+03:00,needs_more_evidence,high,single_reviewed,blocked_pdp_evidence_insufficient_for_outcome_judgment,manual_review_before_materialization,revalidation_required,availability_or_access_uncertain_masked,blocked_pdp,true,false,true,false,sufficient_for_outcome_adjudication,True,latest_pdp_review_pool_snapshot_present,masked_review_state_observed_at_materialization_boundary,availability_or_access_uncertain_masked_supports_revalidation_required_request_revalidation,none,none,37dc80a1d6dedc6338779c99,source_subject_hash:37dc80a1d6dedc6338779c99|action_code:manual_review_before_materialization|review_lane:zip10001_shipping_retake|review_priority:high|raw_values_removed:true,operator_visual_verdict:blocked_pdp|gpt_visual_review_status:completed|official_guard_status:none|official_guard_reason:none|identity_match:true|price_match:false|seller_comparable:true|availability_confirmed:false
latentatlas_action_time_p0_review_freeze_v1,review-backfill-e20b060a67572e2b68ea7ae7,real-shadow-event-077c84de690ab843d14ecc87,14,P0,reviewer01_hsyn,2026-07-12T18:05:25+03:00,needs_more_evidence,high,single_reviewed,process_context_missing_price_change_ambiguity,manual_review_before_materialization,revalidation_required,availability_or_access_uncertain_masked,unknown_availability,true,false,true,true,sufficient_for_outcome_adjudication,True,latest_pdp_review_pool_snapshot_present,masked_review_state_observed_at_materialization_boundary,availability_or_access_uncertain_masked_supports_revalidation_required_request_revalidation,none,none,68f3456f9f47558ae2da1725,source_subject_hash:68f3456f9f47558ae2da1725|action_code:manual_review_before_materialization|review_lane:zip10001_shipping_retake|review_priority:high|raw_values_removed:true,operator_visual_verdict:unknown_availability|gpt_visual_review_status:completed|official_guard_status:none|official_guard_reason:none|identity_match:true|price_match:false|seller_comparable:true|availability_confirmed:true
latentatlas_action_time_p0_review_freeze_v1,review-backfill-317e2e61810caf6124da1c3f,real-shadow-event-0eba1c60000f5f76f4940aa3,16,P0,reviewer01_hsyn,2026-07-12T18:58:58+03:00,false_block,high,single_reviewed,all_visual_flags_true_revalidation_signal_false_block,recheck_primary_offer_availability,revalidation_required,availability_or_access_uncertain_masked,unknown_availability,true,true,true,true,sufficient_for_outcome_adjudication,True,not_observed,masked_review_state_observed_at_materialization_boundary,visible_contradiction_requires_human_adjudication:revalidation_signal_conflicts_with_all_visual_flags_true,none,revalidation_signal_conflicts_with_all_visual_flags_true,6567d9a99839ebd78ea0764d,source_subject_hash:6567d9a99839ebd78ea0764d|action_code:recheck_primary_offer_availability|review_lane:availability_recheck|review_priority:high|raw_values_removed:true,operator_visual_verdict:unknown_availability|gpt_visual_review_status:completed|official_guard_status:none|official_guard_reason:none|identity_match:true|price_match:true|seller_comparable:true|availability_confirmed:true
latentatlas_action_time_p0_review_freeze_v1,review-backfill-a83d8be7c23334e7c9483b70,real-shadow-event-113ea8da953c9b3626f4f232,17,P0,reviewer01_hsyn,2026-07-12T21:35:52+03:00,correct_block,high,single_reviewed,availability_uncertain_not_action_grade_supports_revalidation,recheck_primary_offer_availability,revalidation_required,availability_or_access_uncertain_masked,not_action_grade,true,true,true,false,sufficient_for_outcome_adjudication,True,not_observed,masked_review_state_observed_at_materialization_boundary,availability_or_access_uncertain_masked_supports_revalidation_required_request_revalidation,none,none,5e33bac849aaf8e3af7ab3be,source_subject_hash:5e33bac849aaf8e3af7ab3be|action_code:recheck_primary_offer_availability|review_lane:availability_recheck|review_priority:high|raw_values_removed:true,operator_visual_verdict:not_action_grade|gpt_visual_review_status:completed|official_guard_status:none|official_guard_reason:none|identity_match:true|price_match:true|seller_comparable:true|availability_confirmed:false
latentatlas_action_time_p0_review_freeze_v1,review-backfill-3c42e24629d0d040c862ff2f,real-shadow-event-1259ad423bc4bb06207036ac,18,P0,reviewer01_hsyn,2026-07-13T03:26:46+03:00,correct_block,high,cluster_reviewed_applied,availability_uncertain_not_action_grade_supports_revalidation,recheck_primary_offer_availability,revalidation_required,availability_or_access_uncertain_masked,not_action_grade,true,true,true,false,sufficient_for_outcome_adjudication,True,not_observed,masked_review_state_observed_at_materialization_boundary,availability_or_access_uncertain_masked_supports_revalidation_required_request_revalidation,none,none,2f529b8640237cb1f3eac484,source_subject_hash:2f529b8640237cb1f3eac484|action_code:recheck_primary_offer_availability|review_lane:availability_recheck|review_priority:high|raw_values_removed:true,operator_visual_verdict:not_action_grade|gpt_visual_review_status:completed|official_guard_status:none|official_guard_reason:none|identity_match:true|price_match:true|seller_comparable:true|availability_confirmed:false
latentatlas_action_time_p0_review_freeze_v1,review-backfill-6db347fa626f9df173d9be8e,real-shadow-event-186766f3e3689e6f18651060,19,P0,reviewer01_hsyn,2026-07-13T09:44:18+03:00,correct_block,high,cluster_reviewed_applied,manual_review_correct_when_latest_pdp_flags_not_action_grade,manual_review_before_materialization,revalidation_required,not_action_grade_masked,not_action_grade,true,false,true,false,sufficient_for_outcome_adjudication,True,latest_pdp_review_pool_snapshot_present,masked_review_state_observed_at_materialization_boundary,not_action_grade_masked_supports_revalidation_required_request_revalidation,none,none,9074defab2f3b917ba10e72c,source_subject_hash:9074defab2f3b917ba10e72c|action_code:manual_review_before_materialization|review_lane:zip10001_shipping_retake|review_priority:high|raw_values_removed:true,operator_visual_verdict:not_action_grade|gpt_visual_review_status:completed|official_guard_status:none|official_guard_reason:none|identity_match:true|price_match:false|seller_comparable:true|availability_confirmed:false
latentatlas_action_time_p0_review_freeze_v1,review-backfill-dc30d2a4709f54b4e51603af,real-shadow-event-1ce9fd5026063a8a45c715d1,20,P0,reviewer01_hsyn,2026-07-13T09:44:18+03:00,false_block,high,cluster_reviewed_applied,all_visual_flags_true_revalidation_signal_false_block,manual_review_before_materialization,revalidation_required,availability_or_access_uncertain_masked,unknown_availability,true,true,true,true,sufficient_for_outcome_adjudication,True,latest_pdp_review_pool_snapshot_present,masked_review_state_observed_at_materialization_boundary,visible_contradiction_requires_human_adjudication:revalidation_signal_conflicts_with_all_visual_flags_true,none,revalidation_signal_conflicts_with_all_visual_flags_true,3b9039f07d66eaa4d953a604,source_subject_hash:3b9039f07d66eaa4d953a604|action_code:manual_review_before_materialization|review_lane:zip10001_shipping_retake|review_priority:high|raw_values_removed:true,operator_visual_verdict:unknown_availability|gpt_visual_review_status:completed|official_guard_status:none|official_guard_reason:none|identity_match:true|price_match:true|seller_comparable:true|availability_confirmed:true
latentatlas_action_time_p0_review_freeze_v1,review-backfill-d8318ce2282957a34154e8ba,real-shadow-event-1eaa8b7ff97842c0645f4144,21,P0,reviewer01_hsyn,2026-07-13T09:44:18+03:00,correct_block,high,cluster_reviewed_applied,availability_recheck_correct_when_availability_unconfirmed,recheck_primary_offer_availability,revalidation_required,availability_or_access_uncertain_masked,not_action_grade,true,false,true,false,sufficient_for_outcome_adjudication,True,not_observed,masked_review_state_observed_at_materialization_boundary,availability_or_access_uncertain_masked_supports_revalidation_required_request_revalidation,none,none,c8591091bf61bbbb9cf442c3,source_subject_hash:c8591091bf61bbbb9cf442c3|action_code:recheck_primary_offer_availability|review_lane:availability_recheck|review_priority:high|raw_values_removed:true,operator_visual_verdict:not_action_grade|gpt_visual_review_status:completed|official_guard_status:none|official_guard_reason:none|identity_match:true|price_match:false|seller_comparable:true|availability_confirmed:false
latentatlas_action_time_p0_review_freeze_v1,review-backfill-3a757cf569976b40a892da0d,real-shadow-event-1f8a64fdcf6fc1fd3efec1cb,22,P0,reviewer01_hsyn,2026-07-13T04:18:14+03:00,correct_block,high,cluster_reviewed_applied,masked_availability_uncertain_supports_revalidation,recheck_primary_offer_availability,revalidation_required,availability_or_access_uncertain_masked,unknown_availability,true,false,true,false,sufficient_for_outcome_adjudication,True,not_observed,masked_review_state_observed_at_materialization_boundary,availability_or_access_uncertain_masked_supports_revalidation_required_request_revalidation,none,none,6f5f25e5ed28c4d01fae3f43,source_subject_hash:6f5f25e5ed28c4d01fae3f43|action_code:recheck_primary_offer_availability|review_lane:availability_recheck|review_priority:high|raw_values_removed:true,operator_visual_verdict:unknown_availability|gpt_visual_review_status:completed|official_guard_status:none|official_guard_reason:none|identity_match:true|price_match:false|seller_comparable:true|availability_confirmed:false
latentatlas_action_time_p0_review_freeze_v1,review-backfill-165b7c652ea8ce972298bdd1,real-shadow-event-20c57dd88d0df39785cc6681,23,P0,reviewer01_hsyn,2026-07-13T09:44:18+03:00,needs_more_evidence,high,cluster_reviewed_applied,blocked_pdp_evidence_insufficient_for_outcome_judgment,manual_review_before_materialization,revalidation_required,availability_or_access_uncertain_masked,blocked_pdp,true,false,true,false,sufficient_for_outcome_adjudication,True,latest_pdp_review_pool_snapshot_present,masked_review_state_observed_at_materialization_boundary,availability_or_access_uncertain_masked_supports_revalidation_required_request_revalidation,none,none,3e6232a2a12dc9cf993f1490,source_subject_hash:3e6232a2a12dc9cf993f1490|action_code:manual_review_before_materialization|review_lane:zip10001_shipping_retake|review_priority:high|raw_values_removed:true,operator_visual_verdict:blocked_pdp|gpt_visual_review_status:completed|official_guard_status:none|official_guard_reason:none|identity_match:true|price_match:false|seller_comparable:true|availability_confirmed:false
latentatlas_action_time_p0_review_freeze_v1,review-backfill-3c147caec660da0f842f531c,real-shadow-event-212a6fd98e158b12e6e00178,24,P0,reviewer01_hsyn,2026-07-13T03:26:46+03:00,correct_block,high,cluster_reviewed_applied,availability_uncertain_not_action_grade_supports_revalidation,recheck_primary_offer_availability,revalidation_required,availability_or_access_uncertain_masked,not_action_grade,true,true,true,false,sufficient_for_outcome_adjudication,True,not_observed,masked_review_state_observed_at_materialization_boundary,availability_or_access_uncertain_masked_supports_revalidation_required_request_revalidation,none,none,29b17e5229e81367b04d4b99,source_subject_hash:29b17e5229e81367b04d4b99|action_code:recheck_primary_offer_availability|review_lane:availability_recheck|review_priority:high|raw_values_removed:true,operator_visual_verdict:not_action_grade|gpt_visual_review_status:completed|official_guard_status:none|official_guard_reason:none|identity_match:true|price_match:true|seller_comparable:true|availability_confirmed:false
latentatlas_action_time_p0_review_freeze_v1,review-backfill-5eb8948a501e6112bb51a28e,real-shadow-event-2215cd53d4eb98ae30ca9205,25,P0,reviewer01_hsyn,2026-07-13T02:48:32+03:00,correct_block,high,cluster_reviewed_applied,masked_availability_uncertain_supports_revalidation,recheck_primary_offer_availability,revalidation_required,availability_or_access_uncertain_masked,unknown_availability,true,true,true,false,sufficient_for_outcome_adjudication,True,not_observed,masked_review_state_observed_at_materialization_boundary,availability_or_access_uncertain_masked_supports_revalidation_required_request_revalidation,none,none,308734a655190b15300d46d3,source_subject_hash:308734a655190b15300d46d3|action_code:recheck_primary_offer_availability|review_lane:availability_recheck|review_priority:high|raw_values_removed:true,operator_visual_verdict:unknown_availability|gpt_visual_review_status:completed|official_guard_status:none|official_guard_reason:none|identity_match:true|price_match:true|seller_comparable:true|availability_confirmed:false
latentatlas_action_time_p0_review_freeze_v1,review-backfill-ccbf50bc03c6b5304a3a9e26,real-shadow-event-230208d11c0ed6b28fd2b321,26,P0,reviewer01_hsyn,2026-07-13T03:26:46+03:00,correct_block,high,cluster_reviewed_applied,availability_uncertain_not_action_grade_supports_revalidation,recheck_primary_offer_availability,revalidation_required,availability_or_access_uncertain_masked,not_action_grade,true,true,true,false,sufficient_for_outcome_adjudication,True,not_observed,masked_review_state_observed_at_materialization_boundary,availability_or_access_uncertain_masked_supports_revalidation_required_request_revalidation,none,none,2ce2a9a91193403da92bd01d,source_subject_hash:2ce2a9a91193403da92bd01d|action_code:recheck_primary_offer_availability|review_lane:availability_recheck|review_priority:high|raw_values_removed:true,operator_visual_verdict:not_action_grade|gpt_visual_review_status:completed|official_guard_status:none|official_guard_reason:none|identity_match:true|price_match:true|seller_comparable:true|availability_confirmed:false
latentatlas_action_time_p0_review_freeze_v1,review-backfill-38482839bd65deda931b15b0,real-shadow-event-23688b2eee5a281711c20d33,27,P0,reviewer01_hsyn,2026-07-13T09:44:18+03:00,correct_block,high,cluster_reviewed_applied,availability_recheck_correct_when_availability_unconfirmed,recheck_primary_offer_availability,revalidation_required,availability_or_access_uncertain_masked,not_action_grade,true,false,true,false,sufficient_for_outcome_adjudication,True,not_observed,masked_review_state_observed_at_materialization_boundary,availability_or_access_uncertain_masked_supports_revalidation_required_request_revalidation,none,none,2d379e616aa94226cf818811,source_subject_hash:2d379e616aa94226cf818811|action_code:recheck_primary_offer_availability|review_lane:availability_recheck|review_priority:high|raw_values_removed:true,operator_visual_verdict:not_action_grade|gpt_visual_review_status:completed|official_guard_status:none|official_guard_reason:none|identity_match:true|price_match:false|seller_comparable:true|availability_confirmed:false
latentatlas_action_time_p0_review_freeze_v1,review-backfill-ffbcaecb82db88da3cb53d5c,real-shadow-event-23a69fa71a53b67609d2e983,28,P0,reviewer01_hsyn,2026-07-13T09:44:18+03:00,needs_more_evidence,high,cluster_reviewed_applied,availability_confirmation_required_before_outcome_judgment,manual_review_before_materialization,revalidation_required,availability_or_access_uncertain_masked,unknown_availability,true,true,true,false,sufficient_for_outcome_adjudication,True,latest_pdp_review_pool_snapshot_present,masked_review_state_observed_at_materialization_boundary,availability_or_access_uncertain_masked_supports_revalidation_required_request_revalidation,none,none,c085cbef1aba2085950e44c4,source_subject_hash:c085cbef1aba2085950e44c4|action_code:manual_review_before_materialization|review_lane:zip10001_shipping_retake|review_priority:high|raw_values_removed:true,operator_visual_verdict:unknown_availability|gpt_visual_review_status:completed|official_guard_status:none|official_guard_reason:none|identity_match:true|price_match:true|seller_comparable:true|availability_confirmed:false
latentatlas_action_time_p0_review_freeze_v1,review-backfill-bb439883d459e55411a183b8,real-shadow-event-247cb45a5dd6103bbe90a648,29,P0,reviewer01_hsyn,2026-07-13T04:18:14+03:00,correct_block,high,cluster_reviewed_applied,masked_availability_uncertain_supports_revalidation,recheck_primary_offer_availability,revalidation_required,availability_or_access_uncertain_masked,unknown_availability,true,false,true,false,sufficient_for_outcome_adjudication,True,not_observed,masked_review_state_observed_at_materialization_boundary,availability_or_access_uncertain_masked_supports_revalidation_required_request_revalidation,none,none,c6b138b838e5514f055f7fc6,source_subject_hash:c6b138b838e5514f055f7fc6|action_code:recheck_primary_offer_availability|review_lane:availability_recheck|review_priority:high|raw_values_removed:true,operator_visual_verdict:unknown_availability|gpt_visual_review_status:completed|official_guard_status:none|official_guard_reason:none|identity_match:true|price_match:false|seller_comparable:true|availability_confirmed:false
latentatlas_action_time_p0_review_freeze_v1,review-backfill-6f436d36828da30ef205a8dd,real-shadow-event-25f7837a99e80a983044b1ce,30,P0,reviewer01_hsyn,2026-07-13T09:44:18+03:00,needs_more_evidence,high,cluster_reviewed_applied,process_context_missing_price_change_ambiguity,manual_review_before_materialization,revalidation_required,availability_or_access_uncertain_masked,unknown_availability,true,false,true,true,sufficient_for_outcome_adjudication,True,latest_pdp_review_pool_snapshot_present,masked_review_state_observed_at_materialization_boundary,availability_or_access_uncertain_masked_supports_revalidation_required_request_revalidation,none,none,87f2cd95f643fbc1af3f591d,source_subject_hash:87f2cd95f643fbc1af3f591d|action_code:manual_review_before_materialization|review_lane:zip10001_shipping_retake|review_priority:high|raw_values_removed:true,operator_visual_verdict:unknown_availability|gpt_visual_review_status:completed|official_guard_status:none|official_guard_reason:none|identity_match:true|price_match:false|seller_comparable:true|availability_confirmed:true
latentatlas_action_time_p0_review_freeze_v1,review-backfill-e4a62914d37366d9bdb75046,real-shadow-event-265d61cf579788d81766cf8c,31,P0,reviewer01_hsyn,2026-07-13T02:48:32+03:00,correct_block,high,cluster_reviewed_applied,masked_availability_uncertain_supports_revalidation,recheck_primary_offer_availability,revalidation_required,availability_or_access_uncertain_masked,unknown_availability,true,true,true,false,sufficient_for_outcome_adjudication,True,not_observed,masked_review_state_observed_at_materialization_boundary,availability_or_access_uncertain_masked_supports_revalidation_required_request_revalidation,none,none,fe07f4658e5144b7a3debfe0,source_subject_hash:fe07f4658e5144b7a3debfe0|action_code:recheck_primary_offer_availability|review_lane:availability_recheck|review_priority:high|raw_values_removed:true,operator_visual_verdict:unknown_availability|gpt_visual_review_status:completed|official_guard_status:none|official_guard_reason:none|identity_match:true|price_match:true|seller_comparable:true|availability_confirmed:false
latentatlas_action_time_p0_review_freeze_v1,review-backfill-626c31d3eaac926c4731726f,real-shadow-event-27ebf8bcff4411a340d192e2,32,P0,reviewer01_hsyn,2026-07-13T09:44:18+03:00,correct_block,medium,cluster_reviewed_applied,latest_pdp_snapshot_supports_manual_review_when_availability_unconfirmed,manual_review_before_materialization,revalidation_required,not_action_grade_masked,not_action_grade,true,true,true,false,sufficient_for_outcome_adjudication,True,latest_pdp_review_pool_snapshot_present,masked_review_state_observed_at_materialization_boundary,not_action_grade_masked_supports_revalidation_required_request_revalidation,none,none,3169482f9333c7b0c310d97c,source_subject_hash:3169482f9333c7b0c310d97c|action_code:manual_review_before_materialization|review_lane:zip10001_shipping_retake|review_priority:high|raw_values_removed:true,operator_visual_verdict:not_action_grade|gpt_visual_review_status:completed|official_guard_status:none|official_guard_reason:none|identity_match:true|price_match:true|seller_comparable:true|availability_confirmed:false
latentatlas_action_time_p0_review_freeze_v1,review-backfill-4f78c12e3a48aa1613a5e501,real-shadow-event-2aad293b773ff253c46e4e5d,33,P0,reviewer01_hsyn,2026-07-13T02:48:32+03:00,correct_block,high,cluster_reviewed_applied,masked_availability_uncertain_supports_revalidation,recheck_primary_offer_availability,revalidation_required,availability_or_access_uncertain_masked,unknown_availability,true,true,true,false,sufficient_for_outcome_adjudication,True,not_observed,masked_review_state_observed_at_materialization_boundary,availability_or_access_uncertain_masked_supports_revalidation_required_request_revalidation,none,none,405f339a91fdfc2f885b8819,source_subject_hash:405f339a91fdfc2f885b8819|action_code:recheck_primary_offer_availability|review_lane:availability_recheck|review_priority:high|raw_values_removed:true,operator_visual_verdict:unknown_availability|gpt_visual_review_status:completed|official_guard_status:none|official_guard_reason:none|identity_match:true|price_match:true|seller_comparable:true|availability_confirmed:false
latentatlas_action_time_p0_review_freeze_v1,review-backfill-bbee9d0119965e09ce321500,real-shadow-event-2e90661acc743b60a45a7f5a,34,P0,reviewer01_hsyn,2026-07-13T09:44:18+03:00,correct_block,high,cluster_reviewed_applied,manual_review_correct_when_latest_pdp_flags_not_action_grade,manual_review_before_materialization,revalidation_required,not_action_grade_masked,not_action_grade,true,false,true,false,sufficient_for_outcome_adjudication,True,latest_pdp_review_pool_snapshot_present,masked_review_state_observed_at_materialization_boundary,not_action_grade_masked_supports_revalidation_required_request_revalidation,none,none,24b0b8f90dc58d6490de6b5c,source_subject_hash:24b0b8f90dc58d6490de6b5c|action_code:manual_review_before_materialization|review_lane:zip10001_shipping_retake|review_priority:high|raw_values_removed:true,operator_visual_verdict:not_action_grade|gpt_visual_review_status:completed|official_guard_status:none|official_guard_reason:none|identity_match:true|price_match:false|seller_comparable:true|availability_confirmed:false
latentatlas_action_time_p0_review_freeze_v1,review-backfill-74edd9b16e1451552f88024a,real-shadow-event-30e89d7071c59d5650eeea9c,35,P0,reviewer01_hsyn,2026-07-13T09:44:18+03:00,false_block,high,cluster_reviewed_applied,all_visual_flags_true_revalidation_signal_false_block,recheck_primary_offer_availability,revalidation_required,availability_or_access_uncertain_masked,unknown_availability,true,true,true,true,sufficient_for_outcome_adjudication,True,not_observed,masked_review_state_observed_at_materialization_boundary,visible_contradiction_requires_human_adjudication:revalidation_signal_conflicts_with_all_visual_flags_true,none,revalidation_signal_conflicts_with_all_visual_flags_true,047f4d6d8769fa0f69a8838c,source_subject_hash:047f4d6d8769fa0f69a8838c|action_code:recheck_primary_offer_availability|review_lane:availability_recheck|review_priority:high|raw_values_removed:true,operator_visual_verdict:unknown_availability|gpt_visual_review_status:completed|official_guard_status:none|official_guard_reason:none|identity_match:true|price_match:true|seller_comparable:true|availability_confirmed:true
latentatlas_action_time_p0_review_freeze_v1,review-backfill-4c5ee85b8fd9c67800293def,real-shadow-event-312705c24163b14c9f23690e,36,P0,reviewer01_hsyn,2026-07-13T09:44:18+03:00,needs_more_evidence,high,cluster_reviewed_applied,fresh_pdp_required_before_stale_price_outcome_judgment,manual_review_before_materialization,revalidation_required,price_or_materialization_conflict_masked,stale_price,true,false,true,true,sufficient_for_outcome_adjudication,True,latest_pdp_review_pool_snapshot_present,masked_review_state_observed_at_materialization_boundary,price_or_materialization_conflict_masked_supports_revalidation_required_request_revalidation,none,none,cd58d2dd28b2f0957d42ad82,source_subject_hash:cd58d2dd28b2f0957d42ad82|action_code:manual_review_before_materialization|review_lane:zip10001_shipping_retake|review_priority:high|raw_values_removed:true,operator_visual_verdict:stale_price|gpt_visual_review_status:completed|official_guard_status:none|official_guard_reason:none|identity_match:true|price_match:false|seller_comparable:true|availability_confirmed:true
latentatlas_action_time_p0_review_freeze_v1,review-backfill-f1dbff0ddb5ceba02e884999,real-shadow-event-31a3ea53d2be952dcc2b182b,37,P0,reviewer01_hsyn,2026-07-13T02:48:32+03:00,correct_block,high,cluster_reviewed_applied,masked_availability_uncertain_supports_revalidation,recheck_primary_offer_availability,revalidation_required,availability_or_access_uncertain_masked,unknown_availability,true,true,true,false,sufficient_for_outcome_adjudication,True,not_observed,masked_review_state_observed_at_materialization_boundary,availability_or_access_uncertain_masked_supports_revalidation_required_request_revalidation,none,none,d9aee69ba2534b92e2bae076,source_subject_hash:d9aee69ba2534b92e2bae076|action_code:recheck_primary_offer_availability|review_lane:availability_recheck|review_priority:high|raw_values_removed:true,operator_visual_verdict:unknown_availability|gpt_visual_review_status:completed|official_guard_status:none|official_guard_reason:none|identity_match:true|price_match:true|seller_comparable:true|availability_confirmed:false
latentatlas_action_time_p0_review_freeze_v1,review-backfill-2d1cc12eca510a1bb1a35630,real-shadow-event-34ed91d59b6512110a831f79,38,P0,reviewer01_hsyn,2026-07-13T09:44:18+03:00,correct_block,high,cluster_reviewed_applied,confirmed_unavailable_supports_availability_recheck,recheck_primary_offer_availability,revalidation_required,availability_or_access_uncertain_masked,confirmed_unavailable,true,true,true,false,sufficient_for_outcome_adjudication,True,not_observed,masked_review_state_observed_at_materialization_boundary,availability_or_access_uncertain_masked_supports_revalidation_required_request_revalidation,none,none,0db3641a95aeacb3b99f88ee,source_subject_hash:0db3641a95aeacb3b99f88ee|action_code:recheck_primary_offer_availability|review_lane:availability_recheck|review_priority:high|raw_values_removed:true,operator_visual_verdict:confirmed_unavailable|gpt_visual_review_status:completed|official_guard_status:none|official_guard_reason:none|identity_match:true|price_match:true|seller_comparable:true|availability_confirmed:false
latentatlas_action_time_p0_review_freeze_v1,review-backfill-1ba43b83636340686e80bdf4,real-shadow-event-35f8107fa5463e2825a8225e,39,P0,reviewer01_hsyn,2026-07-13T09:44:18+03:00,correct_block,medium,cluster_reviewed_applied,latest_pdp_snapshot_supports_manual_review_when_availability_unconfirmed,manual_review_before_materialization,revalidation_required,not_action_grade_masked,not_action_grade,true,true,true,false,sufficient_for_outcome_adjudication,True,latest_pdp_review_pool_snapshot_present,masked_review_state_observed_at_materialization_boundary,not_action_grade_masked_supports_revalidation_required_request_revalidation,none,none,6579cd99a314716870767c33,source_subject_hash:6579cd99a314716870767c33|action_code:manual_review_before_materialization|review_lane:zip10001_shipping_retake|review_priority:high|raw_values_removed:true,operator_visual_verdict:not_action_grade|gpt_visual_review_status:completed|official_guard_status:none|official_guard_reason:none|identity_match:true|price_match:true|seller_comparable:true|availability_confirmed:false
latentatlas_action_time_p0_review_freeze_v1,review-backfill-1516c13b305bc64867a774bc,real-shadow-event-3aed48ff27dde1eafaa32baa,40,P0,reviewer01_hsyn,2026-07-13T03:26:46+03:00,correct_block,high,cluster_reviewed_applied,availability_uncertain_not_action_grade_supports_revalidation,recheck_primary_offer_availability,revalidation_required,availability_or_access_uncertain_masked,not_action_grade,true,true,true,false,sufficient_for_outcome_adjudication,True,not_observed,masked_review_state_observed_at_materialization_boundary,availability_or_access_uncertain_masked_supports_revalidation_required_request_revalidation,none,none,6190aff744c45c89f4f16d40,source_subject_hash:6190aff744c45c89f4f16d40|action_code:recheck_primary_offer_availability|review_lane:availability_recheck|review_priority:high|raw_values_removed:true,operator_visual_verdict:not_action_grade|gpt_visual_review_status:completed|official_guard_status:none|official_guard_reason:none|identity_match:true|price_match:true|seller_comparable:true|availability_confirmed:false
latentatlas_action_time_p0_review_freeze_v1,review-backfill-6203f5c6dfcf999a8de7e862,real-shadow-event-3b2f8052b7ec31acf25e5e50,41,P0,reviewer01_hsyn,2026-07-13T09:44:18+03:00,correct_block,medium,cluster_reviewed_applied,latest_pdp_snapshot_supports_manual_review_when_availability_unconfirmed,manual_review_before_materialization,revalidation_required,not_action_grade_masked,not_action_grade,true,true,true,false,sufficient_for_outcome_adjudication,True,latest_pdp_review_pool_snapshot_present,masked_review_state_observed_at_materialization_boundary,not_action_grade_masked_supports_revalidation_required_request_revalidation,none,none,def30eca81769bbcac7803b0,source_subject_hash:def30eca81769bbcac7803b0|action_code:manual_review_before_materialization|review_lane:zip10001_shipping_retake|review_priority:high|raw_values_removed:true,operator_visual_verdict:not_action_grade|gpt_visual_review_status:completed|official_guard_status:none|official_guard_reason:none|identity_match:true|price_match:true|seller_comparable:true|availability_confirmed:false
latentatlas_action_time_p0_review_freeze_v1,review-backfill-084db141bfd70a1860618fff,real-shadow-event-3e5aca12d15af4be958983fb,42,P0,reviewer01_hsyn,2026-07-13T03:26:46+03:00,correct_block,high,cluster_reviewed_applied,availability_uncertain_not_action_grade_supports_revalidation,recheck_primary_offer_availability,revalidation_required,availability_or_access_uncertain_masked,not_action_grade,true,true,true,false,sufficient_for_outcome_adjudication,True,not_observed,masked_review_state_observed_at_materialization_boundary,availability_or_access_uncertain_masked_supports_revalidation_required_request_revalidation,none,none,0a357834f00a50165caec74a,source_subject_hash:0a357834f00a50165caec74a|action_code:recheck_primary_offer_availability|review_lane:availability_recheck|review_priority:high|raw_values_removed:true,operator_visual_verdict:not_action_grade|gpt_visual_review_status:completed|official_guard_status:none|official_guard_reason:none|identity_match:true|price_match:true|seller_comparable:true|availability_confirmed:false
latentatlas_action_time_p0_review_freeze_v1,review-backfill-e9209fe22037c79b28db6543,real-shadow-event-3eb88d55f0c27278955fdb15,43,P0,reviewer01_hsyn,2026-07-13T03:26:46+03:00,correct_block,high,cluster_reviewed_applied,availability_uncertain_not_action_grade_supports_revalidation,recheck_primary_offer_availability,revalidation_required,availability_or_access_uncertain_masked,not_action_grade,true,true,true,false,sufficient_for_outcome_adjudication,True,not_observed,masked_review_state_observed_at_materialization_boundary,availability_or_access_uncertain_masked_supports_revalidation_required_request_revalidation,none,none,e34dd21e73fcd7ea83d9dbba,source_subject_hash:e34dd21e73fcd7ea83d9dbba|action_code:recheck_primary_offer_availability|review_lane:availability_recheck|review_priority:high|raw_values_removed:true,operator_visual_verdict:not_action_grade|gpt_visual_review_status:completed|official_guard_status:none|official_guard_reason:none|identity_match:true|price_match:true|seller_comparable:true|availability_confirmed:false
latentatlas_action_time_p0_review_freeze_v1,review-backfill-773d2cdab3c71b99e4eddf25,real-shadow-event-3ef8d401e8eadeae934535a3,44,P0,reviewer01_hsyn,2026-07-13T03:26:46+03:00,correct_block,high,cluster_reviewed_applied,availability_uncertain_not_action_grade_supports_revalidation,recheck_primary_offer_availability,revalidation_required,availability_or_access_uncertain_masked,not_action_grade,true,true,true,false,sufficient_for_outcome_adjudication,True,not_observed,masked_review_state_observed_at_materialization_boundary,availability_or_access_uncertain_masked_supports_revalidation_required_request_revalidation,none,none,e005ac9d130de1f743481ee9,source_subject_hash:e005ac9d130de1f743481ee9|action_code:recheck_primary_offer_availability|review_lane:availability_recheck|review_priority:high|raw_values_removed:true,operator_visual_verdict:not_action_grade|gpt_visual_review_status:completed|official_guard_status:none|official_guard_reason:none|identity_match:true|price_match:true|seller_comparable:true|availability_confirmed:false
latentatlas_action_time_p0_review_freeze_v1,review-backfill-5019f9b4972e147931cedad3,real-shadow-event-3f47d943756967bb16b44f69,45,P0,reviewer01_hsyn,2026-07-13T09:44:18+03:00,false_block,high,cluster_reviewed_applied,all_visual_flags_true_revalidation_signal_false_block,manual_review_before_materialization,revalidation_required,availability_or_access_uncertain_masked,unknown_availability,true,true,true,true,sufficient_for_outcome_adjudication,True,latest_pdp_review_pool_snapshot_present,masked_review_state_observed_at_materialization_boundary,visible_contradiction_requires_human_adjudication:revalidation_signal_conflicts_with_all_visual_flags_true,none,revalidation_signal_conflicts_with_all_visual_flags_true,75788154641cc787a0fe9112,source_subject_hash:75788154641cc787a0fe9112|action_code:manual_review_before_materialization|review_lane:zip10001_shipping_retake|review_priority:high|raw_values_removed:true,operator_visual_verdict:unknown_availability|gpt_visual_review_status:completed|official_guard_status:none|official_guard_reason:none|identity_match:true|price_match:true|seller_comparable:true|availability_confirmed:true
latentatlas_action_time_p0_review_freeze_v1,review-backfill-fce8648668b63f5254783a40,real-shadow-event-40b5865cc5bc9db37934e6f6,46,P0,reviewer01_hsyn,2026-07-13T04:18:14+03:00,correct_block,high,cluster_reviewed_applied,masked_availability_uncertain_supports_revalidation,recheck_primary_offer_availability,revalidation_required,availability_or_access_uncertain_masked,unknown_availability,true,false,true,false,sufficient_for_outcome_adjudication,True,not_observed,masked_review_state_observed_at_materialization_boundary,availability_or_access_uncertain_masked_supports_revalidation_required_request_revalidation,none,none,1caf1532c8a61be5eb65382e,source_subject_hash:1caf1532c8a61be5eb65382e|action_code:recheck_primary_offer_availability|review_lane:availability_recheck|review_priority:high|raw_values_removed:true,operator_visual_verdict:unknown_availability|gpt_visual_review_status:completed|official_guard_status:none|official_guard_reason:none|identity_match:true|price_match:false|seller_comparable:true|availability_confirmed:false
latentatlas_action_time_p0_review_freeze_v1,review-backfill-4b97ae8662695667aa70cd54,real-shadow-event-4451a0ad8cd1703249d5a504,47,P0,reviewer01_hsyn,2026-07-13T09:44:18+03:00,needs_more_evidence,high,cluster_reviewed_applied,fresh_pdp_required_before_outcome_judgment,recheck_primary_offer_availability,revalidation_required,availability_or_access_uncertain_masked,unknown_availability,true,false,true,true,sufficient_for_outcome_adjudication,True,not_observed,masked_review_state_observed_at_materialization_boundary,availability_or_access_uncertain_masked_supports_revalidation_required_request_revalidation,none,none,0b5f1e89947dd83d88b14d44,source_subject_hash:0b5f1e89947dd83d88b14d44|action_code:recheck_primary_offer_availability|review_lane:availability_recheck|review_priority:high|raw_values_removed:true,operator_visual_verdict:unknown_availability|gpt_visual_review_status:completed|official_guard_status:none|official_guard_reason:none|identity_match:true|price_match:false|seller_comparable:true|availability_confirmed:true
latentatlas_action_time_p0_review_freeze_v1,review-backfill-ac07f06ed317353757034f51,real-shadow-event-453cac2ad7d43b3817674f78,48,P0,reviewer01_hsyn,2026-07-13T09:44:18+03:00,correct_block,medium,cluster_reviewed_applied,latest_pdp_snapshot_supports_manual_review_when_availability_unconfirmed,manual_review_before_materialization,revalidation_required,not_action_grade_masked,not_action_grade,true,true,true,false,sufficient_for_outcome_adjudication,True,latest_pdp_review_pool_snapshot_present,masked_review_state_observed_at_materialization_boundary,not_action_grade_masked_supports_revalidation_required_request_revalidation,none,none,c1806fd285f406e2e9a45c77,source_subject_hash:c1806fd285f406e2e9a45c77|action_code:manual_review_before_materialization|review_lane:zip10001_shipping_retake|review_priority:high|raw_values_removed:true,operator_visual_verdict:not_action_grade|gpt_visual_review_status:completed|official_guard_status:none|official_guard_reason:none|identity_match:true|price_match:true|seller_comparable:true|availability_confirmed:false
latentatlas_action_time_p0_review_freeze_v1,review-backfill-b9411af4b0e491cf7ea4c87d,real-shadow-event-4ae72455992aba9c8ed5a651,49,P0,reviewer01_hsyn,2026-07-13T09:44:18+03:00,false_block,high,cluster_reviewed_applied,all_visual_flags_true_revalidation_signal_false_block,recheck_primary_offer_availability,revalidation_required,availability_or_access_uncertain_masked,unknown_availability,true,true,true,true,sufficient_for_outcome_adjudication,True,not_observed,masked_review_state_observed_at_materialization_boundary,visible_contradiction_requires_human_adjudication:revalidation_signal_conflicts_with_all_visual_flags_true,none,revalidation_signal_conflicts_with_all_visual_flags_true,d081ec08c8851327b24494b8,source_subject_hash:d081ec08c8851327b24494b8|action_code:recheck_primary_offer_availability|review_lane:availability_recheck|review_priority:high|raw_values_removed:true,operator_visual_verdict:unknown_availability|gpt_visual_review_status:completed|official_guard_status:none|official_guard_reason:none|identity_match:true|price_match:true|seller_comparable:true|availability_confirmed:true
latentatlas_action_time_p0_review_freeze_v1,review-backfill-c3177227503b49dd163ac15b,real-shadow-event-4da7c3cf8964f594f67bc85d,50,P0,reviewer01_hsyn,2026-07-13T09:44:18+03:00,needs_more_evidence,high,cluster_reviewed_applied,fresh_pdp_required_before_outcome_judgment,recheck_primary_offer_availability,revalidation_required,availability_or_access_uncertain_masked,unknown_availability,true,false,true,true,sufficient_for_outcome_adjudication,True,not_observed,masked_review_state_observed_at_materialization_boundary,availability_or_access_uncertain_masked_supports_revalidation_required_request_revalidation,none,none,e43186714cce083024dadf27,source_subject_hash:e43186714cce083024dadf27|action_code:recheck_primary_offer_availability|review_lane:availability_recheck|review_priority:high|raw_values_removed:true,operator_visual_verdict:unknown_availability|gpt_visual_review_status:completed|official_guard_status:none|official_guard_reason:none|identity_match:true|price_match:false|seller_comparable:true|availability_confirmed:true
latentatlas_action_time_p0_review_freeze_v1,review-backfill-dae1434f00d6d33c868c116c,real-shadow-event-51d9f782c46bfa53550070e2,51,P0,reviewer01_hsyn,2026-07-13T03:26:46+03:00,correct_block,high,cluster_reviewed_applied,availability_uncertain_not_action_grade_supports_revalidation,recheck_primary_offer_availability,revalidation_required,availability_or_access_uncertain_masked,not_action_grade,true,true,true,false,sufficient_for_outcome_adjudication,True,not_observed,masked_review_state_observed_at_materialization_boundary,availability_or_access_uncertain_masked_supports_revalidation_required_request_revalidation,none,none,9be749addfc39d28ed47f924,source_subject_hash:9be749addfc39d28ed47f924|action_code:recheck_primary_offer_availability|review_lane:availability_recheck|review_priority:high|raw_values_removed:true,operator_visual_verdict:not_action_grade|gpt_visual_review_status:completed|official_guard_status:none|official_guard_reason:none|identity_match:true|price_match:true|seller_comparable:true|availability_confirmed:false
latentatlas_action_time_p0_review_freeze_v1,review-backfill-ca5c986f2ab3d3bf314cdaaf,real-shadow-event-53f307ac20bf130be096ab68,52,P0,reviewer01_hsyn,2026-07-13T09:44:18+03:00,correct_block,high,cluster_reviewed_applied,manual_review_correct_when_latest_pdp_flags_not_action_grade,manual_review_before_materialization,revalidation_required,not_action_grade_masked,not_action_grade,true,false,true,false,sufficient_for_outcome_adjudication,True,latest_pdp_review_pool_snapshot_present,masked_review_state_observed_at_materialization_boundary,not_action_grade_masked_supports_revalidation_required_request_revalidation,none,none,511741b7d91b5e299d825e9d,source_subject_hash:511741b7d91b5e299d825e9d|action_code:manual_review_before_materialization|review_lane:zip10001_shipping_retake|review_priority:high|raw_values_removed:true,operator_visual_verdict:not_action_grade|gpt_visual_review_status:completed|official_guard_status:none|official_guard_reason:none|identity_match:true|price_match:false|seller_comparable:true|availability_confirmed:false
latentatlas_action_time_p0_review_freeze_v1,review-backfill-0c8e1cd3c3308900b52619a6,real-shadow-event-55250c53aadedd4a017577e6,53,P0,reviewer01_hsyn,2026-07-13T04:18:14+03:00,correct_block,high,cluster_reviewed_applied,masked_availability_uncertain_supports_revalidation,recheck_primary_offer_availability,revalidation_required,availability_or_access_uncertain_masked,unknown_availability,true,false,true,false,sufficient_for_outcome_adjudication,True,not_observed,masked_review_state_observed_at_materialization_boundary,availability_or_access_uncertain_masked_supports_revalidation_required_request_revalidation,none,none,8ed1df0d37261e5bab67837d,source_subject_hash:8ed1df0d37261e5bab67837d|action_code:recheck_primary_offer_availability|review_lane:availability_recheck|review_priority:high|raw_values_removed:true,operator_visual_verdict:unknown_availability|gpt_visual_review_status:completed|official_guard_status:none|official_guard_reason:none|identity_match:true|price_match:false|seller_comparable:true|availability_confirmed:false
latentatlas_action_time_p0_review_freeze_v1,review-backfill-51a18e49f59504257ba71161,real-shadow-event-55e7ccff19a121ce317b48cf,54,P0,reviewer01_hsyn,2026-07-13T09:44:18+03:00,correct_block,medium,cluster_reviewed_applied,latest_pdp_snapshot_supports_manual_review_when_availability_unconfirmed,manual_review_before_materialization,revalidation_required,not_action_grade_masked,not_action_grade,true,true,true,false,sufficient_for_outcome_adjudication,True,latest_pdp_review_pool_snapshot_present,masked_review_state_observed_at_materialization_boundary,not_action_grade_masked_supports_revalidation_required_request_revalidation,none,none,38cc6bdd4de57b9faa390094,source_subject_hash:38cc6bdd4de57b9faa390094|action_code:manual_review_before_materialization|review_lane:zip10001_shipping_retake|review_priority:high|raw_values_removed:true,operator_visual_verdict:not_action_grade|gpt_visual_review_status:completed|official_guard_status:none|official_guard_reason:none|identity_match:true|price_match:true|seller_comparable:true|availability_confirmed:false
latentatlas_action_time_p0_review_freeze_v1,review-backfill-7805c124d540f29c5f2cb085,real-shadow-event-563d832a9418becb11cd7acc,55,P0,reviewer01_hsyn,2026-07-13T09:44:18+03:00,correct_block,high,cluster_reviewed_applied,availability_recheck_correct_when_availability_unconfirmed,recheck_primary_offer_availability,revalidation_required,availability_or_access_uncertain_masked,not_action_grade,true,false,true,false,sufficient_for_outcome_adjudication,True,not_observed,masked_review_state_observed_at_materialization_boundary,availability_or_access_uncertain_masked_supports_revalidation_required_request_revalidation,none,none,6b36fa0689d73a14ab8d942e,source_subject_hash:6b36fa0689d73a14ab8d942e|action_code:recheck_primary_offer_availability|review_lane:availability_recheck|review_priority:high|raw_values_removed:true,operator_visual_verdict:not_action_grade|gpt_visual_review_status:completed|official_guard_status:none|official_guard_reason:none|identity_match:true|price_match:false|seller_comparable:true|availability_confirmed:false
latentatlas_action_time_p0_review_freeze_v1,review-backfill-5ce7b4f86f6c105a05fe2ea8,real-shadow-event-579146f472550bd610b1777a,56,P0,reviewer01_hsyn,2026-07-13T09:44:18+03:00,false_block,high,cluster_reviewed_applied,all_visual_flags_true_revalidation_signal_false_block,recheck_primary_offer_availability,revalidation_required,availability_or_access_uncertain_masked,unknown_availability,true,true,true,true,sufficient_for_outcome_adjudication,True,not_observed,masked_review_state_observed_at_materialization_boundary,visible_contradiction_requires_human_adjudication:revalidation_signal_conflicts_with_all_visual_flags_true,none,revalidation_signal_conflicts_with_all_visual_flags_true,617ce044e39c73c6734a805b,source_subject_hash:617ce044e39c73c6734a805b|action_code:recheck_primary_offer_availability|review_lane:availability_recheck|review_priority:high|raw_values_removed:true,operator_visual_verdict:unknown_availability|gpt_visual_review_status:completed|official_guard_status:none|official_guard_reason:none|identity_match:true|price_match:true|seller_comparable:true|availability_confirmed:true
latentatlas_action_time_p0_review_freeze_v1,review-backfill-0a7f33cb956ca16f51d9070f,real-shadow-event-5c0ec092a49798eb7ae2cbc5,57,P0,reviewer01_hsyn,2026-07-13T09:44:18+03:00,needs_more_evidence,high,cluster_reviewed_applied,availability_confirmation_required_before_outcome_judgment,manual_review_before_materialization,revalidation_required,availability_or_access_uncertain_masked,unknown_availability,true,true,true,false,sufficient_for_outcome_adjudication,True,latest_pdp_review_pool_snapshot_present,masked_review_state_observed_at_materialization_boundary,availability_or_access_uncertain_masked_supports_revalidation_required_request_revalidation,none,none,5bd77843909a4b5fed4f0de4,source_subject_hash:5bd77843909a4b5fed4f0de4|action_code:manual_review_before_materialization|review_lane:zip10001_shipping_retake|review_priority:high|raw_values_removed:true,operator_visual_verdict:unknown_availability|gpt_visual_review_status:completed|official_guard_status:none|official_guard_reason:none|identity_match:true|price_match:true|seller_comparable:true|availability_confirmed:false
latentatlas_action_time_p0_review_freeze_v1,review-backfill-6fc687ea15173b20e76ec1b1,real-shadow-event-5c25886a5cddd1d8d088040a,58,P0,reviewer01_hsyn,2026-07-13T09:44:18+03:00,correct_block,high,cluster_reviewed_applied,confirmed_unavailable_supports_availability_recheck,recheck_primary_offer_availability,revalidation_required,availability_or_access_uncertain_masked,confirmed_unavailable,true,true,true,false,sufficient_for_outcome_adjudication,True,not_observed,masked_review_state_observed_at_materialization_boundary,availability_or_access_uncertain_masked_supports_revalidation_required_request_revalidation,none,none,08de152464536ccb95ea4661,source_subject_hash:08de152464536ccb95ea4661|action_code:recheck_primary_offer_availability|review_lane:availability_recheck|review_priority:high|raw_values_removed:true,operator_visual_verdict:confirmed_unavailable|gpt_visual_review_status:completed|official_guard_status:none|official_guard_reason:none|identity_match:true|price_match:true|seller_comparable:true|availability_confirmed:false
latentatlas_action_time_p0_review_freeze_v1,review-backfill-d5a4210df17a2d89e6c22233,real-shadow-event-5c31228ad7869953a5ad33db,59,P0,reviewer01_hsyn,2026-07-13T09:44:18+03:00,correct_block,high,cluster_reviewed_applied,manual_review_correct_when_latest_pdp_flags_not_action_grade,manual_review_before_materialization,revalidation_required,not_action_grade_masked,not_action_grade,true,false,true,false,sufficient_for_outcome_adjudication,True,latest_pdp_review_pool_snapshot_present,masked_review_state_observed_at_materialization_boundary,not_action_grade_masked_supports_revalidation_required_request_revalidation,none,none,d857f1d2be23e0e3298aa566,source_subject_hash:d857f1d2be23e0e3298aa566|action_code:manual_review_before_materialization|review_lane:zip10001_shipping_retake|review_priority:high|raw_values_removed:true,operator_visual_verdict:not_action_grade|gpt_visual_review_status:completed|official_guard_status:none|official_guard_reason:none|identity_match:true|price_match:false|seller_comparable:true|availability_confirmed:false
latentatlas_action_time_p0_review_freeze_v1,review-backfill-981c9d069a2cb842de0012e6,real-shadow-event-61265c8e0b66a126b8ce9fcb,60,P0,reviewer01_hsyn,2026-07-13T09:44:18+03:00,false_block,medium,cluster_reviewed_applied,latest_pdp_record_should_supersede_stale_record_price_change_not_block_evidence,manual_review_before_materialization,revalidation_required,not_action_grade_masked,not_action_grade,true,false,true,true,sufficient_for_outcome_adjudication,True,latest_pdp_review_pool_snapshot_present,masked_review_state_observed_at_materialization_boundary,not_action_grade_masked_supports_revalidation_required_request_revalidation,none,none,8ac96e3f72a5df56843e93e7,source_subject_hash:8ac96e3f72a5df56843e93e7|action_code:manual_review_before_materialization|review_lane:zip10001_shipping_retake|review_priority:high|raw_values_removed:true,operator_visual_verdict:not_action_grade|gpt_visual_review_status:completed|official_guard_status:none|official_guard_reason:none|identity_match:true|price_match:false|seller_comparable:true|availability_confirmed:true
latentatlas_action_time_p0_review_freeze_v1,review-backfill-f6281c9c16341bcd35b16510,real-shadow-event-612964b674719499015e0bcb,61,P0,reviewer01_hsyn,2026-07-13T02:48:32+03:00,correct_block,high,cluster_reviewed_applied,masked_availability_uncertain_supports_revalidation,recheck_primary_offer_availability,revalidation_required,availability_or_access_uncertain_masked,unknown_availability,true,true,true,false,sufficient_for_outcome_adjudication,True,not_observed,masked_review_state_observed_at_materialization_boundary,availability_or_access_uncertain_masked_supports_revalidation_required_request_revalidation,none,none,69892f58b64a9f231035c310,source_subject_hash:69892f58b64a9f231035c310|action_code:recheck_primary_offer_availability|review_lane:availability_recheck|review_priority:high|raw_values_removed:true,operator_visual_verdict:unknown_availability|gpt_visual_review_status:completed|official_guard_status:none|official_guard_reason:none|identity_match:true|price_match:true|seller_comparable:true|availability_confirmed:false
latentatlas_action_time_p0_review_freeze_v1,review-backfill-ed9b6b2890a080a0e705311c,real-shadow-event-633b8d87edd263e3d4abb9a1,62,P0,reviewer01_hsyn,2026-07-13T03:26:46+03:00,correct_block,high,cluster_reviewed_applied,availability_uncertain_not_action_grade_supports_revalidation,recheck_primary_offer_availability,revalidation_required,availability_or_access_uncertain_masked,not_action_grade,true,true,true,false,sufficient_for_outcome_adjudication,True,not_observed,masked_review_state_observed_at_materialization_boundary,availability_or_access_uncertain_masked_supports_revalidation_required_request_revalidation,none,none,35a3cff16f659341c716a202,source_subject_hash:35a3cff16f659341c716a202|action_code:recheck_primary_offer_availability|review_lane:availability_recheck|review_priority:high|raw_values_removed:true,operator_visual_verdict:not_action_grade|gpt_visual_review_status:completed|official_guard_status:none|official_guard_reason:none|identity_match:true|price_match:true|seller_comparable:true|availability_confirmed:false
latentatlas_action_time_p0_review_freeze_v1,review-backfill-d62e5d93dd272247a452d788,real-shadow-event-64038c97fdac908e928e31e3,63,P0,reviewer01_hsyn,2026-07-13T03:26:46+03:00,correct_block,high,cluster_reviewed_applied,availability_uncertain_not_action_grade_supports_revalidation,recheck_primary_offer_availability,revalidation_required,availability_or_access_uncertain_masked,not_action_grade,true,true,true,false,sufficient_for_outcome_adjudication,True,not_observed,masked_review_state_observed_at_materialization_boundary,availability_or_access_uncertain_masked_supports_revalidation_required_request_revalidation,none,none,94915a3b2595638e6c6c78c8,source_subject_hash:94915a3b2595638e6c6c78c8|action_code:recheck_primary_offer_availability|review_lane:availability_recheck|review_priority:high|raw_values_removed:true,operator_visual_verdict:not_action_grade|gpt_visual_review_status:completed|official_guard_status:none|official_guard_reason:none|identity_match:true|price_match:true|seller_comparable:true|availability_confirmed:false
latentatlas_action_time_p0_review_freeze_v1,review-backfill-a8e6464dcd7258b9768845fa,real-shadow-event-640c230c9324b0a147380543,64,P0,reviewer01_hsyn,2026-07-13T09:44:18+03:00,correct_block,medium,cluster_reviewed_applied,latest_pdp_snapshot_supports_manual_review_when_availability_unconfirmed,manual_review_before_materialization,revalidation_required,not_action_grade_masked,not_action_grade,true,true,true,false,sufficient_for_outcome_adjudication,True,latest_pdp_review_pool_snapshot_present,masked_review_state_observed_at_materialization_boundary,not_action_grade_masked_supports_revalidation_required_request_revalidation,none,none,2ab9a8ba1bd400c45dfa3369,source_subject_hash:2ab9a8ba1bd400c45dfa3369|action_code:manual_review_before_materialization|review_lane:zip10001_shipping_retake|review_priority:high|raw_values_removed:true,operator_visual_verdict:not_action_grade|gpt_visual_review_status:completed|official_guard_status:none|official_guard_reason:none|identity_match:true|price_match:true|seller_comparable:true|availability_confirmed:false
latentatlas_action_time_p0_review_freeze_v1,review-backfill-4c04a85ba66314f79b08cf57,real-shadow-event-65a1295d520dc78be2f1fa8c,66,P0,reviewer01_hsyn,2026-07-13T02:48:32+03:00,correct_block,high,cluster_reviewed_applied,masked_availability_uncertain_supports_revalidation,recheck_primary_offer_availability,revalidation_required,availability_or_access_uncertain_masked,unknown_availability,true,true,true,false,sufficient_for_outcome_adjudication,True,not_observed,masked_review_state_observed_at_materialization_boundary,availability_or_access_uncertain_masked_supports_revalidation_required_request_revalidation,none,none,8a946ec1c2ac49799fd2d7e2,source_subject_hash:8a946ec1c2ac49799fd2d7e2|action_code:recheck_primary_offer_availability|review_lane:availability_recheck|review_priority:high|raw_values_removed:true,operator_visual_verdict:unknown_availability|gpt_visual_review_status:completed|official_guard_status:none|official_guard_reason:none|identity_match:true|price_match:true|seller_comparable:true|availability_confirmed:false
latentatlas_action_time_p0_review_freeze_v1,review-backfill-4f68ca1db1e8a1ddf3aa7416,real-shadow-event-69e8c4c8a38330a0bc58e82f,67,P0,reviewer01_hsyn,2026-07-13T09:44:18+03:00,correct_block,medium,cluster_reviewed_applied,latest_pdp_snapshot_supports_manual_review_when_availability_unconfirmed,manual_review_before_materialization,revalidation_required,not_action_grade_masked,not_action_grade,true,true,true,false,sufficient_for_outcome_adjudication,True,latest_pdp_review_pool_snapshot_present,masked_review_state_observed_at_materialization_boundary,not_action_grade_masked_supports_revalidation_required_request_revalidation,none,none,c5e36869c6984b1827aca347,source_subject_hash:c5e36869c6984b1827aca347|action_code:manual_review_before_materialization|review_lane:zip10001_shipping_retake|review_priority:high|raw_values_removed:true,operator_visual_verdict:not_action_grade|gpt_visual_review_status:completed|official_guard_status:none|official_guard_reason:none|identity_match:true|price_match:true|seller_comparable:true|availability_confirmed:false
latentatlas_action_time_p0_review_freeze_v1,review-backfill-134d5d5743f45f28f2c551e8,real-shadow-event-6a786a886d2a8e7f0635cb1f,68,P0,reviewer01_hsyn,2026-07-13T09:44:18+03:00,needs_more_evidence,high,cluster_reviewed_applied,blocked_pdp_evidence_insufficient_for_outcome_judgment,manual_review_before_materialization,revalidation_required,availability_or_access_uncertain_masked,blocked_pdp,true,false,true,false,sufficient_for_outcome_adjudication,True,latest_pdp_review_pool_snapshot_present,masked_review_state_observed_at_materialization_boundary,availability_or_access_uncertain_masked_supports_revalidation_required_request_revalidation,none,none,56b97c1463a6aabc5abc83c4,source_subject_hash:56b97c1463a6aabc5abc83c4|action_code:manual_review_before_materialization|review_lane:zip10001_shipping_retake|review_priority:high|raw_values_removed:true,operator_visual_verdict:blocked_pdp|gpt_visual_review_status:completed|official_guard_status:none|official_guard_reason:none|identity_match:true|price_match:false|seller_comparable:true|availability_confirmed:false
latentatlas_action_time_p0_review_freeze_v1,review-backfill-0d6f1d7d3304ac294059cc52,real-shadow-event-6add7f47af24070d3cdc509a,69,P0,reviewer01_hsyn,2026-07-13T09:44:18+03:00,false_block,medium,cluster_reviewed_applied,latest_pdp_record_should_supersede_stale_record_price_change_not_block_evidence,manual_review_before_materialization,revalidation_required,not_action_grade_masked,not_action_grade,true,false,true,true,sufficient_for_outcome_adjudication,True,latest_pdp_review_pool_snapshot_present,masked_review_state_observed_at_materialization_boundary,not_action_grade_masked_supports_revalidation_required_request_revalidation,none,none,bda0330bbf4d0daa8d733b07,source_subject_hash:bda0330bbf4d0daa8d733b07|action_code:manual_review_before_materialization|review_lane:zip10001_shipping_retake|review_priority:high|raw_values_removed:true,operator_visual_verdict:not_action_grade|gpt_visual_review_status:completed|official_guard_status:none|official_guard_reason:none|identity_match:true|price_match:false|seller_comparable:true|availability_confirmed:true
latentatlas_action_time_p0_review_freeze_v1,review-backfill-cdf90377d24f2ca9b394fbe7,real-shadow-event-6ca54f280ee6b1e771509b3a,70,P0,reviewer01_hsyn,2026-07-13T02:48:32+03:00,correct_block,high,cluster_reviewed_applied,masked_availability_uncertain_supports_revalidation,recheck_primary_offer_availability,revalidation_required,availability_or_access_uncertain_masked,unknown_availability,true,true,true,false,sufficient_for_outcome_adjudication,True,not_observed,masked_review_state_observed_at_materialization_boundary,availability_or_access_uncertain_masked_supports_revalidation_required_request_revalidation,none,none,fac33b247455756be00520e5,source_subject_hash:fac33b247455756be00520e5|action_code:recheck_primary_offer_availability|review_lane:availability_recheck|review_priority:high|raw_values_removed:true,operator_visual_verdict:unknown_availability|gpt_visual_review_status:completed|official_guard_status:none|official_guard_reason:none|identity_match:true|price_match:true|seller_comparable:true|availability_confirmed:false
latentatlas_action_time_p0_review_freeze_v1,review-backfill-1e1644821de63726ec5059d7,real-shadow-event-6d308cfe008366fe290ca69b,71,P0,reviewer01_hsyn,2026-07-13T02:48:32+03:00,correct_block,high,cluster_reviewed_applied,masked_availability_uncertain_supports_revalidation,recheck_primary_offer_availability,revalidation_required,availability_or_access_uncertain_masked,unknown_availability,true,true,true,false,sufficient_for_outcome_adjudication,True,not_observed,masked_review_state_observed_at_materialization_boundary,availability_or_access_uncertain_masked_supports_revalidation_required_request_revalidation,none,none,d925b047ee9baef3f9d28f25,source_subject_hash:d925b047ee9baef3f9d28f25|action_code:recheck_primary_offer_availability|review_lane:availability_recheck|review_priority:high|raw_values_removed:true,operator_visual_verdict:unknown_availability|gpt_visual_review_status:completed|official_guard_status:none|official_guard_reason:none|identity_match:true|price_match:true|seller_comparable:true|availability_confirmed:false
latentatlas_action_time_p0_review_freeze_v1,review-backfill-732e933f2711bc0eea0757d0,real-shadow-event-6f7ea9f561ec04e98c1d3715,72,P0,reviewer01_hsyn,2026-07-13T09:44:18+03:00,false_block,high,cluster_reviewed_applied,all_visual_flags_true_revalidation_signal_false_block,recheck_primary_offer_availability,revalidation_required,availability_or_access_uncertain_masked,unknown_availability,true,true,true,true,sufficient_for_outcome_adjudication,True,not_observed,masked_review_state_observed_at_materialization_boundary,visible_contradiction_requires_human_adjudication:revalidation_signal_conflicts_with_all_visual_flags_true,none,revalidation_signal_conflicts_with_all_visual_flags_true,daf846f2f79c0619cfa00039,source_subject_hash:daf846f2f79c0619cfa00039|action_code:recheck_primary_offer_availability|review_lane:availability_recheck|review_priority:high|raw_values_removed:true,operator_visual_verdict:unknown_availability|gpt_visual_review_status:completed|official_guard_status:none|official_guard_reason:none|identity_match:true|price_match:true|seller_comparable:true|availability_confirmed:true
latentatlas_action_time_p0_review_freeze_v1,review-backfill-ff7653fb8428c46b0e846d2b,real-shadow-event-6f9ef50ee453aaefd4548499,73,P0,reviewer01_hsyn,2026-07-13T03:26:46+03:00,correct_block,high,cluster_reviewed_applied,availability_uncertain_not_action_grade_supports_revalidation,recheck_primary_offer_availability,revalidation_required,availability_or_access_uncertain_masked,not_action_grade,true,true,true,false,sufficient_for_outcome_adjudication,True,not_observed,masked_review_state_observed_at_materialization_boundary,availability_or_access_uncertain_masked_supports_revalidation_required_request_revalidation,none,none,5aa07ca98753aa0c4045b572,source_subject_hash:5aa07ca98753aa0c4045b572|action_code:recheck_primary_offer_availability|review_lane:availability_recheck|review_priority:high|raw_values_removed:true,operator_visual_verdict:not_action_grade|gpt_visual_review_status:completed|official_guard_status:none|official_guard_reason:none|identity_match:true|price_match:true|seller_comparable:true|availability_confirmed:false
latentatlas_action_time_p0_review_freeze_v1,review-backfill-386b9fafd91f8b8f1a6d8f56,real-shadow-event-77f0e1357eddae354d787e1e,74,P0,reviewer01_hsyn,2026-07-13T02:48:32+03:00,correct_block,high,cluster_reviewed_applied,masked_availability_uncertain_supports_revalidation,recheck_primary_offer_availability,revalidation_required,availability_or_access_uncertain_masked,unknown_availability,true,true,true,false,sufficient_for_outcome_adjudication,True,not_observed,masked_review_state_observed_at_materialization_boundary,availability_or_access_uncertain_masked_supports_revalidation_required_request_revalidation,none,none,5150383e22731017d7100f85,source_subject_hash:5150383e22731017d7100f85|action_code:recheck_primary_offer_availability|review_lane:availability_recheck|review_priority:high|raw_values_removed:true,operator_visual_verdict:unknown_availability|gpt_visual_review_status:completed|official_guard_status:none|official_guard_reason:none|identity_match:true|price_match:true|seller_comparable:true|availability_confirmed:false
latentatlas_action_time_p0_review_freeze_v1,review-backfill-1d1d5cdf3d4bca4e44aa4e91,real-shadow-event-7ac6887b6366945fd7c86436,75,P0,reviewer01_hsyn,2026-07-13T04:18:14+03:00,correct_block,high,cluster_reviewed_applied,masked_availability_uncertain_supports_revalidation,recheck_primary_offer_availability,revalidation_required,availability_or_access_uncertain_masked,unknown_availability,true,false,true,false,sufficient_for_outcome_adjudication,True,not_observed,masked_review_state_observed_at_materialization_boundary,availability_or_access_uncertain_masked_supports_revalidation_required_request_revalidation,none,none,8a37bd40ddacb33404859d77,source_subject_hash:8a37bd40ddacb33404859d77|action_code:recheck_primary_offer_availability|review_lane:availability_recheck|review_priority:high|raw_values_removed:true,operator_visual_verdict:unknown_availability|gpt_visual_review_status:completed|official_guard_status:none|official_guard_reason:none|identity_match:true|price_match:false|seller_comparable:true|availability_confirmed:false
latentatlas_action_time_p0_review_freeze_v1,review-backfill-52ca9b2a8514f88e6e94bb9d,real-shadow-event-7c9d014f16c5ad8b86810616,76,P0,reviewer01_hsyn,2026-07-13T09:44:18+03:00,needs_more_evidence,high,cluster_reviewed_applied,fresh_pdp_required_before_outcome_judgment,recheck_primary_offer_availability,revalidation_required,availability_or_access_uncertain_masked,unknown_availability,true,false,true,true,sufficient_for_outcome_adjudication,True,not_observed,masked_review_state_observed_at_materialization_boundary,availability_or_access_uncertain_masked_supports_revalidation_required_request_revalidation,none,none,60ba95bd15f728c1f9616364,source_subject_hash:60ba95bd15f728c1f9616364|action_code:recheck_primary_offer_availability|review_lane:availability_recheck|review_priority:high|raw_values_removed:true,operator_visual_verdict:unknown_availability|gpt_visual_review_status:completed|official_guard_status:none|official_guard_reason:none|identity_match:true|price_match:false|seller_comparable:true|availability_confirmed:true
latentatlas_action_time_p0_review_freeze_v1,review-backfill-d880decb0e59d6ad454cbc7b,real-shadow-event-7d806d50f1afeac6bac838af,77,P0,reviewer01_hsyn,2026-07-13T09:44:18+03:00,correct_block,high,cluster_reviewed_applied,availability_recheck_correct_when_availability_unconfirmed,recheck_primary_offer_availability,revalidation_required,availability_or_access_uncertain_masked,not_action_grade,true,false,true,false,sufficient_for_outcome_adjudication,True,not_observed,masked_review_state_observed_at_materialization_boundary,availability_or_access_uncertain_masked_supports_revalidation_required_request_revalidation,none,none,a0c0f7735e28806bc3d31b73,source_subject_hash:a0c0f7735e28806bc3d31b73|action_code:recheck_primary_offer_availability|review_lane:availability_recheck|review_priority:high|raw_values_removed:true,operator_visual_verdict:not_action_grade|gpt_visual_review_status:completed|official_guard_status:none|official_guard_reason:none|identity_match:true|price_match:false|seller_comparable:true|availability_confirmed:false
latentatlas_action_time_p0_review_freeze_v1,review-backfill-8a1a34b6ba11a4b045e0759a,real-shadow-event-7e5b69d894098fc70b88f741,78,P0,reviewer01_hsyn,2026-07-13T09:44:18+03:00,correct_block,high,cluster_reviewed_applied,availability_recheck_correct_when_availability_unconfirmed,recheck_primary_offer_availability,revalidation_required,availability_or_access_uncertain_masked,not_action_grade,true,false,true,false,sufficient_for_outcome_adjudication,True,not_observed,masked_review_state_observed_at_materialization_boundary,availability_or_access_uncertain_masked_supports_revalidation_required_request_revalidation,none,none,0cdbdf3d15cd05b32071e57d,source_subject_hash:0cdbdf3d15cd05b32071e57d|action_code:recheck_primary_offer_availability|review_lane:availability_recheck|review_priority:high|raw_values_removed:true,operator_visual_verdict:not_action_grade|gpt_visual_review_status:completed|official_guard_status:none|official_guard_reason:none|identity_match:true|price_match:false|seller_comparable:true|availability_confirmed:false
latentatlas_action_time_p0_review_freeze_v1,review-backfill-3184a1767b6cb61152e2f0ad,real-shadow-event-7f32beb89201fad5a2228c8f,79,P0,reviewer01_hsyn,2026-07-13T02:48:32+03:00,correct_block,high,cluster_reviewed_applied,masked_availability_uncertain_supports_revalidation,recheck_primary_offer_availability,revalidation_required,availability_or_access_uncertain_masked,unknown_availability,true,true,true,false,sufficient_for_outcome_adjudication,True,not_observed,masked_review_state_observed_at_materialization_boundary,availability_or_access_uncertain_masked_supports_revalidation_required_request_revalidation,none,none,0fbd41e3badf44d42f26bbab,source_subject_hash:0fbd41e3badf44d42f26bbab|action_code:recheck_primary_offer_availability|review_lane:availability_recheck|review_priority:high|raw_values_removed:true,operator_visual_verdict:unknown_availability|gpt_visual_review_status:completed|official_guard_status:none|official_guard_reason:none|identity_match:true|price_match:true|seller_comparable:true|availability_confirmed:false
latentatlas_action_time_p0_review_freeze_v1,review-backfill-d971e491d596c5c24220f5ca,real-shadow-event-80332d4da9ebbc9871f9ee15,80,P0,reviewer01_hsyn,2026-07-13T09:44:18+03:00,needs_more_evidence,high,cluster_reviewed_applied,fresh_pdp_required_before_outcome_judgment,manual_review_before_materialization,revalidation_required,availability_or_access_uncertain_masked,unknown_availability,true,false,true,false,sufficient_for_outcome_adjudication,True,latest_pdp_review_pool_snapshot_present,masked_review_state_observed_at_materialization_boundary,availability_or_access_uncertain_masked_supports_revalidation_required_request_revalidation,none,none,b427979c211f428f92678005,source_subject_hash:b427979c211f428f92678005|action_code:manual_review_before_materialization|review_lane:zip10001_shipping_retake|review_priority:high|raw_values_removed:true,operator_visual_verdict:unknown_availability|gpt_visual_review_status:completed|official_guard_status:none|official_guard_reason:none|identity_match:true|price_match:false|seller_comparable:true|availability_confirmed:false
latentatlas_action_time_p0_review_freeze_v1,review-backfill-f4cb66378741d45cccb56809,real-shadow-event-82b193ea5b12141c83b22070,81,P0,reviewer01_hsyn,2026-07-13T03:26:46+03:00,correct_block,high,cluster_reviewed_applied,availability_uncertain_not_action_grade_supports_revalidation,recheck_primary_offer_availability,revalidation_required,availability_or_access_uncertain_masked,not_action_grade,true,true,true,false,sufficient_for_outcome_adjudication,True,not_observed,masked_review_state_observed_at_materialization_boundary,availability_or_access_uncertain_masked_supports_revalidation_required_request_revalidation,none,none,b988db8b1c1c2fafb874c278,source_subject_hash:b988db8b1c1c2fafb874c278|action_code:recheck_primary_offer_availability|review_lane:availability_recheck|review_priority:high|raw_values_removed:true,operator_visual_verdict:not_action_grade|gpt_visual_review_status:completed|official_guard_status:none|official_guard_reason:none|identity_match:true|price_match:true|seller_comparable:true|availability_confirmed:false
latentatlas_action_time_p0_review_freeze_v1,review-backfill-afc27a2e376147df6936ce15,real-shadow-event-84dc63fd95ee38983b496d81,82,P0,reviewer01_hsyn,2026-07-13T09:44:18+03:00,false_block,high,cluster_reviewed_applied,all_visual_flags_true_revalidation_signal_false_block,recheck_primary_offer_availability,revalidation_required,availability_or_access_uncertain_masked,unknown_availability,true,true,true,true,sufficient_for_outcome_adjudication,True,not_observed,masked_review_state_observed_at_materialization_boundary,visible_contradiction_requires_human_adjudication:revalidation_signal_conflicts_with_all_visual_flags_true,none,revalidation_signal_conflicts_with_all_visual_flags_true,bd9db9949492d71ea1c39f63,source_subject_hash:bd9db9949492d71ea1c39f63|action_code:recheck_primary_offer_availability|review_lane:availability_recheck|review_priority:high|raw_values_removed:true,operator_visual_verdict:unknown_availability|gpt_visual_review_status:completed|official_guard_status:none|official_guard_reason:none|identity_match:true|price_match:true|seller_comparable:true|availability_confirmed:true
latentatlas_action_time_p0_review_freeze_v1,review-backfill-8d6f15c442ac2c20cf050d4b,real-shadow-event-887f0597a02e32f66daccca7,83,P0,reviewer01_hsyn,2026-07-13T09:44:18+03:00,correct_block,high,cluster_reviewed_applied,availability_recheck_correct_when_availability_unconfirmed,recheck_primary_offer_availability,revalidation_required,availability_or_access_uncertain_masked,not_action_grade,true,false,true,false,sufficient_for_outcome_adjudication,True,not_observed,masked_review_state_observed_at_materialization_boundary,availability_or_access_uncertain_masked_supports_revalidation_required_request_revalidation,none,none,4881a6e2807f1a01b8ade04d,source_subject_hash:4881a6e2807f1a01b8ade04d|action_code:recheck_primary_offer_availability|review_lane:availability_recheck|review_priority:high|raw_values_removed:true,operator_visual_verdict:not_action_grade|gpt_visual_review_status:completed|official_guard_status:none|official_guard_reason:none|identity_match:true|price_match:false|seller_comparable:true|availability_confirmed:false
latentatlas_action_time_p0_review_freeze_v1,review-backfill-b250e4344c3b854d17962b29,real-shadow-event-892d6e1d4373466f58f2c2c2,84,P0,reviewer01_hsyn,2026-07-13T09:44:18+03:00,correct_block,medium,cluster_reviewed_applied,latest_pdp_snapshot_supports_manual_review_when_availability_unconfirmed,manual_review_before_materialization,revalidation_required,not_action_grade_masked,not_action_grade,true,true,true,false,sufficient_for_outcome_adjudication,True,latest_pdp_review_pool_snapshot_present,masked_review_state_observed_at_materialization_boundary,not_action_grade_masked_supports_revalidation_required_request_revalidation,none,none,a64c2a99abe6ee233d68250a,source_subject_hash:a64c2a99abe6ee233d68250a|action_code:manual_review_before_materialization|review_lane:zip10001_shipping_retake|review_priority:high|raw_values_removed:true,operator_visual_verdict:not_action_grade|gpt_visual_review_status:completed|official_guard_status:none|official_guard_reason:none|identity_match:true|price_match:true|seller_comparable:true|availability_confirmed:false
latentatlas_action_time_p0_review_freeze_v1,review-backfill-d83fb9e31dc690ee15fbc91b,real-shadow-event-8a01bf6b9094a64bf7e3ce09,85,P0,reviewer01_hsyn,2026-07-13T02:48:32+03:00,correct_block,high,cluster_reviewed_applied,masked_availability_uncertain_supports_revalidation,recheck_primary_offer_availability,revalidation_required,availability_or_access_uncertain_masked,unknown_availability,true,true,true,false,sufficient_for_outcome_adjudication,True,not_observed,masked_review_state_observed_at_materialization_boundary,availability_or_access_uncertain_masked_supports_revalidation_required_request_revalidation,none,none,460ca697fc7f8fd501d900cd,source_subject_hash:460ca697fc7f8fd501d900cd|action_code:recheck_primary_offer_availability|review_lane:availability_recheck|review_priority:high|raw_values_removed:true,operator_visual_verdict:unknown_availability|gpt_visual_review_status:completed|official_guard_status:none|official_guard_reason:none|identity_match:true|price_match:true|seller_comparable:true|availability_confirmed:false
latentatlas_action_time_p0_review_freeze_v1,review-backfill-082241e46e00396b1be4146e,real-shadow-event-8afc5ece3298cd983d7a45ee,86,P0,reviewer01_hsyn,2026-07-13T09:44:18+03:00,correct_block,high,cluster_reviewed_applied,availability_recheck_correct_when_availability_unconfirmed,recheck_primary_offer_availability,revalidation_required,availability_or_access_uncertain_masked,not_action_grade,true,false,true,false,sufficient_for_outcome_adjudication,True,not_observed,masked_review_state_observed_at_materialization_boundary,availability_or_access_uncertain_masked_supports_revalidation_required_request_revalidation,none,none,96690786036329d0109f17f5,source_subject_hash:96690786036329d0109f17f5|action_code:recheck_primary_offer_availability|review_lane:availability_recheck|review_priority:high|raw_values_removed:true,operator_visual_verdict:not_action_grade|gpt_visual_review_status:completed|official_guard_status:none|official_guard_reason:none|identity_match:true|price_match:false|seller_comparable:true|availability_confirmed:false
latentatlas_action_time_p0_review_freeze_v1,review-backfill-72adee62875bc6cec8bb09ad,real-shadow-event-8b7ad07e903f804cb4d979a1,87,P0,reviewer01_hsyn,2026-07-13T02:48:32+03:00,correct_block,high,cluster_reviewed_applied,masked_availability_uncertain_supports_revalidation,recheck_primary_offer_availability,revalidation_required,availability_or_access_uncertain_masked,unknown_availability,true,true,true,false,sufficient_for_outcome_adjudication,True,not_observed,masked_review_state_observed_at_materialization_boundary,availability_or_access_uncertain_masked_supports_revalidation_required_request_revalidation,none,none,f4ced0fc2baa1d097bec1b99,source_subject_hash:f4ced0fc2baa1d097bec1b99|action_code:recheck_primary_offer_availability|review_lane:availability_recheck|review_priority:high|raw_values_removed:true,operator_visual_verdict:unknown_availability|gpt_visual_review_status:completed|official_guard_status:none|official_guard_reason:none|identity_match:true|price_match:true|seller_comparable:true|availability_confirmed:false
latentatlas_action_time_p0_review_freeze_v1,review-backfill-13a46bf4d90592bc42347b41,real-shadow-event-8c25807f74852499fb41d7d8,88,P0,reviewer01_hsyn,2026-07-13T09:44:18+03:00,correct_block,medium,cluster_reviewed_applied,latest_pdp_snapshot_supports_manual_review_when_availability_unconfirmed,manual_review_before_materialization,revalidation_required,not_action_grade_masked,not_action_grade,true,true,true,false,sufficient_for_outcome_adjudication,True,latest_pdp_review_pool_snapshot_present,masked_review_state_observed_at_materialization_boundary,not_action_grade_masked_supports_revalidation_required_request_revalidation,none,none,1e46568dd1bb9da42ccab830,source_subject_hash:1e46568dd1bb9da42ccab830|action_code:manual_review_before_materialization|review_lane:zip10001_shipping_retake|review_priority:high|raw_values_removed:true,operator_visual_verdict:not_action_grade|gpt_visual_review_status:completed|official_guard_status:none|official_guard_reason:none|identity_match:true|price_match:true|seller_comparable:true|availability_confirmed:false
latentatlas_action_time_p0_review_freeze_v1,review-backfill-14ff1622834669156357da40,real-shadow-event-921db58ecce917fab45c0549,89,P0,reviewer01_hsyn,2026-07-13T09:44:18+03:00,needs_more_evidence,high,cluster_reviewed_applied,fresh_pdp_required_before_outcome_judgment,recheck_primary_offer_availability,revalidation_required,availability_or_access_uncertain_masked,unknown_availability,true,false,true,true,sufficient_for_outcome_adjudication,True,not_observed,masked_review_state_observed_at_materialization_boundary,availability_or_access_uncertain_masked_supports_revalidation_required_request_revalidation,none,none,4aeb17ab0bf5af9b60e7c37f,source_subject_hash:4aeb17ab0bf5af9b60e7c37f|action_code:recheck_primary_offer_availability|review_lane:availability_recheck|review_priority:high|raw_values_removed:true,operator_visual_verdict:unknown_availability|gpt_visual_review_status:completed|official_guard_status:none|official_guard_reason:none|identity_match:true|price_match:false|seller_comparable:true|availability_confirmed:true
latentatlas_action_time_p0_review_freeze_v1,review-backfill-fe1f3f5d9b1fada4409e3a5f,real-shadow-event-9233543990fd3c884ef5aa5f,90,P0,reviewer01_hsyn,2026-07-13T09:44:18+03:00,false_block,high,cluster_reviewed_applied,all_visual_flags_true_revalidation_signal_false_block,recheck_primary_offer_availability,revalidation_required,availability_or_access_uncertain_masked,unknown_availability,true,true,true,true,sufficient_for_outcome_adjudication,True,not_observed,masked_review_state_observed_at_materialization_boundary,visible_contradiction_requires_human_adjudication:revalidation_signal_conflicts_with_all_visual_flags_true,none,revalidation_signal_conflicts_with_all_visual_flags_true,6d952dc2f76929d4f8bf49cf,source_subject_hash:6d952dc2f76929d4f8bf49cf|action_code:recheck_primary_offer_availability|review_lane:availability_recheck|review_priority:high|raw_values_removed:true,operator_visual_verdict:unknown_availability|gpt_visual_review_status:completed|official_guard_status:none|official_guard_reason:none|identity_match:true|price_match:true|seller_comparable:true|availability_confirmed:true
latentatlas_action_time_p0_review_freeze_v1,review-backfill-aaeace9135c447052c5eed19,real-shadow-event-927af53c5afbd57e2c3bdf40,91,P0,reviewer01_hsyn,2026-07-13T09:44:18+03:00,correct_block,high,cluster_reviewed_applied,availability_recheck_correct_when_availability_unconfirmed,recheck_primary_offer_availability,revalidation_required,availability_or_access_uncertain_masked,not_action_grade,true,false,true,false,sufficient_for_outcome_adjudication,True,not_observed,masked_review_state_observed_at_materialization_boundary,availability_or_access_uncertain_masked_supports_revalidation_required_request_revalidation,none,none,d22ecfc4dcd62246065f817f,source_subject_hash:d22ecfc4dcd62246065f817f|action_code:recheck_primary_offer_availability|review_lane:availability_recheck|review_priority:high|raw_values_removed:true,operator_visual_verdict:not_action_grade|gpt_visual_review_status:completed|official_guard_status:none|official_guard_reason:none|identity_match:true|price_match:false|seller_comparable:true|availability_confirmed:false
latentatlas_action_time_p0_review_freeze_v1,review-backfill-591e5b005376951d56afd360,real-shadow-event-93bb6e1c325b4794564de8cf,92,P0,reviewer01_hsyn,2026-07-13T09:44:18+03:00,correct_block,high,cluster_reviewed_applied,availability_recheck_correct_when_availability_unconfirmed,recheck_primary_offer_availability,revalidation_required,availability_or_access_uncertain_masked,not_action_grade,true,false,true,false,sufficient_for_outcome_adjudication,True,not_observed,masked_review_state_observed_at_materialization_boundary,availability_or_access_uncertain_masked_supports_revalidation_required_request_revalidation,none,none,cfdc5ddcfe37987bb8586079,source_subject_hash:cfdc5ddcfe37987bb8586079|action_code:recheck_primary_offer_availability|review_lane:availability_recheck|review_priority:high|raw_values_removed:true,operator_visual_verdict:not_action_grade|gpt_visual_review_status:completed|official_guard_status:none|official_guard_reason:none|identity_match:true|price_match:false|seller_comparable:true|availability_confirmed:false
latentatlas_action_time_p0_review_freeze_v1,review-backfill-4cbc90599082f13f99ad388d,real-shadow-event-94e321271edd6dd3612ed48e,93,P0,reviewer01_hsyn,2026-07-13T09:44:18+03:00,correct_block,high,cluster_reviewed_applied,availability_recheck_correct_when_availability_unconfirmed,recheck_primary_offer_availability,revalidation_required,availability_or_access_uncertain_masked,not_action_grade,true,false,true,false,sufficient_for_outcome_adjudication,True,not_observed,masked_review_state_observed_at_materialization_boundary,availability_or_access_uncertain_masked_supports_revalidation_required_request_revalidation,none,none,e65511501ed07bf8957278a5,source_subject_hash:e65511501ed07bf8957278a5|action_code:recheck_primary_offer_availability|review_lane:availability_recheck|review_priority:high|raw_values_removed:true,operator_visual_verdict:not_action_grade|gpt_visual_review_status:completed|official_guard_status:none|official_guard_reason:none|identity_match:true|price_match:false|seller_comparable:true|availability_confirmed:false
latentatlas_action_time_p0_review_freeze_v1,review-backfill-df4b02c680ed02501abbab1c,real-shadow-event-9a9c84fd7886ab86f85e6adf,94,P0,reviewer01_hsyn,2026-07-13T09:44:18+03:00,needs_more_evidence,high,cluster_reviewed_applied,fresh_pdp_required_before_outcome_judgment,recheck_primary_offer_availability,revalidation_required,availability_or_access_uncertain_masked,unknown_availability,true,false,true,true,sufficient_for_outcome_adjudication,True,not_observed,masked_review_state_observed_at_materialization_boundary,availability_or_access_uncertain_masked_supports_revalidation_required_request_revalidation,none,none,17d8eccc3989f6090df3a716,source_subject_hash:17d8eccc3989f6090df3a716|action_code:recheck_primary_offer_availability|review_lane:availability_recheck|review_priority:high|raw_values_removed:true,operator_visual_verdict:unknown_availability|gpt_visual_review_status:completed|official_guard_status:none|official_guard_reason:none|identity_match:true|price_match:false|seller_comparable:true|availability_confirmed:true
latentatlas_action_time_p0_review_freeze_v1,review-backfill-a19fca2d86ae9315bde44e8d,real-shadow-event-9d479628d632ee4f2f893c43,95,P0,reviewer01_hsyn,2026-07-13T09:44:18+03:00,correct_block,high,cluster_reviewed_applied,availability_recheck_correct_when_availability_unconfirmed,recheck_primary_offer_availability,revalidation_required,availability_or_access_uncertain_masked,not_action_grade,true,false,true,false,sufficient_for_outcome_adjudication,True,not_observed,masked_review_state_observed_at_materialization_boundary,availability_or_access_uncertain_masked_supports_revalidation_required_request_revalidation,none,none,88da45f91546b7b9a93ddeea,source_subject_hash:88da45f91546b7b9a93ddeea|action_code:recheck_primary_offer_availability|review_lane:availability_recheck|review_priority:high|raw_values_removed:true,operator_visual_verdict:not_action_grade|gpt_visual_review_status:completed|official_guard_status:none|official_guard_reason:none|identity_match:true|price_match:false|seller_comparable:true|availability_confirmed:false
latentatlas_action_time_p0_review_freeze_v1,review-backfill-c7a4692bb4c3b5c2b52d2f1e,real-shadow-event-9f378c5f82aea50f08812036,96,P0,reviewer01_hsyn,2026-07-13T09:44:18+03:00,correct_block,high,cluster_reviewed_applied,manual_review_correct_when_latest_pdp_flags_not_action_grade,manual_review_before_materialization,revalidation_required,not_action_grade_masked,not_action_grade,true,false,true,false,sufficient_for_outcome_adjudication,True,latest_pdp_review_pool_snapshot_present,masked_review_state_observed_at_materialization_boundary,not_action_grade_masked_supports_revalidation_required_request_revalidation,none,none,cd4e020fe63e86ad2f1e80f6,source_subject_hash:cd4e020fe63e86ad2f1e80f6|action_code:manual_review_before_materialization|review_lane:zip10001_shipping_retake|review_priority:high|raw_values_removed:true,operator_visual_verdict:not_action_grade|gpt_visual_review_status:completed|official_guard_status:none|official_guard_reason:none|identity_match:true|price_match:false|seller_comparable:true|availability_confirmed:false
latentatlas_action_time_p0_review_freeze_v1,review-backfill-e4a0c2987bf5519999c0a836,real-shadow-event-9ffb5b1b35b92c31ce56bd1c,97,P0,reviewer01_hsyn,2026-07-13T02:48:32+03:00,correct_block,high,cluster_reviewed_applied,masked_availability_uncertain_supports_revalidation,recheck_primary_offer_availability,revalidation_required,availability_or_access_uncertain_masked,unknown_availability,true,true,true,false,sufficient_for_outcome_adjudication,True,not_observed,masked_review_state_observed_at_materialization_boundary,availability_or_access_uncertain_masked_supports_revalidation_required_request_revalidation,none,none,ed60133c663b6b314e4914d2,source_subject_hash:ed60133c663b6b314e4914d2|action_code:recheck_primary_offer_availability|review_lane:availability_recheck|review_priority:high|raw_values_removed:true,operator_visual_verdict:unknown_availability|gpt_visual_review_status:completed|official_guard_status:none|official_guard_reason:none|identity_match:true|price_match:true|seller_comparable:true|availability_confirmed:false
latentatlas_action_time_p0_review_freeze_v1,review-backfill-f4f97e927b232be7c38aff25,real-shadow-event-a056b253ff43cc3c6762d69b,98,P0,reviewer01_hsyn,2026-07-13T09:44:18+03:00,needs_more_evidence,high,cluster_reviewed_applied,fresh_pdp_required_before_outcome_judgment,recheck_primary_offer_availability,revalidation_required,availability_or_access_uncertain_masked,unknown_availability,true,false,true,true,sufficient_for_outcome_adjudication,True,not_observed,masked_review_state_observed_at_materialization_boundary,availability_or_access_uncertain_masked_supports_revalidation_required_request_revalidation,none,none,494e7e2a1c62cc9ca7715ff6,source_subject_hash:494e7e2a1c62cc9ca7715ff6|action_code:recheck_primary_offer_availability|review_lane:availability_recheck|review_priority:high|raw_values_removed:true,operator_visual_verdict:unknown_availability|gpt_visual_review_status:completed|official_guard_status:none|official_guard_reason:none|identity_match:true|price_match:false|seller_comparable:true|availability_confirmed:true
latentatlas_action_time_p0_review_freeze_v1,review-backfill-4fece2f97ad87cecb265cb5d,real-shadow-event-a0ed1bbde601d45946cd358d,99,P0,reviewer01_hsyn,2026-07-13T04:18:14+03:00,correct_block,high,cluster_reviewed_applied,masked_availability_uncertain_supports_revalidation,recheck_primary_offer_availability,revalidation_required,availability_or_access_uncertain_masked,unknown_availability,true,false,true,false,sufficient_for_outcome_adjudication,True,not_observed,masked_review_state_observed_at_materialization_boundary,availability_or_access_uncertain_masked_supports_revalidation_required_request_revalidation,none,none,b3e260a3def563ec514264db,source_subject_hash:b3e260a3def563ec514264db|action_code:recheck_primary_offer_availability|review_lane:availability_recheck|review_priority:high|raw_values_removed:true,operator_visual_verdict:unknown_availability|gpt_visual_review_status:completed|official_guard_status:none|official_guard_reason:none|identity_match:true|price_match:false|seller_comparable:true|availability_confirmed:false
latentatlas_action_time_p0_review_freeze_v1,review-backfill-acd97ccae6da42fd6eeae304,real-shadow-event-a1c385b53424a436fceaac62,100,P0,reviewer01_hsyn,2026-07-13T04:18:14+03:00,correct_block,high,cluster_reviewed_applied,masked_availability_uncertain_supports_revalidation,recheck_primary_offer_availability,revalidation_required,availability_or_access_uncertain_masked,unknown_availability,true,false,true,false,sufficient_for_outcome_adjudication,True,not_observed,masked_review_state_observed_at_materialization_boundary,availability_or_access_uncertain_masked_supports_revalidation_required_request_revalidation,none,none,81b645a264163982624faac8,source_subject_hash:81b645a264163982624faac8|action_code:recheck_primary_offer_availability|review_lane:availability_recheck|review_priority:high|raw_values_removed:true,operator_visual_verdict:unknown_availability|gpt_visual_review_status:completed|official_guard_status:none|official_guard_reason:none|identity_match:true|price_match:false|seller_comparable:true|availability_confirmed:false
latentatlas_action_time_p0_review_freeze_v1,review-backfill-92606313aed9671db31ea599,real-shadow-event-a2023ac5d69f45aa80bca149,101,P0,reviewer01_hsyn,2026-07-13T09:44:18+03:00,false_block,medium,cluster_reviewed_applied,latest_pdp_record_should_supersede_stale_record_price_change_not_block_evidence,manual_review_before_materialization,revalidation_required,not_action_grade_masked,not_action_grade,true,false,true,true,sufficient_for_outcome_adjudication,True,latest_pdp_review_pool_snapshot_present,masked_review_state_observed_at_materialization_boundary,not_action_grade_masked_supports_revalidation_required_request_revalidation,none,none,f6ecca2d24383ba62c048316,source_subject_hash:f6ecca2d24383ba62c048316|action_code:manual_review_before_materialization|review_lane:zip10001_shipping_retake|review_priority:high|raw_values_removed:true,operator_visual_verdict:not_action_grade|gpt_visual_review_status:completed|official_guard_status:none|official_guard_reason:none|identity_match:true|price_match:false|seller_comparable:true|availability_confirmed:true
latentatlas_action_time_p0_review_freeze_v1,review-backfill-8c1b02026662af614bc14c7a,real-shadow-event-a3f367b5c910906a0d8cfb8f,102,P0,reviewer01_hsyn,2026-07-13T09:44:18+03:00,correct_block,high,cluster_reviewed_applied,manual_review_correct_when_latest_pdp_flags_not_action_grade,manual_review_before_materialization,revalidation_required,not_action_grade_masked,not_action_grade,true,false,true,false,sufficient_for_outcome_adjudication,True,latest_pdp_review_pool_snapshot_present,masked_review_state_observed_at_materialization_boundary,not_action_grade_masked_supports_revalidation_required_request_revalidation,none,none,15c1e29aff299602896d22a7,source_subject_hash:15c1e29aff299602896d22a7|action_code:manual_review_before_materialization|review_lane:zip10001_shipping_retake|review_priority:high|raw_values_removed:true,operator_visual_verdict:not_action_grade|gpt_visual_review_status:completed|official_guard_status:none|official_guard_reason:none|identity_match:true|price_match:false|seller_comparable:true|availability_confirmed:false
latentatlas_action_time_p0_review_freeze_v1,review-backfill-ef2ab2f5becc51ebb1e41499,real-shadow-event-a963f1dea68a6625bb5b44c8,103,P0,reviewer01_hsyn,2026-07-13T09:44:18+03:00,false_block,high,cluster_reviewed_applied,all_visual_flags_true_revalidation_signal_false_block,manual_review_before_materialization,revalidation_required,availability_or_access_uncertain_masked,unknown_availability,true,true,true,true,sufficient_for_outcome_adjudication,True,latest_pdp_review_pool_snapshot_present,masked_review_state_observed_at_materialization_boundary,visible_contradiction_requires_human_adjudication:revalidation_signal_conflicts_with_all_visual_flags_true,none,revalidation_signal_conflicts_with_all_visual_flags_true,7bf5622b60752fe05983259a,source_subject_hash:7bf5622b60752fe05983259a|action_code:manual_review_before_materialization|review_lane:zip10001_shipping_retake|review_priority:high|raw_values_removed:true,operator_visual_verdict:unknown_availability|gpt_visual_review_status:completed|official_guard_status:none|official_guard_reason:none|identity_match:true|price_match:true|seller_comparable:true|availability_confirmed:true
latentatlas_action_time_p0_review_freeze_v1,review-backfill-59356c18067708552e3fabef,real-shadow-event-aa5d2d907e45ac1a1ea9029e,104,P0,reviewer01_hsyn,2026-07-13T03:26:46+03:00,correct_block,high,cluster_reviewed_applied,availability_uncertain_not_action_grade_supports_revalidation,recheck_primary_offer_availability,revalidation_required,availability_or_access_uncertain_masked,not_action_grade,true,true,true,false,sufficient_for_outcome_adjudication,True,not_observed,masked_review_state_observed_at_materialization_boundary,availability_or_access_uncertain_masked_supports_revalidation_required_request_revalidation,none,none,c5780d14a6c1a64f88bb3cc7,source_subject_hash:c5780d14a6c1a64f88bb3cc7|action_code:recheck_primary_offer_availability|review_lane:availability_recheck|review_priority:high|raw_values_removed:true,operator_visual_verdict:not_action_grade|gpt_visual_review_status:completed|official_guard_status:none|official_guard_reason:none|identity_match:true|price_match:true|seller_comparable:true|availability_confirmed:false
latentatlas_action_time_p0_review_freeze_v1,review-backfill-26359a6d0c06b7be11385155,real-shadow-event-af0e74b6ccd717414920b35c,105,P0,reviewer01_hsyn,2026-07-13T02:48:32+03:00,correct_block,high,cluster_reviewed_applied,masked_availability_uncertain_supports_revalidation,recheck_primary_offer_availability,revalidation_required,availability_or_access_uncertain_masked,unknown_availability,true,true,true,false,sufficient_for_outcome_adjudication,True,not_observed,masked_review_state_observed_at_materialization_boundary,availability_or_access_uncertain_masked_supports_revalidation_required_request_revalidation,none,none,e7464f0587d73ed243610746,source_subject_hash:e7464f0587d73ed243610746|action_code:recheck_primary_offer_availability|review_lane:availability_recheck|review_priority:high|raw_values_removed:true,operator_visual_verdict:unknown_availability|gpt_visual_review_status:completed|official_guard_status:none|official_guard_reason:none|identity_match:true|price_match:true|seller_comparable:true|availability_confirmed:false
latentatlas_action_time_p0_review_freeze_v1,review-backfill-ac2cf42b0cf05a3bcf887dd2,real-shadow-event-afc1587a542613f674f7676a,106,P0,reviewer01_hsyn,2026-07-13T04:18:14+03:00,correct_block,high,cluster_reviewed_applied,masked_availability_uncertain_supports_revalidation,recheck_primary_offer_availability,revalidation_required,availability_or_access_uncertain_masked,unknown_availability,true,false,true,false,sufficient_for_outcome_adjudication,True,not_observed,masked_review_state_observed_at_materialization_boundary,availability_or_access_uncertain_masked_supports_revalidation_required_request_revalidation,none,none,2375433145a5950ff389cd56,source_subject_hash:2375433145a5950ff389cd56|action_code:recheck_primary_offer_availability|review_lane:availability_recheck|review_priority:high|raw_values_removed:true,operator_visual_verdict:unknown_availability|gpt_visual_review_status:completed|official_guard_status:none|official_guard_reason:none|identity_match:true|price_match:false|seller_comparable:true|availability_confirmed:false
latentatlas_action_time_p0_review_freeze_v1,review-backfill-ba14636f9ec61a6c9767b4d3,real-shadow-event-b383e029019fb82cf2cd852e,107,P0,reviewer01_hsyn,2026-07-13T09:44:18+03:00,needs_more_evidence,high,cluster_reviewed_applied,blocked_pdp_evidence_insufficient_for_outcome_judgment,manual_review_before_materialization,revalidation_required,availability_or_access_uncertain_masked,blocked_pdp,true,false,true,false,sufficient_for_outcome_adjudication,True,latest_pdp_review_pool_snapshot_present,masked_review_state_observed_at_materialization_boundary,availability_or_access_uncertain_masked_supports_revalidation_required_request_revalidation,none,none,e66ba33a8b9d869c6063b64c,source_subject_hash:e66ba33a8b9d869c6063b64c|action_code:manual_review_before_materialization|review_lane:zip10001_shipping_retake|review_priority:high|raw_values_removed:true,operator_visual_verdict:blocked_pdp|gpt_visual_review_status:completed|official_guard_status:none|official_guard_reason:none|identity_match:true|price_match:false|seller_comparable:true|availability_confirmed:false
latentatlas_action_time_p0_review_freeze_v1,review-backfill-521116e59fc49c6a0909aa16,real-shadow-event-b850e78ce8722a5896097d65,108,P0,reviewer01_hsyn,2026-07-13T09:44:18+03:00,needs_more_evidence,high,cluster_reviewed_applied,process_context_missing_price_change_ambiguity,manual_review_before_materialization,revalidation_required,availability_or_access_uncertain_masked,unknown_availability,true,false,true,true,sufficient_for_outcome_adjudication,True,latest_pdp_review_pool_snapshot_present,masked_review_state_observed_at_materialization_boundary,availability_or_access_uncertain_masked_supports_revalidation_required_request_revalidation,none,none,6cb79ccdd28033beb674abae,source_subject_hash:6cb79ccdd28033beb674abae|action_code:manual_review_before_materialization|review_lane:zip10001_shipping_retake|review_priority:high|raw_values_removed:true,operator_visual_verdict:unknown_availability|gpt_visual_review_status:completed|official_guard_status:none|official_guard_reason:none|identity_match:true|price_match:false|seller_comparable:true|availability_confirmed:true
latentatlas_action_time_p0_review_freeze_v1,review-backfill-b1341f9f6be1d4bffa3c406e,real-shadow-event-b8b59201a0d9234e5aa26868,109,P0,reviewer01_hsyn,2026-07-13T09:44:18+03:00,correct_block,medium,cluster_reviewed_applied,latest_pdp_snapshot_supports_manual_review_when_availability_unconfirmed,manual_review_before_materialization,revalidation_required,not_action_grade_masked,not_action_grade,true,true,true,false,sufficient_for_outcome_adjudication,True,latest_pdp_review_pool_snapshot_present,masked_review_state_observed_at_materialization_boundary,not_action_grade_masked_supports_revalidation_required_request_revalidation,none,none,17bdf3343646329192d64d7e,source_subject_hash:17bdf3343646329192d64d7e|action_code:manual_review_before_materialization|review_lane:zip10001_shipping_retake|review_priority:high|raw_values_removed:true,operator_visual_verdict:not_action_grade|gpt_visual_review_status:completed|official_guard_status:none|official_guard_reason:none|identity_match:true|price_match:true|seller_comparable:true|availability_confirmed:false
latentatlas_action_time_p0_review_freeze_v1,review-backfill-06acb5675cbd8d5e26de17b9,real-shadow-event-bc369880ec47b0afc6f26701,110,P0,reviewer01_hsyn,2026-07-13T09:44:18+03:00,needs_more_evidence,high,cluster_reviewed_applied,blocked_pdp_fresh_pdp_required_before_outcome_judgment,recheck_primary_offer_availability,revalidation_required,availability_or_access_uncertain_masked,blocked_pdp,true,false,true,false,sufficient_for_outcome_adjudication,True,not_observed,masked_review_state_observed_at_materialization_boundary,availability_or_access_uncertain_masked_supports_revalidation_required_request_revalidation,none,none,d504233507e64016850f1020,source_subject_hash:d504233507e64016850f1020|action_code:recheck_primary_offer_availability|review_lane:availability_recheck|review_priority:high|raw_values_removed:true,operator_visual_verdict:blocked_pdp|gpt_visual_review_status:completed|official_guard_status:none|official_guard_reason:none|identity_match:true|price_match:false|seller_comparable:true|availability_confirmed:false
latentatlas_action_time_p0_review_freeze_v1,review-backfill-864591aa51aa9069110538aa,real-shadow-event-bc76e5e8d2a51ffec80a4cad,111,P0,reviewer01_hsyn,2026-07-13T02:48:32+03:00,correct_block,high,cluster_reviewed_applied,masked_availability_uncertain_supports_revalidation,recheck_primary_offer_availability,revalidation_required,availability_or_access_uncertain_masked,unknown_availability,true,true,true,false,sufficient_for_outcome_adjudication,True,not_observed,masked_review_state_observed_at_materialization_boundary,availability_or_access_uncertain_masked_supports_revalidation_required_request_revalidation,none,none,9e284ea3a360b240b999e77f,source_subject_hash:9e284ea3a360b240b999e77f|action_code:recheck_primary_offer_availability|review_lane:availability_recheck|review_priority:high|raw_values_removed:true,operator_visual_verdict:unknown_availability|gpt_visual_review_status:completed|official_guard_status:none|official_guard_reason:none|identity_match:true|price_match:true|seller_comparable:true|availability_confirmed:false
latentatlas_action_time_p0_review_freeze_v1,review-backfill-44a4380f7465583de3fa94df,real-shadow-event-c0c3837079f8e6a28e7e080f,112,P0,reviewer01_hsyn,2026-07-13T09:44:18+03:00,correct_block,medium,cluster_reviewed_applied,latest_pdp_snapshot_supports_manual_review_when_availability_unconfirmed,manual_review_before_materialization,revalidation_required,not_action_grade_masked,not_action_grade,true,true,true,false,sufficient_for_outcome_adjudication,True,latest_pdp_review_pool_snapshot_present,masked_review_state_observed_at_materialization_boundary,not_action_grade_masked_supports_revalidation_required_request_revalidation,none,none,2862966e101915e0e82e1b6c,source_subject_hash:2862966e101915e0e82e1b6c|action_code:manual_review_before_materialization|review_lane:zip10001_shipping_retake|review_priority:high|raw_values_removed:true,operator_visual_verdict:not_action_grade|gpt_visual_review_status:completed|official_guard_status:none|official_guard_reason:none|identity_match:true|price_match:true|seller_comparable:true|availability_confirmed:false
latentatlas_action_time_p0_review_freeze_v1,review-backfill-5c726fe8e2fb0e89e8468851,real-shadow-event-c0db34fd699720bcd8ac8594,113,P0,reviewer01_hsyn,2026-07-13T03:26:46+03:00,correct_block,high,cluster_reviewed_applied,availability_uncertain_not_action_grade_supports_revalidation,recheck_primary_offer_availability,revalidation_required,availability_or_access_uncertain_masked,not_action_grade,true,true,true,false,sufficient_for_outcome_adjudication,True,not_observed,masked_review_state_observed_at_materialization_boundary,availability_or_access_uncertain_masked_supports_revalidation_required_request_revalidation,none,none,d51726852c3d82dfe3393856,source_subject_hash:d51726852c3d82dfe3393856|action_code:recheck_primary_offer_availability|review_lane:availability_recheck|review_priority:high|raw_values_removed:true,operator_visual_verdict:not_action_grade|gpt_visual_review_status:completed|official_guard_status:none|official_guard_reason:none|identity_match:true|price_match:true|seller_comparable:true|availability_confirmed:false
latentatlas_action_time_p0_review_freeze_v1,review-backfill-9329d687451791da8bdf76e9,real-shadow-event-c37f45ee603df968c4447de7,114,P0,reviewer01_hsyn,2026-07-13T09:44:18+03:00,false_block,medium,cluster_reviewed_applied,latest_pdp_record_should_supersede_stale_record_price_change_not_block_evidence,manual_review_before_materialization,revalidation_required,not_action_grade_masked,not_action_grade,true,false,true,true,sufficient_for_outcome_adjudication,True,latest_pdp_review_pool_snapshot_present,masked_review_state_observed_at_materialization_boundary,not_action_grade_masked_supports_revalidation_required_request_revalidation,none,none,858a2191fe0de09512e04981,source_subject_hash:858a2191fe0de09512e04981|action_code:manual_review_before_materialization|review_lane:zip10001_shipping_retake|review_priority:high|raw_values_removed:true,operator_visual_verdict:not_action_grade|gpt_visual_review_status:completed|official_guard_status:none|official_guard_reason:none|identity_match:true|price_match:false|seller_comparable:true|availability_confirmed:true
latentatlas_action_time_p0_review_freeze_v1,review-backfill-d912c8dd8b5c8328df4d63f6,real-shadow-event-c3af2aadda7056efb0c78ef6,115,P0,reviewer01_hsyn,2026-07-13T03:26:46+03:00,correct_block,high,cluster_reviewed_applied,availability_uncertain_not_action_grade_supports_revalidation,recheck_primary_offer_availability,revalidation_required,availability_or_access_uncertain_masked,not_action_grade,true,true,true,false,sufficient_for_outcome_adjudication,True,not_observed,masked_review_state_observed_at_materialization_boundary,availability_or_access_uncertain_masked_supports_revalidation_required_request_revalidation,none,none,62275742a11b34428b93ba06,source_subject_hash:62275742a11b34428b93ba06|action_code:recheck_primary_offer_availability|review_lane:availability_recheck|review_priority:high|raw_values_removed:true,operator_visual_verdict:not_action_grade|gpt_visual_review_status:completed|official_guard_status:none|official_guard_reason:none|identity_match:true|price_match:true|seller_comparable:true|availability_confirmed:false
latentatlas_action_time_p0_review_freeze_v1,review-backfill-672be81eca9281010f810215,real-shadow-event-c49d67237652dfe346c5c7b9,116,P0,reviewer01_hsyn,2026-07-13T09:44:18+03:00,needs_more_evidence,high,cluster_reviewed_applied,fresh_pdp_required_before_outcome_judgment,recheck_primary_offer_availability,revalidation_required,availability_or_access_uncertain_masked,unknown_availability,true,false,true,true,sufficient_for_outcome_adjudication,True,not_observed,masked_review_state_observed_at_materialization_boundary,availability_or_access_uncertain_masked_supports_revalidation_required_request_revalidation,none,none,d039cbb7e9d8746b37ee442b,source_subject_hash:d039cbb7e9d8746b37ee442b|action_code:recheck_primary_offer_availability|review_lane:availability_recheck|review_priority:high|raw_values_removed:true,operator_visual_verdict:unknown_availability|gpt_visual_review_status:completed|official_guard_status:none|official_guard_reason:none|identity_match:true|price_match:false|seller_comparable:true|availability_confirmed:true
latentatlas_action_time_p0_review_freeze_v1,review-backfill-3ca985e2d8fd16afcd8e103e,real-shadow-event-c4bc30635666c6d6070e5326,117,P0,reviewer01_hsyn,2026-07-13T09:44:18+03:00,needs_more_evidence,high,cluster_reviewed_applied,fresh_pdp_required_before_outcome_judgment,manual_review_before_materialization,revalidation_required,availability_or_access_uncertain_masked,unknown_availability,true,false,true,false,sufficient_for_outcome_adjudication,True,latest_pdp_review_pool_snapshot_present,masked_review_state_observed_at_materialization_boundary,availability_or_access_uncertain_masked_supports_revalidation_required_request_revalidation,none,none,22811123717d03c231097d19,source_subject_hash:22811123717d03c231097d19|action_code:manual_review_before_materialization|review_lane:zip10001_shipping_retake|review_priority:high|raw_values_removed:true,operator_visual_verdict:unknown_availability|gpt_visual_review_status:completed|official_guard_status:none|official_guard_reason:none|identity_match:true|price_match:false|seller_comparable:true|availability_confirmed:false
latentatlas_action_time_p0_review_freeze_v1,review-backfill-5fd5ed1937c32e35ce0fe3bd,real-shadow-event-c5464045252464819eb0fcff,118,P0,reviewer01_hsyn,2026-07-13T02:48:32+03:00,correct_block,high,cluster_reviewed_applied,masked_availability_uncertain_supports_revalidation,recheck_primary_offer_availability,revalidation_required,availability_or_access_uncertain_masked,unknown_availability,true,true,true,false,sufficient_for_outcome_adjudication,True,not_observed,masked_review_state_observed_at_materialization_boundary,availability_or_access_uncertain_masked_supports_revalidation_required_request_revalidation,none,none,6bcaf14e62fd6052a0b77046,source_subject_hash:6bcaf14e62fd6052a0b77046|action_code:recheck_primary_offer_availability|review_lane:availability_recheck|review_priority:high|raw_values_removed:true,operator_visual_verdict:unknown_availability|gpt_visual_review_status:completed|official_guard_status:none|official_guard_reason:none|identity_match:true|price_match:true|seller_comparable:true|availability_confirmed:false
latentatlas_action_time_p0_review_freeze_v1,review-backfill-1f02f7ba4e91af133efcfe5b,real-shadow-event-c7844e1e1f8f6355f3c06808,119,P0,reviewer01_hsyn,2026-07-13T09:44:18+03:00,correct_block,medium,cluster_reviewed_applied,latest_pdp_snapshot_supports_manual_review_when_availability_unconfirmed,manual_review_before_materialization,revalidation_required,not_action_grade_masked,not_action_grade,true,true,true,false,sufficient_for_outcome_adjudication,True,latest_pdp_review_pool_snapshot_present,masked_review_state_observed_at_materialization_boundary,not_action_grade_masked_supports_revalidation_required_request_revalidation,none,none,de1a708d888621322603377d,source_subject_hash:de1a708d888621322603377d|action_code:manual_review_before_materialization|review_lane:zip10001_shipping_retake|review_priority:high|raw_values_removed:true,operator_visual_verdict:not_action_grade|gpt_visual_review_status:completed|official_guard_status:none|official_guard_reason:none|identity_match:true|price_match:true|seller_comparable:true|availability_confirmed:false
latentatlas_action_time_p0_review_freeze_v1,review-backfill-4f8d0aac67b5ed70789a208a,real-shadow-event-c9ee9d51be887f14a029283b,120,P0,reviewer01_hsyn,2026-07-13T03:26:46+03:00,correct_block,high,cluster_reviewed_applied,availability_uncertain_not_action_grade_supports_revalidation,recheck_primary_offer_availability,revalidation_required,availability_or_access_uncertain_masked,not_action_grade,true,true,true,false,sufficient_for_outcome_adjudication,True,not_observed,masked_review_state_observed_at_materialization_boundary,availability_or_access_uncertain_masked_supports_revalidation_required_request_revalidation,none,none,70ef8fd02d968cb9c7ee3bb3,source_subject_hash:70ef8fd02d968cb9c7ee3bb3|action_code:recheck_primary_offer_availability|review_lane:availability_recheck|review_priority:high|raw_values_removed:true,operator_visual_verdict:not_action_grade|gpt_visual_review_status:completed|official_guard_status:none|official_guard_reason:none|identity_match:true|price_match:true|seller_comparable:true|availability_confirmed:false
latentatlas_action_time_p0_review_freeze_v1,review-backfill-4ee539b4b274c0135b979197,real-shadow-event-cff35e50737a7075716e8a11,121,P0,reviewer01_hsyn,2026-07-13T04:18:14+03:00,correct_block,high,cluster_reviewed_applied,masked_availability_uncertain_supports_revalidation,recheck_primary_offer_availability,revalidation_required,availability_or_access_uncertain_masked,unknown_availability,true,false,true,false,sufficient_for_outcome_adjudication,True,not_observed,masked_review_state_observed_at_materialization_boundary,availability_or_access_uncertain_masked_supports_revalidation_required_request_revalidation,none,none,ebdbfd09bafa5a4e5d87a11d,source_subject_hash:ebdbfd09bafa5a4e5d87a11d|action_code:recheck_primary_offer_availability|review_lane:availability_recheck|review_priority:high|raw_values_removed:true,operator_visual_verdict:unknown_availability|gpt_visual_review_status:completed|official_guard_status:none|official_guard_reason:none|identity_match:true|price_match:false|seller_comparable:true|availability_confirmed:false
latentatlas_action_time_p0_review_freeze_v1,review-backfill-f81e0e2ab07ae2ec1e3ac32c,real-shadow-event-d2196b8e5806131fcbbddac0,122,P0,reviewer01_hsyn,2026-07-13T09:44:18+03:00,false_block,medium,cluster_reviewed_applied,latest_pdp_record_should_supersede_stale_record_price_change_not_block_evidence,manual_review_before_materialization,revalidation_required,not_action_grade_masked,not_action_grade,true,false,true,true,sufficient_for_outcome_adjudication,True,latest_pdp_review_pool_snapshot_present,masked_review_state_observed_at_materialization_boundary,not_action_grade_masked_supports_revalidation_required_request_revalidation,none,none,52c47bffaff67ab390a96ed6,source_subject_hash:52c47bffaff67ab390a96ed6|action_code:manual_review_before_materialization|review_lane:zip10001_shipping_retake|review_priority:high|raw_values_removed:true,operator_visual_verdict:not_action_grade|gpt_visual_review_status:completed|official_guard_status:none|official_guard_reason:none|identity_match:true|price_match:false|seller_comparable:true|availability_confirmed:true
latentatlas_action_time_p0_review_freeze_v1,review-backfill-10797690c2745da82949fdf6,real-shadow-event-d2d4d763d886332bb3dac134,123,P0,reviewer01_hsyn,2026-07-13T04:18:14+03:00,correct_block,high,cluster_reviewed_applied,masked_availability_uncertain_supports_revalidation,recheck_primary_offer_availability,revalidation_required,availability_or_access_uncertain_masked,unknown_availability,true,false,true,false,sufficient_for_outcome_adjudication,True,not_observed,masked_review_state_observed_at_materialization_boundary,availability_or_access_uncertain_masked_supports_revalidation_required_request_revalidation,none,none,c2ca5713dc36ed78ff36ea25,source_subject_hash:c2ca5713dc36ed78ff36ea25|action_code:recheck_primary_offer_availability|review_lane:availability_recheck|review_priority:high|raw_values_removed:true,operator_visual_verdict:unknown_availability|gpt_visual_review_status:completed|official_guard_status:none|official_guard_reason:none|identity_match:true|price_match:false|seller_comparable:true|availability_confirmed:false
latentatlas_action_time_p0_review_freeze_v1,review-backfill-aee6c81d076d4b0d6a3449c6,real-shadow-event-d3231d61efd10f2bd9ca2178,124,P0,reviewer01_hsyn,2026-07-13T02:48:32+03:00,correct_block,high,cluster_reviewed_applied,masked_availability_uncertain_supports_revalidation,recheck_primary_offer_availability,revalidation_required,availability_or_access_uncertain_masked,unknown_availability,true,true,true,false,sufficient_for_outcome_adjudication,True,not_observed,masked_review_state_observed_at_materialization_boundary,availability_or_access_uncertain_masked_supports_revalidation_required_request_revalidation,none,none,fe3666f56ba7f441d6d2455b,source_subject_hash:fe3666f56ba7f441d6d2455b|action_code:recheck_primary_offer_availability|review_lane:availability_recheck|review_priority:high|raw_values_removed:true,operator_visual_verdict:unknown_availability|gpt_visual_review_status:completed|official_guard_status:none|official_guard_reason:none|identity_match:true|price_match:true|seller_comparable:true|availability_confirmed:false
latentatlas_action_time_p0_review_freeze_v1,review-backfill-8811ba8ea1cee144a38c69fb,real-shadow-event-d414fafaca4f6e69e44dc18d,125,P0,reviewer01_hsyn,2026-07-13T02:48:32+03:00,correct_block,high,cluster_reviewed_applied,masked_availability_uncertain_supports_revalidation,recheck_primary_offer_availability,revalidation_required,availability_or_access_uncertain_masked,unknown_availability,true,true,true,false,sufficient_for_outcome_adjudication,True,not_observed,masked_review_state_observed_at_materialization_boundary,availability_or_access_uncertain_masked_supports_revalidation_required_request_revalidation,none,none,dd52ee58bd0cc1efe5b6a0c7,source_subject_hash:dd52ee58bd0cc1efe5b6a0c7|action_code:recheck_primary_offer_availability|review_lane:availability_recheck|review_priority:high|raw_values_removed:true,operator_visual_verdict:unknown_availability|gpt_visual_review_status:completed|official_guard_status:none|official_guard_reason:none|identity_match:true|price_match:true|seller_comparable:true|availability_confirmed:false
latentatlas_action_time_p0_review_freeze_v1,review-backfill-41bfe56b9b1aa03b35a1482c,real-shadow-event-d53d78cd157ebcae1bedb2af,126,P0,reviewer01_hsyn,2026-07-13T09:44:18+03:00,needs_more_evidence,high,cluster_reviewed_applied,process_context_missing_price_change_ambiguity,manual_review_before_materialization,revalidation_required,availability_or_access_uncertain_masked,unknown_availability,true,false,true,true,sufficient_for_outcome_adjudication,True,latest_pdp_review_pool_snapshot_present,masked_review_state_observed_at_materialization_boundary,availability_or_access_uncertain_masked_supports_revalidation_required_request_revalidation,none,none,4309c7030a6874f47d273c28,source_subject_hash:4309c7030a6874f47d273c28|action_code:manual_review_before_materialization|review_lane:zip10001_shipping_retake|review_priority:high|raw_values_removed:true,operator_visual_verdict:unknown_availability|gpt_visual_review_status:completed|official_guard_status:none|official_guard_reason:none|identity_match:true|price_match:false|seller_comparable:true|availability_confirmed:true
latentatlas_action_time_p0_review_freeze_v1,review-backfill-d04b14c7f41a953f2e91a15c,real-shadow-event-d544817ece95ebbf9304cb09,127,P0,reviewer01_hsyn,2026-07-13T02:48:32+03:00,correct_block,high,cluster_reviewed_applied,masked_availability_uncertain_supports_revalidation,recheck_primary_offer_availability,revalidation_required,availability_or_access_uncertain_masked,unknown_availability,true,true,true,false,sufficient_for_outcome_adjudication,True,not_observed,masked_review_state_observed_at_materialization_boundary,availability_or_access_uncertain_masked_supports_revalidation_required_request_revalidation,none,none,bcbc927ae2418c7ac75237dc,source_subject_hash:bcbc927ae2418c7ac75237dc|action_code:recheck_primary_offer_availability|review_lane:availability_recheck|review_priority:high|raw_values_removed:true,operator_visual_verdict:unknown_availability|gpt_visual_review_status:completed|official_guard_status:none|official_guard_reason:none|identity_match:true|price_match:true|seller_comparable:true|availability_confirmed:false
latentatlas_action_time_p0_review_freeze_v1,review-backfill-1ab04d95aaba726cb1621ae4,real-shadow-event-d5b27c8a986cfd2ef158d90c,128,P0,reviewer01_hsyn,2026-07-13T09:44:18+03:00,needs_more_evidence,high,cluster_reviewed_applied,fresh_pdp_required_before_outcome_judgment,recheck_primary_offer_availability,revalidation_required,availability_or_access_uncertain_masked,unknown_availability,true,false,true,true,sufficient_for_outcome_adjudication,True,not_observed,masked_review_state_observed_at_materialization_boundary,availability_or_access_uncertain_masked_supports_revalidation_required_request_revalidation,none,none,bde02138a1208e74c8f0a3de,source_subject_hash:bde02138a1208e74c8f0a3de|action_code:recheck_primary_offer_availability|review_lane:availability_recheck|review_priority:high|raw_values_removed:true,operator_visual_verdict:unknown_availability|gpt_visual_review_status:completed|official_guard_status:none|official_guard_reason:none|identity_match:true|price_match:false|seller_comparable:true|availability_confirmed:true
latentatlas_action_time_p0_review_freeze_v1,review-backfill-908dea8f316dd06281659494,real-shadow-event-d673ff75f8ca4a419c5bedb2,129,P0,reviewer01_hsyn,2026-07-13T09:44:18+03:00,false_block,medium,cluster_reviewed_applied,latest_pdp_record_should_supersede_stale_record_price_change_not_block_evidence,manual_review_before_materialization,revalidation_required,not_action_grade_masked,not_action_grade,true,false,true,true,sufficient_for_outcome_adjudication,True,latest_pdp_review_pool_snapshot_present,masked_review_state_observed_at_materialization_boundary,not_action_grade_masked_supports_revalidation_required_request_revalidation,none,none,c7cb6fd1e09db039fb08b82d,source_subject_hash:c7cb6fd1e09db039fb08b82d|action_code:manual_review_before_materialization|review_lane:zip10001_shipping_retake|review_priority:high|raw_values_removed:true,operator_visual_verdict:not_action_grade|gpt_visual_review_status:completed|official_guard_status:none|official_guard_reason:none|identity_match:true|price_match:false|seller_comparable:true|availability_confirmed:true
latentatlas_action_time_p0_review_freeze_v1,review-backfill-1ac75a818c5423945b12abf9,real-shadow-event-d752f007010db1707a0b1abd,130,P0,reviewer01_hsyn,2026-07-13T04:18:14+03:00,correct_block,high,cluster_reviewed_applied,masked_availability_uncertain_supports_revalidation,recheck_primary_offer_availability,revalidation_required,availability_or_access_uncertain_masked,unknown_availability,true,false,true,false,sufficient_for_outcome_adjudication,True,not_observed,masked_review_state_observed_at_materialization_boundary,availability_or_access_uncertain_masked_supports_revalidation_required_request_revalidation,none,none,3dbfee305a5517d10d1ba633,source_subject_hash:3dbfee305a5517d10d1ba633|action_code:recheck_primary_offer_availability|review_lane:availability_recheck|review_priority:high|raw_values_removed:true,operator_visual_verdict:unknown_availability|gpt_visual_review_status:completed|official_guard_status:none|official_guard_reason:none|identity_match:true|price_match:false|seller_comparable:true|availability_confirmed:false
latentatlas_action_time_p0_review_freeze_v1,review-backfill-0b9eff33379b232a165e6aca,real-shadow-event-dd3a176ddc3ef7839085d40d,131,P0,reviewer01_hsyn,2026-07-13T03:26:46+03:00,correct_block,high,cluster_reviewed_applied,availability_uncertain_not_action_grade_supports_revalidation,recheck_primary_offer_availability,revalidation_required,availability_or_access_uncertain_masked,not_action_grade,true,true,true,false,sufficient_for_outcome_adjudication,True,not_observed,masked_review_state_observed_at_materialization_boundary,availability_or_access_uncertain_masked_supports_revalidation_required_request_revalidation,none,none,bb1c7ce6e959c3105522c3e8,source_subject_hash:bb1c7ce6e959c3105522c3e8|action_code:recheck_primary_offer_availability|review_lane:availability_recheck|review_priority:high|raw_values_removed:true,operator_visual_verdict:not_action_grade|gpt_visual_review_status:completed|official_guard_status:none|official_guard_reason:none|identity_match:true|price_match:true|seller_comparable:true|availability_confirmed:false
latentatlas_action_time_p0_review_freeze_v1,review-backfill-c291950d1c54ab966cbaca44,real-shadow-event-dd879ba0b4cffbaea1cb2d30,132,P0,reviewer01_hsyn,2026-07-13T09:44:18+03:00,correct_block,high,cluster_reviewed_applied,availability_recheck_correct_when_availability_unconfirmed,recheck_primary_offer_availability,revalidation_required,availability_or_access_uncertain_masked,not_action_grade,true,false,true,false,sufficient_for_outcome_adjudication,True,not_observed,masked_review_state_observed_at_materialization_boundary,availability_or_access_uncertain_masked_supports_revalidation_required_request_revalidation,none,none,159f966a55779e0a01b33ee4,source_subject_hash:159f966a55779e0a01b33ee4|action_code:recheck_primary_offer_availability|review_lane:availability_recheck|review_priority:high|raw_values_removed:true,operator_visual_verdict:not_action_grade|gpt_visual_review_status:completed|official_guard_status:none|official_guard_reason:none|identity_match:true|price_match:false|seller_comparable:true|availability_confirmed:false
latentatlas_action_time_p0_review_freeze_v1,review-backfill-2c3099a307592553a40ec707,real-shadow-event-df403b29dc5ab1dcbac25543,133,P0,reviewer01_hsyn,2026-07-13T09:44:18+03:00,false_block,high,cluster_reviewed_applied,all_visual_flags_true_revalidation_signal_false_block,recheck_primary_offer_availability,revalidation_required,availability_or_access_uncertain_masked,unknown_availability,true,true,true,true,sufficient_for_outcome_adjudication,True,not_observed,masked_review_state_observed_at_materialization_boundary,visible_contradiction_requires_human_adjudication:revalidation_signal_conflicts_with_all_visual_flags_true,none,revalidation_signal_conflicts_with_all_visual_flags_true,5ec5bd997b45e458c0cfac3e,source_subject_hash:5ec5bd997b45e458c0cfac3e|action_code:recheck_primary_offer_availability|review_lane:availability_recheck|review_priority:high|raw_values_removed:true,operator_visual_verdict:unknown_availability|gpt_visual_review_status:completed|official_guard_status:none|official_guard_reason:none|identity_match:true|price_match:true|seller_comparable:true|availability_confirmed:true
latentatlas_action_time_p0_review_freeze_v1,review-backfill-bebe7be11c657354e4653316,real-shadow-event-e01507ba41804cf02975369c,134,P0,reviewer01_hsyn,2026-07-13T09:44:18+03:00,correct_block,high,cluster_reviewed_applied,confirmed_unavailable_supports_availability_recheck,recheck_primary_offer_availability,revalidation_required,availability_or_access_uncertain_masked,confirmed_unavailable,true,true,true,false,sufficient_for_outcome_adjudication,True,not_observed,masked_review_state_observed_at_materialization_boundary,availability_or_access_uncertain_masked_supports_revalidation_required_request_revalidation,none,none,56c5ca1fa629d3ba151d2297,source_subject_hash:56c5ca1fa629d3ba151d2297|action_code:recheck_primary_offer_availability|review_lane:availability_recheck|review_priority:high|raw_values_removed:true,operator_visual_verdict:confirmed_unavailable|gpt_visual_review_status:completed|official_guard_status:none|official_guard_reason:none|identity_match:true|price_match:true|seller_comparable:true|availability_confirmed:false
latentatlas_action_time_p0_review_freeze_v1,review-backfill-86689288dc121a56cea9dd10,real-shadow-event-e24f3c3ef29d41eeff541024,135,P0,reviewer01_hsyn,2026-07-13T02:48:32+03:00,correct_block,high,cluster_reviewed_applied,masked_availability_uncertain_supports_revalidation,recheck_primary_offer_availability,revalidation_required,availability_or_access_uncertain_masked,unknown_availability,true,true,true,false,sufficient_for_outcome_adjudication,True,not_observed,masked_review_state_observed_at_materialization_boundary,availability_or_access_uncertain_masked_supports_revalidation_required_request_revalidation,none,none,b026f663196aa7faca6c0cf6,source_subject_hash:b026f663196aa7faca6c0cf6|action_code:recheck_primary_offer_availability|review_lane:availability_recheck|review_priority:high|raw_values_removed:true,operator_visual_verdict:unknown_availability|gpt_visual_review_status:completed|official_guard_status:none|official_guard_reason:none|identity_match:true|price_match:true|seller_comparable:true|availability_confirmed:false
latentatlas_action_time_p0_review_freeze_v1,review-backfill-2abb9c8f44a21b72d6d8a349,real-shadow-event-e459434081f879e434febabe,136,P0,reviewer01_hsyn,2026-07-13T09:44:18+03:00,false_block,high,cluster_reviewed_applied,all_visual_flags_true_revalidation_signal_false_block,manual_review_before_materialization,revalidation_required,availability_or_access_uncertain_masked,unknown_availability,true,true,true,true,sufficient_for_outcome_adjudication,True,latest_pdp_review_pool_snapshot_present,masked_review_state_observed_at_materialization_boundary,visible_contradiction_requires_human_adjudication:revalidation_signal_conflicts_with_all_visual_flags_true,none,revalidation_signal_conflicts_with_all_visual_flags_true,8d9f07a373680009c69925c6,source_subject_hash:8d9f07a373680009c69925c6|action_code:manual_review_before_materialization|review_lane:zip10001_shipping_retake|review_priority:high|raw_values_removed:true,operator_visual_verdict:unknown_availability|gpt_visual_review_status:completed|official_guard_status:none|official_guard_reason:none|identity_match:true|price_match:true|seller_comparable:true|availability_confirmed:true
latentatlas_action_time_p0_review_freeze_v1,review-backfill-4dd34384b9f4e381bb59f08c,real-shadow-event-e71e2f02ff04a18b1dd362be,137,P0,reviewer01_hsyn,2026-07-13T09:44:18+03:00,needs_more_evidence,high,cluster_reviewed_applied,blocked_pdp_evidence_insufficient_for_outcome_judgment,manual_review_before_materialization,revalidation_required,availability_or_access_uncertain_masked,blocked_pdp,true,false,true,false,sufficient_for_outcome_adjudication,True,latest_pdp_review_pool_snapshot_present,masked_review_state_observed_at_materialization_boundary,availability_or_access_uncertain_masked_supports_revalidation_required_request_revalidation,none,none,e6c1a5cf3bc29b44089b7310,source_subject_hash:e6c1a5cf3bc29b44089b7310|action_code:manual_review_before_materialization|review_lane:zip10001_shipping_retake|review_priority:high|raw_values_removed:true,operator_visual_verdict:blocked_pdp|gpt_visual_review_status:completed|official_guard_status:none|official_guard_reason:none|identity_match:true|price_match:false|seller_comparable:true|availability_confirmed:false
latentatlas_action_time_p0_review_freeze_v1,review-backfill-bd786b2a7a853bb2c4ed5c64,real-shadow-event-e7c36abd47e5116061703f37,138,P0,reviewer01_hsyn,2026-07-13T04:18:14+03:00,correct_block,high,cluster_reviewed_applied,masked_availability_uncertain_supports_revalidation,recheck_primary_offer_availability,revalidation_required,availability_or_access_uncertain_masked,unknown_availability,true,false,true,false,sufficient_for_outcome_adjudication,True,not_observed,masked_review_state_observed_at_materialization_boundary,availability_or_access_uncertain_masked_supports_revalidation_required_request_revalidation,none,none,e8dc32a75ef267ab93678dc2,source_subject_hash:e8dc32a75ef267ab93678dc2|action_code:recheck_primary_offer_availability|review_lane:availability_recheck|review_priority:high|raw_values_removed:true,operator_visual_verdict:unknown_availability|gpt_visual_review_status:completed|official_guard_status:none|official_guard_reason:none|identity_match:true|price_match:false|seller_comparable:true|availability_confirmed:false
latentatlas_action_time_p0_review_freeze_v1,review-backfill-1a5e11aaab2238159be74f3e,real-shadow-event-ebff0651806f68acee347a5b,139,P0,reviewer01_hsyn,2026-07-13T02:48:32+03:00,correct_block,high,cluster_reviewed_applied,masked_availability_uncertain_supports_revalidation,recheck_primary_offer_availability,revalidation_required,availability_or_access_uncertain_masked,unknown_availability,true,true,true,false,sufficient_for_outcome_adjudication,True,not_observed,masked_review_state_observed_at_materialization_boundary,availability_or_access_uncertain_masked_supports_revalidation_required_request_revalidation,none,none,9e6c2b85c16b529452c6823a,source_subject_hash:9e6c2b85c16b529452c6823a|action_code:recheck_primary_offer_availability|review_lane:availability_recheck|review_priority:high|raw_values_removed:true,operator_visual_verdict:unknown_availability|gpt_visual_review_status:completed|official_guard_status:none|official_guard_reason:none|identity_match:true|price_match:true|seller_comparable:true|availability_confirmed:false
latentatlas_action_time_p0_review_freeze_v1,review-backfill-cb998559e1667e8772ca935b,real-shadow-event-ee4b825a2700dca8e364b91c,140,P0,reviewer01_hsyn,2026-07-13T09:44:18+03:00,false_block,medium,cluster_reviewed_applied,latest_pdp_record_should_supersede_stale_record_price_change_not_block_evidence,manual_review_before_materialization,revalidation_required,not_action_grade_masked,not_action_grade,true,false,true,true,sufficient_for_outcome_adjudication,True,latest_pdp_review_pool_snapshot_present,masked_review_state_observed_at_materialization_boundary,not_action_grade_masked_supports_revalidation_required_request_revalidation,none,none,dcfed84493c555ad5ad7144c,source_subject_hash:dcfed84493c555ad5ad7144c|action_code:manual_review_before_materialization|review_lane:zip10001_shipping_retake|review_priority:high|raw_values_removed:true,operator_visual_verdict:not_action_grade|gpt_visual_review_status:completed|official_guard_status:none|official_guard_reason:none|identity_match:true|price_match:false|seller_comparable:true|availability_confirmed:true
latentatlas_action_time_p0_review_freeze_v1,review-backfill-6f9d4a4e9549bf2225cb41fe,real-shadow-event-f0510a06e252bfb2cb0267bc,141,P0,reviewer01_hsyn,2026-07-13T02:48:32+03:00,correct_block,high,cluster_reviewed_applied,masked_availability_uncertain_supports_revalidation,recheck_primary_offer_availability,revalidation_required,availability_or_access_uncertain_masked,unknown_availability,true,true,true,false,sufficient_for_outcome_adjudication,True,not_observed,masked_review_state_observed_at_materialization_boundary,availability_or_access_uncertain_masked_supports_revalidation_required_request_revalidation,none,none,d167db9a40c288c8b05770eb,source_subject_hash:d167db9a40c288c8b05770eb|action_code:recheck_primary_offer_availability|review_lane:availability_recheck|review_priority:high|raw_values_removed:true,operator_visual_verdict:unknown_availability|gpt_visual_review_status:completed|official_guard_status:none|official_guard_reason:none|identity_match:true|price_match:true|seller_comparable:true|availability_confirmed:false
latentatlas_action_time_p0_review_freeze_v1,review-backfill-66b323385c35ad380b4dccde,real-shadow-event-f1b9e30f833cbd4e10c3e6ff,142,P0,reviewer01_hsyn,2026-07-13T09:44:18+03:00,correct_block,high,cluster_reviewed_applied,availability_recheck_correct_when_availability_unconfirmed,recheck_primary_offer_availability,revalidation_required,availability_or_access_uncertain_masked,not_action_grade,true,false,true,false,sufficient_for_outcome_adjudication,True,not_observed,masked_review_state_observed_at_materialization_boundary,availability_or_access_uncertain_masked_supports_revalidation_required_request_revalidation,none,none,f5bd6502f35ae3797cc43a99,source_subject_hash:f5bd6502f35ae3797cc43a99|action_code:recheck_primary_offer_availability|review_lane:availability_recheck|review_priority:high|raw_values_removed:true,operator_visual_verdict:not_action_grade|gpt_visual_review_status:completed|official_guard_status:none|official_guard_reason:none|identity_match:true|price_match:false|seller_comparable:true|availability_confirmed:false
latentatlas_action_time_p0_review_freeze_v1,review-backfill-3fabc461b62bcf7ba611282e,real-shadow-event-f1e463077f35c13375ac94a9,143,P0,reviewer01_hsyn,2026-07-13T04:18:14+03:00,correct_block,high,cluster_reviewed_applied,masked_availability_uncertain_supports_revalidation,recheck_primary_offer_availability,revalidation_required,availability_or_access_uncertain_masked,unknown_availability,true,false,true,false,sufficient_for_outcome_adjudication,True,not_observed,masked_review_state_observed_at_materialization_boundary,availability_or_access_uncertain_masked_supports_revalidation_required_request_revalidation,none,none,808a9482c6c8f4e5fb959146,source_subject_hash:808a9482c6c8f4e5fb959146|action_code:recheck_primary_offer_availability|review_lane:availability_recheck|review_priority:high|raw_values_removed:true,operator_visual_verdict:unknown_availability|gpt_visual_review_status:completed|official_guard_status:none|official_guard_reason:none|identity_match:true|price_match:false|seller_comparable:true|availability_confirmed:false
latentatlas_action_time_p0_review_freeze_v1,review-backfill-8140b9c90a4f3f52c953ff4f,real-shadow-event-f8461de4308de81bc213616c,144,P0,reviewer01_hsyn,2026-07-13T09:44:18+03:00,false_block,medium,cluster_reviewed_applied,latest_pdp_record_should_supersede_stale_record_price_change_not_block_evidence,manual_review_before_materialization,revalidation_required,not_action_grade_masked,not_action_grade,true,false,true,true,sufficient_for_outcome_adjudication,True,latest_pdp_review_pool_snapshot_present,masked_review_state_observed_at_materialization_boundary,not_action_grade_masked_supports_revalidation_required_request_revalidation,none,none,3c44ad8b6d132b83e18464a6,source_subject_hash:3c44ad8b6d132b83e18464a6|action_code:manual_review_before_materialization|review_lane:zip10001_shipping_retake|review_priority:high|raw_values_removed:true,operator_visual_verdict:not_action_grade|gpt_visual_review_status:completed|official_guard_status:none|official_guard_reason:none|identity_match:true|price_match:false|seller_comparable:true|availability_confirmed:true
latentatlas_action_time_p0_review_freeze_v1,review-backfill-07d12d47242a5f22dd575b5b,real-shadow-event-fa448704fdb95f96fd42a5cf,145,P0,reviewer01_hsyn,2026-07-13T02:48:32+03:00,correct_block,high,cluster_reviewed_applied,masked_availability_uncertain_supports_revalidation,recheck_primary_offer_availability,revalidation_required,availability_or_access_uncertain_masked,unknown_availability,true,true,true,false,sufficient_for_outcome_adjudication,True,not_observed,masked_review_state_observed_at_materialization_boundary,availability_or_access_uncertain_masked_supports_revalidation_required_request_revalidation,none,none,23a781f0b5688c312724c180,source_subject_hash:23a781f0b5688c312724c180|action_code:recheck_primary_offer_availability|review_lane:availability_recheck|review_priority:high|raw_values_removed:true,operator_visual_verdict:unknown_availability|gpt_visual_review_status:completed|official_guard_status:none|official_guard_reason:none|identity_match:true|price_match:true|seller_comparable:true|availability_confirmed:false
latentatlas_action_time_p0_review_freeze_v1,review-backfill-2bd820ad4b23ea804c6d7e38,real-shadow-event-faa130c74822f0ae1710e0c9,146,P0,reviewer01_hsyn,2026-07-13T03:26:46+03:00,correct_block,high,cluster_reviewed_applied,availability_uncertain_not_action_grade_supports_revalidation,recheck_primary_offer_availability,revalidation_required,availability_or_access_uncertain_masked,not_action_grade,true,true,true,false,sufficient_for_outcome_adjudication,True,not_observed,masked_review_state_observed_at_materialization_boundary,availability_or_access_uncertain_masked_supports_revalidation_required_request_revalidation,none,none,f763709cd0dac1c4788f60a1,source_subject_hash:f763709cd0dac1c4788f60a1|action_code:recheck_primary_offer_availability|review_lane:availability_recheck|review_priority:high|raw_values_removed:true,operator_visual_verdict:not_action_grade|gpt_visual_review_status:completed|official_guard_status:none|official_guard_reason:none|identity_match:true|price_match:true|seller_comparable:true|availability_confirmed:false
latentatlas_action_time_p0_review_freeze_v1,review-backfill-154b7d39e34ec4deeb6862a2,real-shadow-event-fd0644b1893cef4b24d72c2e,148,P0,reviewer01_hsyn,2026-07-13T09:44:18+03:00,needs_more_evidence,high,cluster_reviewed_applied,fresh_pdp_required_before_stale_price_outcome_judgment,manual_review_before_materialization,revalidation_required,price_or_materialization_conflict_masked,stale_price,true,false,true,true,sufficient_for_outcome_adjudication,True,latest_pdp_review_pool_snapshot_present,masked_review_state_observed_at_materialization_boundary,price_or_materialization_conflict_masked_supports_revalidation_required_request_revalidation,none,none,e834d221110e7c2117615603,source_subject_hash:e834d221110e7c2117615603|action_code:manual_review_before_materialization|review_lane:zip10001_shipping_retake|review_priority:high|raw_values_removed:true,operator_visual_verdict:stale_price|gpt_visual_review_status:completed|official_guard_status:none|official_guard_reason:none|identity_match:true|price_match:false|seller_comparable:true|availability_confirmed:true
latentatlas_action_time_p0_review_freeze_v1,review-backfill-b2868fa137535e7af131881d,real-shadow-event-fe1dd0b2737bc9b4585728c8,149,P0,reviewer01_hsyn,2026-07-13T02:48:32+03:00,correct_block,high,cluster_reviewed_applied,masked_availability_uncertain_supports_revalidation,recheck_primary_offer_availability,revalidation_required,availability_or_access_uncertain_masked,unknown_availability,true,true,true,false,sufficient_for_outcome_adjudication,True,not_observed,masked_review_state_observed_at_materialization_boundary,availability_or_access_uncertain_masked_supports_revalidation_required_request_revalidation,none,none,afd94309f6e3623034d19ac4,source_subject_hash:afd94309f6e3623034d19ac4|action_code:recheck_primary_offer_availability|review_lane:availability_recheck|review_priority:high|raw_values_removed:true,operator_visual_verdict:unknown_availability|gpt_visual_review_status:completed|official_guard_status:none|official_guard_reason:none|identity_match:true|price_match:true|seller_comparable:true|availability_confirmed:false
latentatlas_action_time_p0_review_freeze_v1,review-backfill-d8a74a88c85934011d06e0b4,real-shadow-event-ff000b5385df76aaf6900f92,150,P0,reviewer01_hsyn,2026-07-13T03:26:46+03:00,correct_block,high,cluster_reviewed_applied,availability_uncertain_not_action_grade_supports_revalidation,recheck_primary_offer_availability,revalidation_required,availability_or_access_uncertain_masked,not_action_grade,true,true,true,false,sufficient_for_outcome_adjudication,True,not_observed,masked_review_state_observed_at_materialization_boundary,availability_or_access_uncertain_masked_supports_revalidation_required_request_revalidation,none,none,8d60a5d654e1e03ba82e4d2d,source_subject_hash:8d60a5d654e1e03ba82e4d2d|action_code:recheck_primary_offer_availability|review_lane:availability_recheck|review_priority:high|raw_values_removed:true,operator_visual_verdict:not_action_grade|gpt_visual_review_status:completed|official_guard_status:none|official_guard_reason:none|identity_match:true|price_match:true|seller_comparable:true|availability_confirmed:false
latentatlas_action_time_p0_review_freeze_v1,review-backfill-f8842571a6921fd0467a3bca,real-shadow-event-ff8de29daf5f8fd89abaa71a,151,P0,reviewer01_hsyn,2026-07-13T02:48:32+03:00,correct_block,high,cluster_reviewed_applied,masked_availability_uncertain_supports_revalidation,recheck_primary_offer_availability,revalidation_required,availability_or_access_uncertain_masked,unknown_availability,true,true,true,false,sufficient_for_outcome_adjudication,True,not_observed,masked_review_state_observed_at_materialization_boundary,availability_or_access_uncertain_masked_supports_revalidation_required_request_revalidation,none,none,15451e8d17cc071308776eea,source_subject_hash:15451e8d17cc071308776eea|action_code:recheck_primary_offer_availability|review_lane:availability_recheck|review_priority:high|raw_values_removed:true,operator_visual_verdict:unknown_availability|gpt_visual_review_status:completed|official_guard_status:none|official_guard_reason:none|identity_match:true|price_match:true|seller_comparable:true|availability_confirmed:false
